_step,train/grad_norm,train/loss,train/entropy,train/num_tokens,train/learning_rate,_timestamp,train/epoch,train/global_step,_runtime,train/mean_token_accuracy
0,0.12397613376379013,1.6152849197387695,1.138671875,136478.0,0.0002,1766068276.5308979,0.0021436227224008574,1,21.239049679,0.6625781506299973
1,0.1530623584985733,1.6057827472686768,1.1796875,291874.0,0.0002,1766068287.6815639,0.004287245444801715,2,32.389569444,0.6537007987499237
2,0.15537643432617188,1.4780144691467285,1.189453125,444153.0,0.0002,1766068298.0258992,0.006430868167202572,3,42.733909365,0.6748758852481842
3,0.09695401787757874,1.4483859539031982,1.30859375,591753.0,0.0002,1766068308.3078067,0.00857449088960343,4,53.015817009,0.6730871945619583
4,0.08568300306797028,1.3643171787261963,1.3515625,736381.0,0.0002,1766068318.4848144,0.010718113612004287,5,63.192823706,0.6919312924146652
5,0.10256216675043106,1.2814767360687256,1.33984375,896047.0,0.0002,1766068329.0695508,0.012861736334405145,6,73.777548875,0.7050672322511673
6,0.1895134598016739,1.267223596572876,1.34765625,1061785.0,0.0002,1766068339.929937,0.015005359056806002,7,84.637948145,0.7051825970411301
7,0.16273656487464905,1.2015199661254883,1.33984375,1211545.0,0.0002,1766068350.305536,0.01714898177920686,8,95.013577285,0.7180028855800629
8,0.12960414588451385,1.0940008163452148,1.197265625,1372650.0,0.0002,1766068361.3251119,0.01929260450160772,9,106.03312112,0.740281879901886
9,0.17431730031967163,1.0634610652923584,1.08984375,1515603.0,0.0002,1766068371.7037978,0.021436227224008574,10,116.411797133,0.7426444590091705
10,0.17210710048675537,1.017662763595581,1.029296875,1662576.0,0.0002,1766068382.7143264,0.023579849946409433,11,127.422362349,0.7543458193540573
11,0.11267060786485672,0.9362775087356567,0.9091796875,1814378.0,0.0002,1766068393.3107653,0.02572347266881029,12,138.01879604,0.7745136320590973
12,0.08116941154003143,0.9301643371582031,0.8916015625,1970255.0,0.0002,1766068403.7935424,0.027867095391211148,13,148.501572548,0.774319127202034
13,0.07733681052923203,0.9609754085540771,0.92578125,2133812.0,0.0002,1766068414.3451462,0.030010718113612004,14,159.053182001,0.7657164335250854
14,0.21100343763828278,0.9128142595291138,0.8955078125,2283710.0,0.0002,1766068424.8961163,0.03215434083601286,15,169.604126324,0.7744311988353729
15,0.07031428813934326,0.9240717887878418,0.900390625,2439054.0,0.0002,1766068435.626801,0.03429796355841372,16,180.334750074,0.773425504565239
16,0.04858357086777687,0.883020281791687,0.86328125,2589694.0,0.0002,1766068445.9590876,0.03644158628081458,17,190.667078407,0.783080443739891
17,0.040140677243471146,0.9081160426139832,0.904296875,2751720.0,0.0002,1766068456.3398314,0.03858520900321544,18,201.047814267,0.7725014239549637
18,0.037649016827344894,0.9067923426628113,0.8857421875,2914410.0,0.0002,1766068467.1419675,0.04072883172561629,19,211.849938889,0.7750984728336334
19,0.03920226916670799,0.9263058304786682,0.90234375,3058759.0,0.0002,1766068477.642712,0.04287245444801715,20,222.350698924,0.7715977132320404
20,0.033023059368133545,0.8935697674751282,0.8701171875,3216454.0,0.0002,1766068488.0215933,0.04501607717041801,21,232.729593113,0.777647465467453
21,0.030162490904331207,0.8925501704216003,0.87890625,3377358.0,0.0002,1766068498.495758,0.04715969989281887,22,243.203775115,0.7768993228673935
22,0.029066147282719612,0.8909810781478882,0.8798828125,3536970.0,0.0002,1766068509.014647,0.04930332261521972,23,253.72267209,0.7793570756912231
23,0.027854016050696373,0.873412013053894,0.8681640625,3686518.0,0.0002,1766068519.3002596,0.05144694533762058,24,264.008263787,0.7804491370916367
24,0.023889953270554543,0.9169455766677856,0.9013671875,3852788.0,0.0002,1766068529.87233,0.05359056806002144,25,274.580339225,0.771188884973526
25,0.022289827466011047,0.8644547462463379,0.845703125,4015348.0,0.0002,1766068540.2837772,0.055734190782422297,26,284.991780115,0.783864751458168
26,0.020974183455109596,0.9397783279418945,0.91796875,4167723.0,0.0002,1766068550.9175339,0.05787781350482315,27,295.625533959,0.7659201622009277
27,0.020044365897774696,0.8370307087898254,0.830078125,4310733.0,0.0002,1766068561.786186,0.06002143622722401,28,306.494196377,0.7899035513401031
28,0.019452767446637154,0.8631564378738403,0.859375,4464853.0,0.0002,1766068572.1232128,0.06216505894962487,29,316.831204513,0.7828507870435715
29,0.016533847898244858,0.9195538759231567,0.9033203125,4632164.0,0.0002,1766068582.8552294,0.06430868167202572,30,327.563257141,0.7716603428125381
30,0.018524879589676857,0.8461266160011292,0.8447265625,4786404.0,0.0002,1766068593.5817566,0.06645230439442658,31,338.289763023,0.7880787402391434
31,0.01632610335946083,0.9006286859512329,0.8896484375,4952020.0,0.0002,1766068604.441588,0.06859592711682744,32,349.149582484,0.7747242599725723
32,0.016543125733733177,0.836982250213623,0.8369140625,5103436.0,0.0002,1766068614.8599072,0.0707395498392283,33,359.567909529,0.7892168462276459
33,0.01584840752184391,0.84600830078125,0.8505859375,5260905.0,0.0002,1766068625.3211184,0.07288317256162916,34,370.029123886,0.7867174297571182
34,0.01498028077185154,0.8336094617843628,0.830078125,5414919.0,0.0002,1766068635.8230956,0.07502679528403002,35,380.531030825,0.7893712222576141
35,0.014794907532632351,0.8484852313995361,0.84375,5571488.0,0.0002,1766068646.3692315,0.07717041800643087,36,391.077220748,0.7841493934392929
36,0.015950046479701996,0.8439823389053345,0.83984375,5715314.0,0.0002,1766068656.6448898,0.07931404072883172,37,401.35289057,0.7884809970855713
37,0.013752399012446404,0.8624723553657532,0.8349609375,5880072.0,0.0002,1766068667.5434349,0.08145766345123258,38,412.251430963,0.7840311676263809
38,0.015332052484154701,0.8559801578521729,0.8359375,6027787.0,0.0002,1766068678.019087,0.08360128617363344,39,422.727090619,0.784087523818016
39,0.014698682352900505,0.8639252781867981,0.8564453125,6182451.0,0.0002,1766068688.290007,0.0857449088960343,40,432.997992229,0.7824335694313049
40,0.013557607308030128,0.8774070739746094,0.8720703125,6350183.0,0.0002,1766068699.3098004,0.08788853161843516,41,444.017784693,0.7774840146303177
41,0.014422513544559479,0.8751633167266846,0.859375,6514419.0,0.0002,1766068710.113464,0.09003215434083602,42,454.82142705,0.779262900352478
42,0.014559068717062473,0.8382272720336914,0.845703125,6666816.0,0.0002,1766068720.4973826,0.09217577706323687,43,465.205349717,0.786608025431633
43,0.013597958721220493,0.897305965423584,0.8779296875,6837531.0,0.0002,1766068731.9405408,0.09431939978563773,44,476.648514881,0.7724500447511673
44,0.013808155432343483,0.8775861263275146,0.8701171875,6987565.0,0.0002,1766068743.1149223,0.09646302250803858,45,487.82292218,0.7752677500247955
45,0.013983733020722866,0.83225417137146,0.828125,7136498.0,0.0002,1766068753.494708,0.09860664523043944,46,498.202695063,0.7893161922693253
46,0.013861148618161678,0.8322099447250366,0.8173828125,7288181.0,0.0002,1766068763.6576905,0.1007502679528403,47,508.365680019,0.7896825820207596
47,0.013211576268076897,0.9290456175804138,0.9111328125,7464651.0,0.0002,1766068774.9332836,0.10289389067524116,48,519.641300764,0.7668975293636322
48,0.013027681969106197,0.8415065407752991,0.828125,7622815.0,0.0002,1766068785.3445902,0.10503751339764202,49,530.052586652,0.7870578616857529
49,0.013510242104530334,0.8234059810638428,0.833984375,7773244.0,0.0002,1766068795.7298548,0.10718113612004287,50,540.437801519,0.7905701249837875
50,0.01409873552620411,0.8512241840362549,0.8369140625,7920966.0,0.0002,1766068806.1668065,0.10932475884244373,51,550.874766721,0.7844737768173218
51,0.014614640735089779,0.8334343433380127,0.8203125,8071403.0,0.0002,1766068816.639623,0.11146838156484459,52,561.347592387,0.7897618561983109
52,0.01325037982314825,0.8448167443275452,0.828125,8223735.0,0.0002,1766068826.9052553,0.11361200428724544,53,571.613239161,0.787069782614708
53,0.014921602793037891,0.8129113912582397,0.796875,8369108.0,0.0002,1766068837.1927657,0.1157556270096463,54,581.90075772,0.7946260273456573
54,0.014192063361406326,0.9078690409660339,0.888671875,8540259.0,0.0002,1766068847.9764695,0.11789924973204716,55,592.684474402,0.7707692682743073
55,0.013285519555211067,0.8806048631668091,0.8701171875,8697806.0,0.0002,1766068858.3535728,0.12004287245444802,56,603.06158093,0.7787703573703766
56,0.013897614553570747,0.8443191051483154,0.8427734375,8860538.0,0.0002,1766068869.0546017,0.12218649517684887,57,613.762599899,0.785927802324295
57,0.014608358033001423,0.8507730960845947,0.841796875,9011954.0,0.0002,1766068879.3338985,0.12433011789924973,58,624.041894891,0.7846302390098572
58,0.013457675464451313,0.8581666946411133,0.8505859375,9181534.0,0.0002,1766068889.8669093,0.1264737406216506,59,634.574915899,0.7834325432777405
59,0.01320694200694561,0.844030499458313,0.8447265625,9346316.0,0.0002,1766068900.3651028,0.12861736334405144,60,645.073080777,0.7844138145446777
60,0.013741221278905869,0.8016929030418396,0.79296875,9496978.0,0.0002,1766068911.504455,0.1307609860664523,61,656.212460322,0.7991034239530563
61,0.0145011181011796,0.891692042350769,0.87109375,9655008.0,0.0002,1766068922.2467463,0.13290460878885316,62,666.954747549,0.7741929143667221
62,0.013671515509486198,0.7821033596992493,0.7822265625,9801101.0,0.0002,1766068932.4962842,0.13504823151125403,63,677.20426743,0.8009890466928482
63,0.014692415483295918,0.834099292755127,0.822265625,9960325.0,0.0002,1766068943.1828828,0.13719185423365488,64,687.890869495,0.7905350625514984
64,0.014291391707956791,0.8622970581054688,0.8505859375,10111059.0,0.0002,1766068953.4024267,0.13933547695605572,65,698.110413575,0.7826166450977325
65,0.01527486927807331,0.8182845711708069,0.8134765625,10251034.0,0.0002,1766068963.4440315,0.1414790996784566,66,708.151998617,0.7929258197546005
66,0.013874015770852566,0.8681575655937195,0.84765625,10407482.0,0.0002,1766068974.229651,0.14362272240085744,67,718.937652181,0.7818584591150284
67,0.014299914240837097,0.8570194244384766,0.8515625,10557528.0,0.0002,1766068984.52798,0.1457663451232583,68,729.235964805,0.7836089730262756
68,0.014131302945315838,0.8290456533432007,0.8212890625,10706930.0,0.0002,1766068994.8576002,0.14790996784565916,69,739.565587145,0.7904408723115921
69,0.014467060565948486,0.847216784954071,0.830078125,10871147.0,0.0002,1766069005.696203,0.15005359056806003,70,750.404142096,0.7852415591478348
70,0.01388237439095974,0.8279223442077637,0.830078125,11027209.0,0.0002,1766069016.178855,0.15219721329046088,71,760.886812062,0.7883296757936478
71,0.015361207537353039,0.8434193730354309,0.837890625,11177583.0,0.0002,1766069026.6511433,0.15434083601286175,72,771.359134066,0.7848332226276398
72,0.014439467340707779,0.8726358413696289,0.8662109375,11346786.0,0.0002,1766069037.4851696,0.1564844587352626,73,782.193149837,0.778946191072464
73,0.014989856630563736,0.8557299375534058,0.84375,11505060.0,0.0002,1766069047.953081,0.15862808145766344,74,792.661089158,0.782882571220398
74,0.015589933842420578,0.840671181678772,0.830078125,11654055.0,0.0002,1766069058.110726,0.1607717041800643,75,802.818710061,0.7845513969659805
75,0.015472408384084702,0.8412013053894043,0.830078125,11807103.0,0.0002,1766069068.5937252,0.16291532690246516,76,813.301712064,0.7869361937046051
76,0.01467737928032875,0.8551878929138184,0.841796875,11968632.0,0.0002,1766069079.2848475,0.16505894962486603,77,823.992827947,0.7836270779371262
77,0.014274592511355877,0.823745608329773,0.8212890625,12128042.0,0.0002,1766069090.7563896,0.16720257234726688,78,835.464380317,0.7910660356283188
78,0.014670589938759804,0.854468584060669,0.837890625,12285444.0,0.0002,1766069101.3939679,0.16934619506966775,79,846.101960501,0.7860690057277679
79,0.015855085104703903,0.8622022867202759,0.837890625,12441830.0,0.0002,1766069111.7642674,0.1714898177920686,80,856.472363313,0.7818408310413361
80,0.01575705222785473,0.8754092454910278,0.8515625,12601120.0,0.0002,1766069122.643018,0.17363344051446947,81,867.351033475,0.7776740938425064
81,0.015348002314567566,0.8004566431045532,0.8046875,12760179.0,0.0002,1766069133.2650797,0.1757770632368703,82,877.973209667,0.796592190861702
82,0.016330977901816368,0.8355342149734497,0.8369140625,12907303.0,0.0002,1766069143.591315,0.17792068595927116,83,888.299302044,0.7880960553884506
83,0.018248824402689934,0.8242398500442505,0.8212890625,13045475.0,0.0002,1766069153.9800515,0.18006430868167203,84,898.68803269,0.7912033349275589
84,0.016902390867471695,0.8752774000167847,0.8662109375,13200500.0,0.0002,1766069164.5136826,0.18220793140407288,85,909.221690914,0.7767052352428436
85,0.01696684956550598,0.8633150458335876,0.8408203125,13358721.0,0.0002,1766069174.7924407,0.18435155412647375,86,919.500504577,0.7816489487886429
86,0.0170840322971344,0.8182413578033447,0.8076171875,13498890.0,0.0002,1766069185.3514256,0.1864951768488746,87,930.059430137,0.7905208915472031
87,0.015861883759498596,0.849014401435852,0.83203125,13661873.0,0.0002,1766069196.1113253,0.18863879957127547,88,940.819293143,0.785940483212471
88,0.015414861030876637,0.8915852308273315,0.87890625,13827600.0,0.0002,1766069206.8292122,0.1907824222936763,89,951.537322897,0.7723405808210373
89,0.015796557068824768,0.867356538772583,0.86328125,13990689.0,0.0002,1766069217.6342936,0.19292604501607716,90,962.342268089,0.7781645655632019
90,0.017876524478197098,0.8422439694404602,0.845703125,14144659.0,0.0002,1766069228.3307824,0.19506966773847803,91,973.038789197,0.7878616452217102
91,0.01633520796895027,0.8436563014984131,0.8359375,14311320.0,0.0002,1766069239.118991,0.19721329046087888,92,983.826976361,0.7850444614887238
92,0.01545645110309124,0.8852483034133911,0.87109375,14478917.0,0.0002,1766069250.0122137,0.19935691318327975,93,994.720199775,0.7775592356920242
93,0.017618585377931595,0.8429394364356995,0.830078125,14630414.0,0.0002,1766069260.8769677,0.2015005359056806,94,1005.584934154,0.785994365811348
94,0.0191936157643795,0.8325799703598022,0.8193359375,14774060.0,0.0002,1766069271.4915376,0.20364415862808147,95,1016.199536374,0.787994459271431
95,0.0172570813447237,0.8182113766670227,0.8173828125,14917027.0,0.0002,1766069282.0246952,0.2057877813504823,96,1026.732681121,0.7909290790557861
96,0.016591057181358337,0.783023476600647,0.7802734375,15065709.0,0.0002,1766069292.4046595,0.20793140407288319,97,1037.112645043,0.7978071868419647
97,0.01692267321050167,0.8641501069068909,0.861328125,15215369.0,0.0002,1766069303.0084636,0.21007502679528403,98,1047.716440318,0.7797507494688034
98,0.016759563237428665,0.8381243944168091,0.830078125,15373086.0,0.0002,1766069313.7476227,0.21221864951768488,99,1058.455624984,0.7866599708795547
99,0.016780750826001167,0.8019806146621704,0.7802734375,15527490.0,0.0002,1766069324.4240253,0.21436227224008575,100,1069.132027144,0.7970784306526184
100,0.01737384684383869,0.7955252528190613,0.7802734375,15682731.0,0.0002,1766069337.1010652,0.2165058949624866,101,1081.809044117,0.7979176789522171
101,0.017831621691584587,0.8356808423995972,0.806640625,15842012.0,0.0002,1766069347.5186067,0.21864951768488747,102,1092.226599214,0.7893933653831482
102,0.017107244580984116,0.8522469997406006,0.830078125,15997454.0,0.0002,1766069358.0156152,0.2207931404072883,103,1102.723599034,0.7818294316530228
103,0.016359344124794006,0.8309133648872375,0.828125,16161913.0,0.0002,1766069368.6925192,0.22293676312968919,104,1113.400471833,0.7861316204071045
104,0.01674610562622547,0.8500003814697266,0.8359375,16331814.0,0.0002,1766069379.560588,0.22508038585209003,105,1124.268575923,0.784039318561554
105,0.017689207568764687,0.8447589874267578,0.83203125,16483176.0,0.0002,1766069390.047722,0.22722400857449088,106,1134.755677192,0.7867494523525238
106,0.016264405101537704,0.8534350395202637,0.8291015625,16637340.0,0.0002,1766069400.587809,0.22936763129689175,107,1145.295785368,0.7853562235832214
107,0.01860150694847107,0.8616220951080322,0.8359375,16792381.0,0.0002,1766069411.1529984,0.2315112540192926,108,1155.860972015,0.7822230160236359
108,0.018324948847293854,0.8692775964736938,0.8427734375,16957880.0,0.0002,1766069422.0169625,0.23365487674169347,109,1166.725065186,0.782414123415947
109,0.017090890556573868,0.8180668354034424,0.8076171875,17111257.0,0.0002,1766069432.5780504,0.2357984994640943,110,1177.286138388,0.7929624915122986
110,0.017442606389522552,0.8119331002235413,0.806640625,17271677.0,0.0002,1766069444.1069858,0.2379421221864952,111,1188.815072419,0.7929791361093521
111,0.018043044954538345,0.812286376953125,0.806640625,17421950.0,0.0002,1766069454.7398853,0.24008574490889603,112,1199.447885678,0.794072300195694
112,0.01666123978793621,0.8422331213951111,0.837890625,17595266.0,0.0002,1766069465.5070522,0.2422293676312969,113,1210.215131278,0.7826861590147018
113,0.018193133175373077,0.8374800682067871,0.8212890625,17750019.0,0.0002,1766069476.1531694,0.24437299035369775,114,1220.86113845,0.7874115854501724
114,0.01873881183564663,0.7916791439056396,0.7705078125,17909296.0,0.0002,1766069486.644593,0.2465166130760986,115,1231.352576528,0.7991078197956085
115,0.01784147508442402,0.8068286776542664,0.80078125,18066102.0,0.0002,1766069497.17659,0.24866023579849947,116,1241.884649132,0.7939735502004623
116,0.01626434735953808,0.8476364612579346,0.845703125,18229520.0,0.0002,1766069507.8292415,0.2508038585209003,117,1252.537307626,0.7843800187110901
117,0.017663760110735893,0.8523736596107483,0.8486328125,18386714.0,0.0002,1766069518.618958,0.2529474812433012,118,1263.326979709,0.7835313379764557
118,0.017534740269184113,0.8090893030166626,0.8017578125,18540066.0,0.0002,1766069529.1039639,0.25509110396570206,119,1273.811957896,0.7931172996759415
119,0.016432849690318108,0.9080706834793091,0.876953125,18714326.0,0.0002,1766069540.1955373,0.2572347266881029,120,1284.903536391,0.7694727331399918
120,0.0189653467386961,0.8180972337722778,0.8203125,18859201.0,0.0002,1766069550.472242,0.25937834941050375,121,1295.180248452,0.7914933413267136
121,0.017375435680150986,0.8429262638092041,0.81640625,19028054.0,0.0002,1766069561.2194092,0.2615219721329046,122,1305.927381651,0.7825549095869064
122,0.02151867002248764,0.8324311971664429,0.81640625,19172600.0,0.0002,1766069571.4650545,0.26366559485530544,123,1316.173051762,0.7886347621679306
123,0.01933111995458603,0.7990962266921997,0.796875,19320735.0,0.0002,1766069581.7078993,0.2658092175777063,124,1326.41589831,0.795600637793541
124,0.017605582252144814,0.8120628595352173,0.80859375,19478186.0,0.0002,1766069592.5170982,0.2679528403001072,125,1337.225072887,0.7939205765724182
125,0.018540360033512115,0.833324134349823,0.8203125,19632389.0,0.0002,1766069603.0814583,0.27009646302250806,126,1347.789456307,0.7873508036136627
126,0.019086796790361404,0.8371663689613342,0.8310546875,19782180.0,0.0002,1766069614.214619,0.2722400857449089,127,1358.92259403,0.7865714579820633
127,0.018302900716662407,0.8246759176254272,0.8095703125,19939549.0,0.0002,1766069625.272882,0.27438370846730975,128,1369.980861582,0.7890285104513168
128,0.02005360834300518,0.8142391443252563,0.7861328125,20091179.0,0.0002,1766069635.770253,0.2765273311897106,129,1380.47820666,0.7932023108005524
129,0.019082846119999886,0.8148236274719238,0.810546875,20241815.0,0.0002,1766069646.0927129,0.27867095391211144,130,1390.800691511,0.7934034764766693
130,0.018475055694580078,0.8635669350624084,0.8505859375,20395492.0,0.0002,1766069656.6929283,0.2808145766345123,131,1401.400975992,0.7788818627595901
131,0.01902918517589569,0.79354327917099,0.7978515625,20544997.0,0.0002,1766069667.073963,0.2829581993569132,132,1411.782020198,0.7977946996688843
132,0.018271273002028465,0.8427805304527283,0.8330078125,20703182.0,0.0002,1766069677.6545084,0.28510182207931406,133,1422.362606859,0.7839483767747879
133,0.017721053212881088,0.8093581199645996,0.80859375,20859038.0,0.0002,1766069688.1063344,0.2872454448017149,134,1432.814394381,0.7938779890537262
134,0.020401252433657646,0.8293322920799255,0.8125,21014791.0,0.0002,1766069698.7808628,0.28938906752411575,135,1443.488886093,0.7887278497219086
135,0.019532572478055954,0.7956184148788452,0.7724609375,21163304.0,0.0002,1766069709.268348,0.2915326902465166,136,1453.976362079,0.7958857715129852
136,0.017771011218428612,0.8884037733078003,0.8564453125,21331702.0,0.0002,1766069720.1250396,0.2936763129689175,137,1464.833040348,0.7746685445308685
137,0.01875915378332138,0.869935929775238,0.86328125,21494028.0,0.0002,1766069731.0020373,0.2958199356913183,138,1475.710033993,0.7767297327518463
138,0.019559279084205627,0.8302911520004272,0.8212890625,21639129.0,0.0002,1766069741.1898465,0.2979635584137192,139,1485.897821851,0.7878558039665222
139,0.019998673349618912,0.8528131246566772,0.8408203125,21793420.0,0.0002,1766069751.6890767,0.30010718113612006,140,1496.397097118,0.7820811569690704
140,0.021460333839058876,0.8842535018920898,0.8583984375,21962442.0,0.0002,1766069762.2582695,0.3022508038585209,141,1506.966351306,0.7746709734201431
141,0.018382351845502853,0.8760583400726318,0.85546875,22124523.0,0.0002,1766069773.1986978,0.30439442658092175,142,1517.906715271,0.7759883403778076
142,0.019776733592152596,0.8661487102508545,0.85546875,22281646.0,0.0002,1766069784.0006874,0.3065380493033226,143,1528.70869358,0.7792328149080276
143,0.01856604404747486,0.8245666027069092,0.814453125,22447203.0,0.0002,1766069795.4663959,0.3086816720257235,144,1540.174399875,0.7909998595714569
144,0.01840837486088276,0.7975054979324341,0.7802734375,22599837.0,0.0002,1766069806.5520575,0.3108252947481243,145,1551.260048614,0.7963497042655945
145,0.019023356959223747,0.8152505159378052,0.791015625,22752042.0,0.0002,1766069816.9771352,0.3129689174705252,146,1561.685124052,0.7924040108919144
146,0.0202677883207798,0.7884218692779541,0.779296875,22903889.0,0.0002,1766069827.3424387,0.31511254019292606,147,1572.050435779,0.7979812771081924
147,0.019409339874982834,0.8183584809303284,0.8173828125,23056850.0,0.0002,1766069838.0499556,0.3172561629153269,148,1582.757971414,0.7909197807312012
148,0.019188420847058296,0.8212466239929199,0.8134765625,23221010.0,0.0002,1766069848.8226004,0.31939978563772775,149,1593.530602244,0.7910099625587463
149,0.018803589046001434,0.8613042235374451,0.8408203125,23388358.0,0.0002,1766069859.7706132,0.3215434083601286,150,1604.478603641,0.7811263352632523
150,0.019806385040283203,0.7865654826164246,0.779296875,23536180.0,0.0002,1766069870.5207448,0.3236870310825295,151,1615.228725032,0.7993853539228439
151,0.019596075639128685,0.830841064453125,0.8125,23692825.0,0.0002,1766069881.0754662,0.3258306538049303,152,1625.783451395,0.7911518812179565
152,0.019346220418810844,0.8452969789505005,0.8251953125,23850093.0,0.0002,1766069891.7447834,0.3279742765273312,153,1636.452776128,0.7840152829885483
153,0.020260361954569817,0.8437658548355103,0.822265625,24007972.0,0.0002,1766069902.473126,0.33011789924973206,154,1647.181114264,0.7828959375619888
154,0.018480993807315826,0.8526124954223633,0.8369140625,24163729.0,0.0002,1766069913.334691,0.3322615219721329,155,1658.042752115,0.7848972976207733
155,0.0194130539894104,0.8237216472625732,0.810546875,24322552.0,0.0002,1766069924.0596454,0.33440514469453375,156,1668.767727595,0.7897044122219086
156,0.01909077912569046,0.8576942682266235,0.841796875,24480763.0,0.0002,1766069935.1783984,0.3365487674169346,157,1679.886401882,0.7831232696771622
157,0.019739905372262,0.8122961521148682,0.806640625,24632721.0,0.0002,1766069945.9873557,0.3386923901393355,158,1690.695296464,0.7930488884449005
158,0.018645545467734337,0.8261005282402039,0.8056640625,24790405.0,0.0002,1766069956.570983,0.3408360128617363,159,1701.279045171,0.7874316424131393
159,0.01881474070250988,0.8136078715324402,0.7978515625,24948236.0,0.0002,1766069967.3550851,0.3429796355841372,160,1712.063085741,0.7901777923107147
160,0.01897674798965454,0.8517588376998901,0.8271484375,25104536.0,0.0002,1766069978.7708952,0.34512325830653806,161,1723.478892257,0.7829474210739136
161,0.019850263372063637,0.7892916798591614,0.787109375,25256579.0,0.0002,1766069989.3571877,0.34726688102893893,162,1734.065201006,0.797455221414566
162,0.01877887174487114,0.7768017053604126,0.763671875,25409320.0,0.0002,1766070000.0329585,0.34941050375133975,163,1744.741097731,0.8012976199388504
163,0.018773067742586136,0.785966157913208,0.771484375,25562967.0,0.0002,1766070010.874268,0.3515541264737406,164,1755.582224582,0.800780326128006
164,0.019550591707229614,0.8382044434547424,0.814453125,25721295.0,0.0002,1766070021.6533713,0.3536977491961415,165,1766.361355122,0.7864280343055725
165,0.020228320732712746,0.8172153234481812,0.8037109375,25885949.0,0.0002,1766070032.5018165,0.3558413719185423,166,1777.209970391,0.7907995879650116
166,0.020298238843679428,0.801433801651001,0.8056640625,26030506.0,0.0002,1766070042.7396367,0.3579849946409432,167,1787.447612091,0.793740913271904
167,0.019657190889120102,0.8310198783874512,0.8115234375,26182990.0,0.0002,1766070053.061054,0.36012861736334406,168,1797.769051281,0.7897370606660843
168,0.020105833187699318,0.8517252206802368,0.8291015625,26343358.0,0.0002,1766070063.6042662,0.36227224008574493,169,1808.312261304,0.7821934223175049
169,0.019889481365680695,0.814096212387085,0.8095703125,26491958.0,0.0002,1766070074.0553424,0.36441586280814575,170,1818.763339159,0.7923164814710617
170,0.018815957009792328,0.8472147583961487,0.8427734375,26658656.0,0.0002,1766070084.8274326,0.3665594855305466,171,1829.535445469,0.7846787422895432
171,0.02291063591837883,0.7865433096885681,0.783203125,26795502.0,0.0002,1766070095.1313918,0.3687031082529475,172,1839.839391452,0.8011298924684525
172,0.020522942766547203,0.8341742157936096,0.8232421875,26940198.0,0.0002,1766070105.608849,0.3708467309753483,173,1850.316805811,0.7885773181915283
173,0.019224930554628372,0.8101215362548828,0.798828125,27101142.0,0.0002,1766070116.3126135,0.3729903536977492,174,1861.020671967,0.793949618935585
174,0.020596330985426903,0.8425029516220093,0.83203125,27268420.0,0.0002,1766070127.0077202,0.37513397642015006,175,1871.715782127,0.7852155417203903
175,0.02083882875740528,0.8455345630645752,0.830078125,27427285.0,0.0002,1766070137.661724,0.37727759914255093,176,1882.369798921,0.7834633588790894
176,0.02008870802819729,0.8140333294868469,0.8115234375,27578925.0,0.0002,1766070148.0631783,0.37942122186495175,177,1892.77115794,0.7917841672897339
177,0.020625436678528786,0.8258554935455322,0.8056640625,27725657.0,0.0002,1766070159.7730503,0.3815648445873526,178,1904.48103786,0.7912371307611465
178,0.021606523543596268,0.7835972309112549,0.779296875,27878203.0,0.0002,1766070170.45748,0.3837084673097535,179,1915.165473281,0.8014975041151047
179,0.020099632441997528,0.8270246982574463,0.814453125,28034489.0,0.0002,1766070181.1021206,0.3858520900321543,180,1925.810110209,0.789434403181076
180,0.02050447277724743,0.8331546783447266,0.81640625,28195409.0,0.0002,1766070192.060877,0.3879957127545552,181,1936.768853555,0.7882829755544662
181,0.019625309854745865,0.8215510845184326,0.8125,28355381.0,0.0002,1766070202.919773,0.39013933547695606,182,1947.627777294,0.791022390127182
182,0.02405998855829239,0.7603237628936768,0.7578125,28494289.0,0.0002,1766070213.1762536,0.39228295819935693,183,1957.884397179,0.8068200945854187
183,0.019400645047426224,0.7872269153594971,0.7734375,28654839.0,0.0002,1766070223.7483096,0.39442658092175775,184,1968.456381111,0.7977117896080017
184,0.022222332656383514,0.8408178091049194,0.8173828125,28824215.0,0.0002,1766070234.7097013,0.3965702036441586,185,1979.41770842,0.7875210791826248
185,0.021870315074920654,0.821371853351593,0.8046875,28979816.0,0.0002,1766070244.961495,0.3987138263665595,186,1989.669562178,0.7918961197137833
186,0.019423268735408783,0.818089485168457,0.8017578125,29140194.0,0.0002,1766070255.6206465,0.4008574490889603,187,2000.328630781,0.7915207743644714
187,0.023538382723927498,0.808336079120636,0.806640625,29289856.0,0.0002,1766070266.543558,0.4030010718113612,188,2011.251626341,0.7925257086753845
188,0.019346224144101143,0.8034839630126953,0.7958984375,29450071.0,0.0002,1766070277.1642096,0.40514469453376206,189,2021.872264065,0.7928357422351837
189,0.02000330574810505,0.8576791286468506,0.830078125,29617171.0,0.0002,1766070287.737479,0.40728831725616294,190,2032.445533293,0.7826687097549438
190,0.022455185651779175,0.791829526424408,0.7705078125,29770828.0,0.0002,1766070298.3714385,0.40943193997856375,191,2043.079533444,0.7983540296554565
191,0.01982049085199833,0.8326870799064636,0.8017578125,29932497.0,0.0002,1766070309.1198545,0.4115755627009646,192,2053.827858555,0.7877070158720016
192,0.0206766314804554,0.8427115082740784,0.8349609375,30089241.0,0.0002,1766070319.6539166,0.4137191854233655,193,2064.361896679,0.7832061201334
193,0.020291611552238464,0.8113728761672974,0.7900390625,30242385.0,0.0002,1766070330.966992,0.41586280814576637,194,2075.675101013,0.7917808145284653
194,0.01989641785621643,0.8261622190475464,0.8193359375,30395930.0,0.0002,1766070341.7416432,0.4180064308681672,195,2086.449708113,0.7884683758020401
195,0.019335517659783363,0.8279762864112854,0.818359375,30557409.0,0.0002,1766070352.7094963,0.42015005359056806,196,2097.417502229,0.7881779968738556
196,0.020854825153946877,0.7895343899726868,0.7685546875,30709986.0,0.0002,1766070363.1002958,0.42229367631296894,197,2107.808292043,0.8000718355178833
197,0.02227708511054516,0.8227689266204834,0.798828125,30859840.0,0.0002,1766070373.6008813,0.42443729903536975,198,2118.308952841,0.7903265804052353
198,0.0205648522824049,0.8150959014892578,0.8076171875,31011350.0,0.0002,1766070384.1293123,0.4265809217577706,199,2128.83732723,0.7912891209125519
199,0.020594028756022453,0.7757832407951355,0.763671875,31158899.0,0.0002,1766070394.5887187,0.4287245444801715,200,2139.296705185,0.8024019449949265
200,0.021121500059962273,0.8251492977142334,0.81640625,31319575.0,0.0002,1766070407.040144,0.43086816720257237,201,2151.748126579,0.789537325501442
201,0.0208834707736969,0.8425315618515015,0.8349609375,31470152.0,0.0002,1766070417.435251,0.4330117899249732,202,2162.143226708,0.7834969311952591
202,0.022632375359535217,0.8125418424606323,0.7939453125,31628927.0,0.0002,1766070427.9500093,0.43515541264737406,203,2172.65800673,0.7919551432132721
203,0.021347641944885254,0.8212010860443115,0.814453125,31782202.0,0.0002,1766070438.367515,0.43729903536977494,204,2183.075505354,0.7909355759620667
204,0.019800381734967232,0.8376656174659729,0.837890625,31951381.0,0.0002,1766070449.2027028,0.43944265809217575,205,2193.910692711,0.7861970216035843
205,0.02161085419356823,0.8092360496520996,0.7998046875,32103785.0,0.0002,1766070459.6533191,0.4415862808145766,206,2204.361306538,0.7919385880231857
206,0.020102065056562424,0.8601595163345337,0.82421875,32268987.0,0.0002,1766070470.6908567,0.4437299035369775,207,2215.398851334,0.7815331369638443
207,0.020160626620054245,0.8439049124717712,0.8271484375,32432118.0,0.0002,1766070481.150201,0.44587352625937837,208,2225.858195492,0.7839313000440598
208,0.021491240710020065,0.8238487243652344,0.8046875,32590912.0,0.0002,1766070491.8994503,0.4480171489817792,209,2236.607443657,0.7883724570274353
209,0.021272344514727592,0.8129979372024536,0.7998046875,32752463.0,0.0002,1766070502.8253212,0.45016077170418006,210,2247.533329859,0.7930551320314407
210,0.020411649718880653,0.8023711442947388,0.7958984375,32904387.0,0.0002,1766070514.4166107,0.45230439442658094,211,2259.124641324,0.7933732569217682
211,0.022631976753473282,0.8154547810554504,0.796875,33054746.0,0.0002,1766070524.985944,0.45444801714898175,212,2269.693934665,0.7901497036218643
212,0.020603777840733528,0.8176652789115906,0.7998046875,33207429.0,0.0002,1766070535.577753,0.4565916398713826,213,2280.285671335,0.7916511595249176
213,0.02165171504020691,0.8054766654968262,0.7919921875,33353336.0,0.0002,1766070546.046585,0.4587352625937835,214,2290.754543101,0.7938422411680222
214,0.020636212080717087,0.8454762697219849,0.814453125,33513734.0,0.0002,1766070556.694603,0.4608788853161844,215,2301.402565733,0.7853990644216537
215,0.019907254725694656,0.816560685634613,0.794921875,33674600.0,0.0002,1766070567.45892,0.4630225080385852,216,2312.166900466,0.7913202047348022
216,0.020991958677768707,0.771336555480957,0.771484375,33823746.0,0.0002,1766070577.7763317,0.46516613076098606,217,2322.48432456,0.8031895011663437
217,0.020858926698565483,0.8128279447555542,0.8017578125,33977703.0,0.0002,1766070588.2298734,0.46730975348338694,218,2332.937882696,0.7928783744573593
218,0.022806325927376747,0.8217840790748596,0.8154296875,34114595.0,0.0002,1766070598.4623058,0.4694533762057878,219,2343.170288692,0.7906825840473175
219,0.02178911678493023,0.7735088467597961,0.77734375,34265601.0,0.0002,1766070608.9090571,0.4715969989281886,220,2353.617089206,0.8017989248037338
220,0.022092508152127266,0.8519009351730347,0.8232421875,34420693.0,0.0002,1766070619.6421788,0.4737406216505895,221,2364.35013793,0.7856582254171371
221,0.019839655607938766,0.8023730516433716,0.7880859375,34580414.0,0.0002,1766070630.2095017,0.4758842443729904,222,2374.917495337,0.7933605015277863
222,0.02072511427104473,0.793315589427948,0.7802734375,34737485.0,0.0002,1766070640.7074401,0.4780278670953912,223,2385.415392919,0.7968223989009857
223,0.020489338785409927,0.7903650999069214,0.771484375,34895098.0,0.0002,1766070651.5128787,0.48017148981779206,224,2396.220887378,0.8005835860967636
224,0.022929780185222626,0.7665048837661743,0.748046875,35033119.0,0.0002,1766070661.7567332,0.48231511254019294,225,2406.464729876,0.8036771714687347
225,0.02136950008571148,0.8260558247566223,0.8046875,35196202.0,0.0002,1766070672.4977674,0.4844587352625938,226,2417.205749208,0.7859071046113968
226,0.020457526668906212,0.8734160661697388,0.85546875,35354679.0,0.0002,1766070683.9244888,0.4866023579849946,227,2428.63248591,0.7775235772132874
227,0.02088448405265808,0.8153356313705444,0.796875,35508849.0,0.0002,1766070695.1793687,0.4887459807073955,228,2439.887392884,0.7924220263957977
228,0.02147335559129715,0.8076887130737305,0.802734375,35665674.0,0.0002,1766070705.65986,0.4908896034297964,229,2450.367843473,0.7927428036928177
229,0.019802328199148178,0.807903528213501,0.796875,35818135.0,0.0002,1766070716.301521,0.4930332261521972,230,2461.009480089,0.7925375998020172
230,0.020937345921993256,0.8177781105041504,0.8115234375,35971680.0,0.0002,1766070726.728206,0.49517684887459806,231,2471.436182524,0.7911713868379593
231,0.020619060844182968,0.8193814754486084,0.7978515625,36123926.0,0.0002,1766070737.118019,0.49732047159699894,232,2481.825991855,0.792189359664917
232,0.021436868235468864,0.8054226040840149,0.798828125,36278914.0,0.0002,1766070747.537668,0.4994640943193998,233,2492.245648805,0.795438215136528
233,0.022173840552568436,0.8060712814331055,0.79296875,36421688.0,0.0002,1766070757.8834789,0.5016077170418006,234,2502.591492111,0.7947566360235214
234,0.021134257316589355,0.7745243906974792,0.775390625,36566756.0,0.0002,1766070768.158505,0.5037513397642015,235,2512.866506747,0.8017358034849167
235,0.020524006336927414,0.8110507130622864,0.8017578125,36721646.0,0.0002,1766070778.8993561,0.5058949624866024,236,2523.607367005,0.7890619933605194
236,0.02185162343084812,0.8158179521560669,0.7890625,36878341.0,0.0002,1766070789.4865608,0.5080385852090032,237,2534.194551828,0.7920008599758148
237,0.01969006285071373,0.7699195742607117,0.7705078125,37033879.0,0.0002,1766070800.0558288,0.5101822079314041,238,2544.763815745,0.8051021844148636
238,0.02095266990363598,0.8148467540740967,0.806640625,37187117.0,0.0002,1766070810.4409287,0.5123258306538049,239,2555.148927089,0.7914641499519348
239,0.021754108369350433,0.7620586156845093,0.767578125,37337433.0,0.0002,1766070820.7861795,0.5144694533762058,240,2565.494147707,0.8041251301765442
240,0.02190251462161541,0.8034076690673828,0.7958984375,37496242.0,0.0002,1766070831.4642951,0.5166130760986066,241,2576.172297367,0.7936603724956512
241,0.02147843688726425,0.8595129251480103,0.8388671875,37654885.0,0.0002,1766070841.9222283,0.5187566988210075,242,2586.630226316,0.7789794355630875
242,0.02062535658478737,0.8098143339157104,0.7958984375,37808579.0,0.0002,1766070852.322285,0.5209003215434084,243,2597.030267396,0.7937069982290268
243,0.022052571177482605,0.8350194692611694,0.8125,37966200.0,0.0002,1766070863.213013,0.5230439442658092,244,2607.920996747,0.7863841205835342
244,0.021213281899690628,0.875312089920044,0.8447265625,38136848.0,0.0002,1766070874.3286169,0.5251875669882101,245,2619.036616619,0.7766429781913757
245,0.020853212103247643,0.8247073292732239,0.81640625,38294939.0,0.0002,1766070884.6329958,0.5273311897106109,246,2629.340988025,0.789829209446907
246,0.021450594067573547,0.7714235782623291,0.76953125,38446834.0,0.0002,1766070894.9313383,0.5294748124330118,247,2639.639337675,0.8033123314380646
247,0.021399199962615967,0.7928621768951416,0.7822265625,38594000.0,0.0002,1766070905.1755319,0.5316184351554126,248,2649.883522353,0.7974386960268021
248,0.021285902708768845,0.8124014735221863,0.7958984375,38739718.0,0.0002,1766070915.621078,0.5337620578778135,249,2660.329102831,0.7916265279054642
249,0.020968617871403694,0.8196090459823608,0.802734375,38897852.0,0.0002,1766070926.4602318,0.5359056806002144,250,2671.168270158,0.7892391979694366
250,0.021976493299007416,0.8242028951644897,0.814453125,39046897.0,0.0002,1766070937.0385659,0.5380493033226152,251,2681.746535051,0.7858346998691559
251,0.020899688825011253,0.8379045128822327,0.8212890625,39218708.0,0.0002,1766070948.0805187,0.5401929260450161,252,2692.788505508,0.7843983471393585
252,0.022841976955533028,0.7969006896018982,0.7900390625,39369469.0,0.0002,1766070958.573751,0.5423365487674169,253,2703.28175503,0.7956776171922684
253,0.021405072882771492,0.8079632520675659,0.794921875,39524057.0,0.0002,1766070969.0552447,0.5444801714898178,254,2713.763233128,0.7937966287136078
254,0.021429050713777542,0.7867597341537476,0.783203125,39683652.0,0.0002,1766070979.6480653,0.5466237942122186,255,2724.356057716,0.7968333810567856
255,0.02142561599612236,0.8140025734901428,0.8017578125,39832101.0,0.0002,1766070990.0820312,0.5487674169346195,256,2734.790041555,0.7924680262804031
256,0.021145986393094063,0.8437510132789612,0.8369140625,39994148.0,0.0002,1766071000.9238799,0.5509110396570204,257,2745.631849444,0.7814165353775024
257,0.02188650332391262,0.8080716729164124,0.7890625,40152398.0,0.0002,1766071011.5051277,0.5530546623794212,258,2756.213137759,0.7930617332458496
258,0.021653179079294205,0.8279568552970886,0.8154296875,40305124.0,0.0002,1766071021.771404,0.5551982851018221,259,2766.479397369,0.7869976162910461
259,0.020118366926908493,0.8393457531929016,0.8359375,40468390.0,0.0002,1766071032.3444364,0.5573419078242229,260,2777.052433971,0.7846000045537949
260,0.02187938056886196,0.8201330900192261,0.8076171875,40624025.0,0.0002,1766071043.6527069,0.5594855305466238,261,2788.360740978,0.7898607552051544
261,0.02188803255558014,0.7902113795280457,0.775390625,40774113.0,0.0002,1766071054.3216207,0.5616291532690246,262,2799.029661238,0.7983732372522354
262,0.022865884006023407,0.8250709772109985,0.80078125,40922903.0,0.0002,1766071064.0755937,0.5637727759914255,263,2808.783614776,0.7877751141786575
263,0.02145310491323471,0.815437912940979,0.7900390625,41079713.0,0.0002,1766071073.6229427,0.5659163987138264,264,2818.330968843,0.7896253019571304
264,0.02152065932750702,0.8178225755691528,0.8017578125,41233617.0,0.0002,1766071083.6721516,0.5680600214362272,265,2828.380182738,0.7903335094451904
265,0.022234316915273666,0.7806960940361023,0.775390625,41382299.0,0.0002,1766071092.5848703,0.5702036441586281,266,2837.293149516,0.8009062558412552
266,0.021175699308514595,0.8028372526168823,0.7900390625,41538660.0,0.0002,1766071101.612411,0.572347266881029,267,2846.320643459,0.7942523807287216
267,0.02224399335682392,0.7875167727470398,0.7783203125,41690776.0,0.0002,1766071110.6650693,0.5744908896034298,268,2855.373305127,0.8002855777740479
268,0.020025044679641724,0.7777824997901917,0.7763671875,41848176.0,0.0002,1766071120.1459107,0.5766345123258306,269,2864.854160319,0.8012797385454178
269,0.022078676149249077,0.8270974159240723,0.828125,42010346.0,0.0002,1766071129.2835114,0.5787781350482315,270,2873.991777847,0.7849853187799454
270,0.023692814633250237,0.8411262631416321,0.830078125,42161275.0,0.0002,1766071138.7071626,0.5809217577706324,271,2883.415406857,0.7843908816576004
271,0.021718032658100128,0.8330435156822205,0.818359375,42313056.0,0.0002,1766071147.988091,0.5830653804930332,272,2892.696331487,0.7891993224620819
272,0.022598128765821457,0.836933434009552,0.8173828125,42464888.0,0.0002,1766071157.3482168,0.5852090032154341,273,2902.056491855,0.784113347530365
273,0.02292141132056713,0.7856098413467407,0.7626953125,42613204.0,0.0002,1766071166.696099,0.587352625937835,274,2911.404337008,0.7991311550140381
274,0.02213335409760475,0.8047977089881897,0.7939453125,42764454.0,0.0002,1766071175.4401984,0.5894962486602358,275,2920.148449563,0.791954830288887
275,0.021687347441911697,0.7974098920822144,0.7978515625,42910354.0,0.0002,1766071184.7360878,0.5916398713826366,276,2929.44435592,0.7967006117105484
276,0.021630732342600822,0.7872217893600464,0.77734375,43054139.0,0.0002,1766071193.8666394,0.5937834941050375,277,2938.574886433,0.798104926943779
277,0.02043026313185692,0.8474746942520142,0.8134765625,43217644.0,0.0002,1766071204.86025,0.5959271168274384,278,2949.568519307,0.7838394939899445
278,0.021337337791919708,0.8032166957855225,0.7880859375,43384944.0,0.0002,1766071214.8755481,0.5980707395498392,279,2959.583817927,0.7936027944087982
279,0.02242952026426792,0.8071479201316833,0.78125,43542078.0,0.0002,1766071223.7259557,0.6002143622722401,280,2968.434213398,0.793153777718544
280,0.02146298810839653,0.8020758628845215,0.7900390625,43702739.0,0.0002,1766071233.5443697,0.602357984994641,281,2978.252629857,0.7930757701396942
281,0.02141644060611725,0.8088157176971436,0.7958984375,43859904.0,0.0002,1766071243.249284,0.6045016077170418,282,2987.957532184,0.7913506031036377
282,0.02026965096592903,0.8052486181259155,0.7958984375,44009730.0,0.0002,1766071252.2722619,0.6066452304394426,283,2996.980509584,0.7944853007793427
283,0.021924518048763275,0.8080507516860962,0.8125,44170957.0,0.0002,1766071261.6144416,0.6087888531618435,284,3006.322676837,0.7886820882558823
284,0.022427808493375778,0.8264655470848083,0.80859375,44324240.0,0.0002,1766071270.9083638,0.6109324758842444,285,3015.616590021,0.7880304306745529
285,0.024259056895971298,0.7684035301208496,0.7646484375,44470870.0,0.0002,1766071280.054467,0.6130760986066452,286,3024.762695265,0.8028904348611832
286,0.022102752700448036,0.8004672527313232,0.7880859375,44620874.0,0.0002,1766071289.2778556,0.6152197213290461,287,3033.98611221,0.7988037616014481
287,0.022103644907474518,0.8004360198974609,0.791015625,44773056.0,0.0002,1766071298.1964602,0.617363344051447,288,3042.904700975,0.7936960309743881
288,0.021249597892165184,0.7751540541648865,0.767578125,44921244.0,0.0002,1766071306.9404373,0.6195069667738478,289,3051.648675773,0.8005679547786713
289,0.020902613177895546,0.820728600025177,0.8115234375,45090594.0,0.0002,1766071316.2008386,0.6216505894962486,290,3060.909062777,0.7896992117166519
290,0.021764742210507393,0.8511670231819153,0.8125,45251653.0,0.0002,1766071325.6339715,0.6237942122186495,291,3070.342170047,0.7831503599882126
291,0.022238988429307938,0.785132110118866,0.783203125,45398290.0,0.0002,1766071334.387994,0.6259378349410504,292,3079.096294825,0.7968967705965042
292,0.023481789976358414,0.8017435073852539,0.794921875,45545487.0,0.0002,1766071343.5912776,0.6280814576634512,293,3088.299517334,0.7945384383201599
293,0.023912135511636734,0.7835403680801392,0.775390625,45687388.0,0.0002,1766071353.005877,0.6302250803858521,294,3097.714144003,0.8005908727645874
294,0.022356156259775162,0.7948449850082397,0.794921875,45838127.0,0.0002,1766071362.79308,0.632368703108253,295,3107.501385357,0.7976984679698944
295,0.02294069342315197,0.786851704120636,0.7705078125,45988958.0,0.0002,1766071372.2929773,0.6345123258306538,296,3117.001243712,0.7983333766460419
296,0.022205393761396408,0.7945111989974976,0.775390625,46135755.0,0.0002,1766071380.939366,0.6366559485530546,297,3125.647624543,0.7981155067682266
297,0.021488673985004425,0.8293815851211548,0.8017578125,46299111.0,0.0002,1766071390.3180277,0.6387995712754555,298,3135.026272034,0.788610965013504
298,0.022595688700675964,0.8143420815467834,0.7998046875,46446842.0,0.0002,1766071399.6434343,0.6409431939978564,299,3144.351685979,0.794741690158844
299,0.0213606134057045,0.8101820945739746,0.7978515625,46600673.0,0.0002,1766071408.6435242,0.6430868167202572,300,3153.351760374,0.7906452119350433
300,0.022975513711571693,0.8055103421211243,0.78515625,46754362.0,0.0002,1766071419.4041557,0.6452304394426581,301,3164.112415488,0.7941299676895142
301,0.020863834768533707,0.8240588903427124,0.8291015625,46918315.0,0.0002,1766071428.456585,0.647374062165059,302,3173.164838385,0.7874341905117035
302,0.022607091814279556,0.8496721982955933,0.84765625,47080471.0,0.0002,1766071438.3229744,0.6495176848874598,303,3183.031224377,0.7851773351430893
303,0.021641891449689865,0.8092442154884338,0.8017578125,47238391.0,0.0002,1766071447.888123,0.6516613076098606,304,3192.596346996,0.7932719886302948
304,0.02209375612437725,0.80740886926651,0.798828125,47386378.0,0.0002,1766071457.5465374,0.6538049303322615,305,3202.2547925,0.7909166365861893
305,0.02460036240518093,0.7731806039810181,0.7470703125,47528888.0,0.0002,1766071466.230301,0.6559485530546624,306,3210.938539749,0.8026157170534134
306,0.023025790229439735,0.7627549171447754,0.75,47672487.0,0.0002,1766071475.2144043,0.6580921757770632,307,3219.922662672,0.802099421620369
307,0.023407580330967903,0.8244531750679016,0.8154296875,47828782.0,0.0002,1766071484.8247015,0.6602357984994641,308,3229.53295649,0.7911016345024109
308,0.021628037095069885,0.7920951843261719,0.7861328125,47987779.0,0.0002,1766071494.1932642,0.662379421221865,309,3238.901528926,0.7960358709096909
309,0.02289360575377941,0.8375571966171265,0.8173828125,48141783.0,0.0002,1766071503.8608212,0.6645230439442658,310,3248.569074401,0.7845393121242523
310,0.024165794253349304,0.8579437732696533,0.8271484375,48307093.0,0.0002,1766071513.7360919,0.6666666666666666,311,3258.444363622,0.7806999236345291
311,0.02078726701438427,0.8470578193664551,0.8232421875,48475514.0,0.0002,1766071524.2579575,0.6688102893890675,312,3268.966221335,0.7839986979961395
312,0.021804681047797203,0.824042797088623,0.8017578125,48641781.0,0.0002,1766071534.0384827,0.6709539121114684,313,3278.746755614,0.7905635982751846
313,0.02248397469520569,0.7525268793106079,0.75390625,48790569.0,0.0002,1766071543.1591651,0.6730975348338692,314,3287.867396405,0.8072073459625244
314,0.022821322083473206,0.8334460258483887,0.8125,48939681.0,0.0002,1766071552.6080854,0.6752411575562701,315,3297.31630438,0.7874787002801895
315,0.024202531203627586,0.7971652150154114,0.7919921875,49100290.0,0.0002,1766071562.0570993,0.677384780278671,316,3306.765360864,0.7966216206550598
316,0.022138182073831558,0.8006676435470581,0.796875,49257350.0,0.0002,1766071571.8227484,0.6795284030010718,317,3316.531014613,0.7960690855979919
317,0.021543970331549644,0.8035567998886108,0.80078125,49408212.0,0.0002,1766071580.6300929,0.6816720257234726,318,3325.338325495,0.7940895855426788
318,0.021323703229427338,0.8010567426681519,0.794921875,49575143.0,0.0002,1766071589.8123722,0.6838156484458735,319,3334.520618831,0.7951174974441528
319,0.022616945207118988,0.7780882716178894,0.763671875,49729430.0,0.0002,1766071598.966289,0.6859592711682744,320,3343.674502066,0.799434021115303
320,0.024683477357029915,0.816988468170166,0.787109375,49892112.0,0.0002,1766071608.3929822,0.6881028938906752,321,3353.101214707,0.7912814021110535
321,0.024085793644189835,0.7797567248344421,0.765625,50038085.0,0.0002,1766071617.7703595,0.6902465166130761,322,3362.478580097,0.8002878129482269
322,0.022391393780708313,0.817597508430481,0.814453125,50202640.0,0.0002,1766071627.4038162,0.692390139335477,323,3372.11204466,0.7886087894439697
323,0.022544093430042267,0.8010634183883667,0.80078125,50362859.0,0.0002,1766071637.3015776,0.6945337620578779,324,3382.00983762,0.7955625504255295
324,0.021364085376262665,0.8295318484306335,0.833984375,50516605.0,0.0002,1766071646.6334052,0.6966773847802786,325,3391.341617022,0.7880245745182037
325,0.022695662453770638,0.8174847960472107,0.7939453125,50682099.0,0.0002,1766071656.1554143,0.6988210075026795,326,3400.863636719,0.7910321801900864
326,0.021421462297439575,0.7431309819221497,0.732421875,50827141.0,0.0002,1766071665.7211974,0.7009646302250804,327,3410.429411306,0.8095519542694092
327,0.022076096385717392,0.8170052170753479,0.80859375,50985958.0,0.0002,1766071675.533256,0.7031082529474812,328,3420.241516602,0.7904744446277618
328,0.021578945219516754,0.842790961265564,0.826171875,51146629.0,0.0002,1766071686.6701124,0.7052518756698821,329,3431.378392428,0.7834365665912628
329,0.022621650248765945,0.7759741544723511,0.7568359375,51292209.0,0.0002,1766071695.5333934,0.707395498392283,330,3440.241649787,0.7996278256177902
330,0.020811883732676506,0.8115111589431763,0.7861328125,51457800.0,0.0002,1766071704.9184387,0.7095391211146839,331,3449.626676107,0.7917639166116714
331,0.022825337946414948,0.7842511534690857,0.783203125,51602885.0,0.0002,1766071714.0940323,0.7116827438370846,332,3458.80230536,0.7994016408920288
332,0.022451281547546387,0.7723442316055298,0.7685546875,51753366.0,0.0002,1766071723.097026,0.7138263665594855,333,3467.80525842,0.8004251569509506
333,0.0224921777844429,0.7429914474487305,0.73828125,51891707.0,0.0002,1766071731.990771,0.7159699892818864,334,3476.699035184,0.8081363588571548
334,0.02262083627283573,0.8320618867874146,0.8076171875,52043503.0,0.0002,1766071741.329016,0.7181136120042872,335,3486.037247293,0.7899068892002106
335,0.02295796200633049,0.80808424949646,0.798828125,52198896.0,0.0002,1766071750.0201054,0.7202572347266881,336,3494.728324663,0.7929110378026962
336,0.02132953517138958,0.8086758255958557,0.7841796875,52360384.0,0.0002,1766071760.0351017,0.722400857449089,337,3504.743338749,0.7910080105066299
337,0.022538047283887863,0.8327091336250305,0.8076171875,52524287.0,0.0002,1766071769.3930664,0.7245444801714899,338,3514.101287546,0.7881837785243988
338,0.023134475573897362,0.8184572458267212,0.802734375,52690391.0,0.0002,1766071778.9265008,0.7266881028938906,339,3523.634744328,0.7904398739337921
339,0.02330327033996582,0.813870906829834,0.7841796875,52841553.0,0.0002,1766071788.296529,0.7288317256162915,340,3533.004778628,0.7920758277177811
340,0.023030582815408707,0.8064348101615906,0.787109375,52996405.0,0.0002,1766071797.3464332,0.7309753483386924,341,3542.054661129,0.7922226786613464
341,0.022128235548734665,0.8279373645782471,0.8125,53160730.0,0.0002,1766071807.1548247,0.7331189710610932,342,3551.86304093,0.7868392765522003
342,0.022770356386899948,0.790779709815979,0.787109375,53313378.0,0.0002,1766071815.9960032,0.7352625937834941,343,3560.704208909,0.7972966879606247
343,0.022557422518730164,0.8058574199676514,0.80078125,53468840.0,0.0002,1766071825.323782,0.737406216505895,344,3570.032047188,0.792890191078186
344,0.023518510162830353,0.8532447218894958,0.818359375,53631343.0,0.0002,1766071835.7405803,0.7395498392282959,345,3580.448808429,0.7833281308412552
345,0.02281508967280388,0.8658499717712402,0.8505859375,53793790.0,0.0002,1766071845.8843412,0.7416934619506966,346,3590.592558128,0.776278018951416
346,0.022053712978959084,0.8126593828201294,0.814453125,53946679.0,0.0002,1766071855.245819,0.7438370846730975,347,3599.954104732,0.7924736142158508
347,0.021280061453580856,0.7894048094749451,0.7734375,54098194.0,0.0002,1766071864.5642774,0.7459807073954984,348,3609.272540338,0.7980811595916748
348,0.021882209926843643,0.7824591398239136,0.771484375,54249894.0,0.0002,1766071874.2166717,0.7481243301178992,349,3618.924921388,0.7983840703964233
349,0.022822802886366844,0.7796080112457275,0.7724609375,54401084.0,0.0002,1766071882.9342387,0.7502679528403001,350,3627.642501579,0.8023474812507629
350,0.022292546927928925,0.8173840045928955,0.791015625,54558703.0,0.0002,1766071892.4073954,0.752411575562701,351,3637.115758972,0.7923480421304703
351,0.02248622663319111,0.7653729319572449,0.7509765625,54714700.0,0.0002,1766071901.5760698,0.7545551982851019,352,3646.284373665,0.8044990003108978
352,0.02404051087796688,0.7916581630706787,0.7802734375,54868164.0,0.0002,1766071911.1299517,0.7566988210075026,353,3655.838183348,0.794867217540741
353,0.022129202261567116,0.8018187284469604,0.798828125,55025468.0,0.0002,1766071920.6199324,0.7588424437299035,354,3665.328198439,0.7935625314712524
354,0.023191800341010094,0.8283053040504456,0.802734375,55189668.0,0.0002,1766071930.35081,0.7609860664523044,355,3675.059063323,0.7885614186525345
355,0.0236972626298666,0.8147164583206177,0.7861328125,55342112.0,0.0002,1766071939.1358714,0.7631296891747053,356,3683.844191941,0.7904817014932632
356,0.024095378816127777,0.7794733643531799,0.7548828125,55493008.0,0.0002,1766071948.2980165,0.7652733118971061,357,3693.006302125,0.8020800054073334
357,0.02346169762313366,0.7948949933052063,0.7822265625,55642904.0,0.0002,1766071957.6327865,0.767416934619507,358,3702.341107003,0.7957030832767487
358,0.027047406882047653,0.796212911605835,0.7744140625,55793608.0,0.0002,1766071966.4534547,0.7695605573419079,359,3711.161711715,0.7950920462608337
359,0.02285553142428398,0.7581675052642822,0.765625,55944720.0,0.0002,1766071975.5549214,0.7717041800643086,360,3720.263136156,0.8064028769731522
360,0.022552011534571648,0.8267392516136169,0.8271484375,56114178.0,0.0002,1766071985.6327734,0.7738478027867095,361,3730.341029188,0.7891101539134979
361,0.0236892718821764,0.7939797639846802,0.7900390625,56269442.0,0.0002,1766071995.57159,0.7759914255091104,362,3740.279869071,0.7968639582395554
362,0.0236038938164711,0.8336770534515381,0.8173828125,56432611.0,0.0002,1766072005.096117,0.7781350482315113,363,3749.804409938,0.7859394401311874
363,0.024203231558203697,0.8204039335250854,0.7919921875,56594327.0,0.0002,1766072014.7859693,0.7802786709539121,364,3759.494232856,0.7877804338932037
364,0.02479396015405655,0.8151615262031555,0.7919921875,56761850.0,0.0002,1766072024.4957013,0.782422293676313,365,3769.203979853,0.7923497259616852
365,0.024472080171108246,0.8082793354988098,0.8017578125,56916020.0,0.0002,1766072033.6257439,0.7845659163987139,366,3778.333972058,0.7929505556821823
366,0.025821484625339508,0.8026156425476074,0.7978515625,57066705.0,0.0002,1766072042.5427258,0.7867095391211146,367,3787.250991474,0.7928275763988495
367,0.021876614540815353,0.8338637948036194,0.818359375,57236312.0,0.0002,1766072052.4230871,0.7888531618435155,368,3797.131307729,0.78421550989151
368,0.02656910941004753,0.7840924263000488,0.7626953125,57385050.0,0.0002,1766072061.798008,0.7909967845659164,369,3806.506230381,0.7970610558986664
369,0.024973515421152115,0.8130714893341064,0.7822265625,57546095.0,0.0002,1766072071.3782828,0.7931404072883173,370,3816.086524541,0.7921789884567261
370,0.02113550342619419,0.8169094920158386,0.80078125,57722375.0,0.0002,1766072082.0521393,0.7952840300107181,371,3826.760364985,0.7912590950727463
371,0.02304505556821823,0.7974203824996948,0.79296875,57882884.0,0.0002,1766072092.0121768,0.797427652733119,372,3836.720411571,0.7976726293563843
372,0.024360965937376022,0.7918800115585327,0.791015625,58042466.0,0.0002,1766072101.798944,0.7995712754555199,373,3846.507206392,0.7971440255641937
373,0.024519698694348335,0.7803704738616943,0.7724609375,58190364.0,0.0002,1766072110.5243936,0.8017148981779206,374,3855.232613281,0.8003138154745102
374,0.0216912142932415,0.7853411436080933,0.7763671875,58338890.0,0.0002,1766072119.5785708,0.8038585209003215,375,3864.28679826,0.7989879846572876
375,0.02501434087753296,0.7790908813476562,0.755859375,58483983.0,0.0002,1766072128.716354,0.8060021436227224,376,3873.424584303,0.8012186139822006
376,0.02645130641758442,0.7918636798858643,0.7705078125,58631365.0,0.0002,1766072137.675344,0.8081457663451233,377,3882.383571091,0.796109139919281
377,0.024635039269924164,0.8271002769470215,0.810546875,58779896.0,0.0002,1766072146.8853626,0.8102893890675241,378,3891.593583017,0.7884637713432312
378,0.02420089952647686,0.7820063829421997,0.76953125,58919870.0,0.0002,1766072156.8545024,0.812433011789925,379,3901.562755358,0.8031594604253769
379,0.026351425796747208,0.8068984150886536,0.7939453125,59071273.0,0.0002,1766072165.8339407,0.8145766345123259,380,3910.542168962,0.7962033450603485
380,0.02371159754693508,0.788343071937561,0.7958984375,59233818.0,0.0002,1766072175.2591689,0.8167202572347267,381,3919.967428549,0.7966065555810928
381,0.021185599267482758,0.7951616048812866,0.791015625,59400493.0,0.0002,1766072185.7667935,0.8188638799571275,382,3930.474969891,0.7971785515546799
382,0.023487495258450508,0.8032516241073608,0.787109375,59554238.0,0.0002,1766072194.7924507,0.8210075026795284,383,3939.500686597,0.7936118543148041
383,0.022512705996632576,0.8112196922302246,0.7998046875,59714654.0,0.0002,1766072203.9816616,0.8231511254019293,384,3948.689905321,0.7916652858257294
384,0.023605141788721085,0.7851160764694214,0.7626953125,59865048.0,0.0002,1766072213.2799056,0.8252947481243301,385,3957.988183297,0.8000591993331909
385,0.0250411294400692,0.7573515176773071,0.7431640625,60007846.0,0.0002,1766072222.0440185,0.827438370846731,386,3966.752271783,0.803826317191124
386,0.021674806252121925,0.8009363412857056,0.794921875,60170674.0,0.0002,1766072231.397793,0.8295819935691319,387,3976.105995151,0.7946261763572693
387,0.02221265435218811,0.79291832447052,0.78125,60324493.0,0.0002,1766072241.36841,0.8317256162915327,388,3986.076654843,0.7962483614683151
388,0.022564569488167763,0.7835655212402344,0.7841796875,60477491.0,0.0002,1766072250.4490342,0.8338692390139335,389,3995.157287458,0.8002393394708633
389,0.021001221612095833,0.7834921479225159,0.783203125,60631362.0,0.0002,1766072259.31412,0.8360128617363344,390,4004.022360082,0.7999774813652039
390,0.02335423044860363,0.806547224521637,0.7958984375,60794632.0,0.0002,1766072269.1481133,0.8381564844587353,391,4013.856385754,0.7903652042150497
391,0.024134421721100807,0.7602595686912537,0.7509765625,60938244.0,0.0002,1766072277.8888547,0.8403001071811361,392,4022.597083836,0.8051722794771194
392,0.021953439339995384,0.7921952605247498,0.7705078125,61089280.0,0.0002,1766072286.8566346,0.842443729903537,393,4031.564861535,0.7960187196731567
393,0.02439570240676403,0.8206944465637207,0.7998046875,61244269.0,0.0002,1766072296.8753269,0.8445873526259379,394,4041.583552213,0.7893953919410706
394,0.02287919819355011,0.8457823991775513,0.8369140625,61410731.0,0.0002,1766072306.7530859,0.8467309753483387,395,4051.461340179,0.7819405943155289
395,0.025200730189681053,0.7420365214347839,0.728515625,61560085.0,0.0002,1766072317.2685518,0.8488745980707395,396,4061.976803048,0.8090410232543945
396,0.022583600133657455,0.7892772555351257,0.7783203125,61717136.0,0.0002,1766072326.2990546,0.8510182207931404,397,4071.007321162,0.798708438873291
397,0.023262394592165947,0.8019868731498718,0.80078125,61876680.0,0.0002,1766072335.118489,0.8531618435155413,398,4079.826735216,0.7940059006214142
398,0.022145487368106842,0.7980188727378845,0.787109375,62036916.0,0.0002,1766072344.2578738,0.8553054662379421,399,4088.966135502,0.7962852567434311
399,0.02373129315674305,0.8225602507591248,0.81640625,62191818.0,0.0002,1766072353.5863886,0.857449088960343,400,4098.294749906,0.7901808470487595
400,0.023468319326639175,0.7678824067115784,0.76171875,62342090.0,0.0002,1766072364.1735811,0.8595927116827439,401,4108.881866325,0.8028607368469238
401,0.022661283612251282,0.7634931802749634,0.7421875,62487162.0,0.0002,1766072372.6838973,0.8617363344051447,402,4117.392196985,0.8049775511026382
402,0.022294294089078903,0.8252118825912476,0.8017578125,62650141.0,0.0002,1766072382.0272222,0.8638799571275455,403,4126.735449371,0.7904983311891556
403,0.026683345437049866,0.8170022964477539,0.7890625,62797159.0,0.0002,1766072391.5186498,0.8660235798499464,404,4136.226974604,0.7911523729562759
404,0.02342887967824936,0.7829498052597046,0.78515625,62950083.0,0.0002,1766072400.8153381,0.8681672025723473,405,4145.52366498,0.7976393103599548
405,0.027256617322564125,0.8091632127761841,0.822265625,63111175.0,0.0002,1766072409.9333878,0.8703108252947481,406,4154.641645268,0.7927052229642868
406,0.023898646235466003,0.8011321425437927,0.7939453125,63272860.0,0.0002,1766072418.8135312,0.872454448017149,407,4163.521768712,0.793388232588768
407,0.02438359521329403,0.8235301375389099,0.8076171875,63432560.0,0.0002,1766072428.0463574,0.8745980707395499,408,4172.754707604,0.790295198559761
408,0.025758234784007072,0.8374308347702026,0.8095703125,63605332.0,0.0002,1766072438.038242,0.8767416934619507,409,4182.746473232,0.7833731025457382
409,0.024780750274658203,0.8557358980178833,0.8291015625,63762873.0,0.0002,1766072447.628754,0.8788853161843515,410,4192.337029604,0.7824638038873672
410,0.025693263858556747,0.7794737219810486,0.763671875,63922200.0,0.0002,1766072457.481573,0.8810289389067524,411,4202.189801466,0.798686221241951
411,0.026199504733085632,0.7971993088722229,0.7998046875,64078126.0,0.0002,1766072467.6597316,0.8831725616291533,412,4212.367987222,0.7967570722103119
412,0.022900529205799103,0.7928758859634399,0.7890625,64230587.0,0.0002,1766072476.6745844,0.8853161843515541,413,4221.382843679,0.7969142496585846
413,0.028038939461112022,0.7944430112838745,0.779296875,64377947.0,0.0002,1766072485.4905813,0.887459807073955,414,4230.198821834,0.7950736731290817
414,0.025123106315732002,0.8399523496627808,0.8134765625,64550939.0,0.0002,1766072495.1219203,0.8896034297963559,415,4239.830193759,0.785497322678566
415,0.023259242996573448,0.8170138597488403,0.798828125,64707392.0,0.0002,1766072504.4998434,0.8917470525187567,416,4249.208076195,0.7899569869041443
416,0.02372540719807148,0.8048189282417297,0.7900390625,64870904.0,0.0002,1766072513.334627,0.8938906752411575,417,4258.042868293,0.7934455424547195
417,0.024633588269352913,0.8301146030426025,0.828125,65033942.0,0.0002,1766072523.334955,0.8960342979635584,418,4268.043202688,0.7873989343643188
418,0.02224237099289894,0.7825264930725098,0.76953125,65189671.0,0.0002,1766072532.6618092,0.8981779206859593,419,4277.37003453,0.8009541034698486
419,0.023645823821425438,0.8058022856712341,0.771484375,65350386.0,0.0002,1766072542.572939,0.9003215434083601,420,4287.281185443,0.7933743894100189
420,0.02288929559290409,0.8322330713272095,0.8203125,65513551.0,0.0002,1766072552.1233623,0.902465166130761,421,4296.831651666,0.788254052400589
421,0.021514620631933212,0.7798943519592285,0.7724609375,65674054.0,0.0002,1766072561.4833713,0.9046087888531619,422,4306.191624055,0.799361377954483
422,0.023874444887042046,0.8288216590881348,0.8056640625,65830123.0,0.0002,1766072570.9147382,0.9067524115755627,423,4315.623008991,0.7867380529642105
423,0.02131526730954647,0.7337989211082458,0.732421875,65987011.0,0.0002,1766072580.2822742,0.9088960342979635,424,4324.990516961,0.810024231672287
424,0.02425149828195572,0.7568034529685974,0.740234375,66128113.0,0.0002,1766072588.893759,0.9110396570203644,425,4333.601997052,0.8027238100767136
425,0.024111488834023476,0.8042416572570801,0.7841796875,66279820.0,0.0002,1766072598.0749655,0.9131832797427653,426,4342.783219787,0.7923858910799026
426,0.022214461117982864,0.8398987054824829,0.8134765625,66440373.0,0.0002,1766072607.6287522,0.9153269024651661,427,4352.337008577,0.7845579087734222
427,0.023857906460762024,0.840942919254303,0.828125,66601298.0,0.0002,1766072617.7470882,0.917470525187567,428,4362.455341029,0.783610925078392
428,0.023092253133654594,0.7969390153884888,0.7900390625,66757889.0,0.0002,1766072628.3290331,0.9196141479099679,429,4373.037339196,0.7939253002405167
429,0.02298668399453163,0.8153979778289795,0.8017578125,66912734.0,0.0002,1766072637.7981875,0.9217577706323687,430,4382.5065582,0.7905784994363785
430,0.02286740019917488,0.8323708772659302,0.80859375,67066717.0,0.0002,1766072647.291823,0.9239013933547695,431,4392.000035135,0.7872720211744308
431,0.022005848586559296,0.81370609998703,0.8037109375,67225463.0,0.0002,1766072656.6438892,0.9260450160771704,432,4401.352122031,0.7915909290313721
432,0.02287488989531994,0.8100442886352539,0.796875,67375559.0,0.0002,1766072665.9397926,0.9281886387995713,433,4410.647996531,0.7924128621816635
433,0.021986637264490128,0.766355037689209,0.767578125,67531146.0,0.0002,1766072675.1295638,0.9303322615219721,434,4419.837796224,0.8038638383150101
434,0.021056724712252617,0.7923398017883301,0.7685546875,67690946.0,0.0002,1766072684.2403183,0.932475884244373,435,4428.948565098,0.7970604598522186
435,0.023306962102651596,0.7981170415878296,0.7822265625,67842876.0,0.0002,1766072693.2805347,0.9346195069667739,436,4437.988809899,0.7948515266180038
436,0.022714994847774506,0.7840627431869507,0.7705078125,67987615.0,0.0002,1766072702.5094037,0.9367631296891747,437,4447.217665848,0.7994297593832016
437,0.02237061597406864,0.8005224466323853,0.80078125,68132776.0,0.0002,1766072711.1315038,0.9389067524115756,438,4455.8397498,0.7934602946043015
438,0.022748010233044624,0.784282922744751,0.763671875,68283796.0,0.0002,1766072720.6816387,0.9410503751339764,439,4465.389899662,0.796583890914917
439,0.023426927626132965,0.7804446816444397,0.7587890625,68439823.0,0.0002,1766072729.676584,0.9431939978563773,440,4474.384830577,0.7994895428419113
440,0.022323694080114365,0.8294596672058105,0.8154296875,68604189.0,0.0002,1766072739.5838122,0.9453376205787781,441,4484.292052257,0.7866520434617996
441,0.023346630856394768,0.748855471611023,0.7431640625,68752725.0,0.0002,1766072748.207204,0.947481243301179,442,4492.915453833,0.808943584561348
442,0.02227022498846054,0.8110031485557556,0.7998046875,68915393.0,0.0002,1766072757.5508556,0.9496248660235799,443,4502.259074013,0.7930333316326141
443,0.022291945293545723,0.8146899342536926,0.8017578125,69075547.0,0.0002,1766072767.651146,0.9517684887459807,444,4512.35940245,0.7906252890825272
444,0.0239394623786211,0.7871337532997131,0.7841796875,69222099.0,0.0002,1766072777.6405652,0.9539121114683816,445,4522.348809628,0.7949431985616684
445,0.02351583167910576,0.7751762866973877,0.759765625,69375589.0,0.0002,1766072787.5050545,0.9560557341907824,446,4532.213329787,0.7974507808685303
446,0.022496577352285385,0.8228301405906677,0.80078125,69534919.0,0.0002,1766072797.238299,0.9581993569131833,447,4541.946537039,0.7890417575836182
447,0.02455461397767067,0.8222619295120239,0.8095703125,69687001.0,0.0002,1766072806.1459415,0.9603429796355841,448,4550.854140812,0.7878749817609787
448,0.022879885509610176,0.8184934854507446,0.802734375,69841361.0,0.0002,1766072815.7255628,0.962486602357985,449,4560.433723952,0.7891970723867416
449,0.022297140210866928,0.825812578201294,0.810546875,70010449.0,0.0002,1766072825.6875963,0.9646302250803859,450,4570.39575789,0.7873846143484116
450,0.022799799218773842,0.7701250314712524,0.76953125,70163107.0,0.0002,1766072834.7451177,0.9667738478027867,451,4579.453355744,0.8011746257543564
451,0.0241450984030962,0.7988601922988892,0.7841796875,70314420.0,0.0002,1766072843.6543632,0.9689174705251876,452,4588.36263672,0.7935923784971237
452,0.02312091551721096,0.840297520160675,0.8359375,70474250.0,0.0002,1766072852.990499,0.9710610932475884,453,4597.698798084,0.7833608984947205
453,0.02417919598519802,0.7410129308700562,0.740234375,70613610.0,0.0002,1766072861.6288347,0.9732047159699893,454,4606.337067741,0.8090659081935883
454,0.02333902195096016,0.7833287119865417,0.775390625,70766705.0,0.0002,1766072870.5057254,0.9753483386923901,455,4615.213949718,0.8000125288963318
455,0.022628167644143105,0.7794595956802368,0.759765625,70920453.0,0.0002,1766072879.5996604,0.977491961414791,456,4624.307856342,0.8010868728160858
456,0.022005237638950348,0.8037961721420288,0.7880859375,71080449.0,0.0002,1766072888.835431,0.9796355841371919,457,4633.543662114,0.7947322130203247
457,0.023082122206687927,0.7795642614364624,0.7705078125,71238841.0,0.0002,1766072898.2125812,0.9817792068595927,458,4642.920806767,0.8009666353464127
458,0.0230848528444767,0.8312199711799622,0.802734375,71392434.0,0.0002,1766072907.9004402,0.9839228295819936,459,4652.608655255,0.7898127734661102
459,0.023741744458675385,0.7628598809242249,0.7626953125,71552954.0,0.0002,1766072916.8592372,0.9860664523043944,460,4661.5674703,0.8027817457914352
460,0.02343420498073101,0.7851608991622925,0.7734375,71705888.0,0.0002,1766072926.2279751,0.9882100750267953,461,4670.936215173,0.7968080341815948
461,0.02452632412314415,0.8248946666717529,0.8056640625,71865793.0,0.0002,1766072936.4884794,0.9903536977491961,462,4681.196729008,0.7895444184541702
462,0.02310744673013687,0.8413515686988831,0.822265625,72025638.0,0.0002,1766072946.128465,0.992497320471597,463,4690.836679918,0.7825409919023514
463,0.022842444479465485,0.7775030136108398,0.77734375,72188861.0,0.0002,1766072955.137523,0.9946409431939979,464,4699.845788771,0.7991717755794525
464,0.02169879898428917,0.796332597732544,0.783203125,72352027.0,0.0002,1766072964.8915617,0.9967845659163987,465,4709.599808404,0.7950418889522552
465,0.0223830696195364,0.7736994028091431,0.7607421875,72512796.0,0.0002,1766072973.9110267,0.9989281886387996,466,4718.619303148,0.802227333188057
466,0.03323523700237274,0.7591160535812378,0.751953125,72584018.0,0.0002,1766072978.3565297,1.0,467,4723.064866629,0.8031163513660431
467,,,,,,1766072980.1376145,1.0,467,4724.845575838,
