train/mean_token_accuracy,train/loss,_runtime,train/grad_norm,train/learning_rate,train/epoch,train/num_tokens,train/global_step,_step,_timestamp
0.6566208899021149,1.6930222511291504,17.293317819,0.18835753202438354,0.0001,0.0021436227224008574,136605.0,1,0,1766073054.4583924
0.6479800492525101,1.6889339685440063,26.1318236,0.19455118477344513,0.0001,0.004287245444801715,292128.0,2,1,1766073063.2970667
0.6642673760652542,1.6163398027420044,34.407628843,0.24815090000629425,0.0001,0.006430868167202572,444535.0,3,2,1766073071.5728817
0.6524580866098404,1.6382701396942139,42.267966041,0.28439122438430786,0.0001,0.00857449088960343,592263.0,4,3,1766073079.4332144
0.6628914028406143,1.567010760307312,50.204453764,0.2788413465023041,0.0001,0.010718113612004287,737019.0,5,4,1766073087.3697186
0.676315650343895,1.4721444845199585,58.693976251,0.2339460253715515,0.0001,0.012861736334405145,896813.0,6,5,1766073095.8592536
0.6751311868429184,1.4585812091827393,68.648787116,0.21076443791389465,0.0001,0.015005359056806002,1062679.0,7,6,1766073105.8140476
0.6774458885192871,1.4325194358825684,77.227285991,0.24622216820716858,0.0001,0.01714898177920686,1212566.0,8,7,1766073114.3925438
0.6927871257066727,1.3357079029083252,86.910026707,0.1179666817188263,0.0001,0.01929260450160772,1373797.0,9,8,1766073124.075295
0.6895235180854797,1.3575818538665771,95.367977468,0.15173913538455963,0.0001,0.021436227224008574,1516877.0,10,9,1766073132.5332518
0.6966651827096939,1.3169811964035034,103.902879383,0.23518703877925873,0.0001,0.023579849946409433,1663977.0,11,10,1766073141.0681708
0.7198681235313416,1.2243773937225342,111.994949149,0.17727282643318176,0.0001,0.02572347266881029,1815907.0,12,11,1766073149.1602333
0.7259130030870438,1.185425877571106,121.267917912,0.1797051876783371,0.0001,0.027867095391211148,1971911.0,13,12,1766073158.4330766
0.7238629311323166,1.1784266233444214,130.081989205,0.16158580780029297,0.0001,0.030010718113612004,2135596.0,14,13,1766073167.2471478
0.736852303147316,1.119092345237732,138.367575368,0.19482138752937317,0.0001,0.03215434083601286,2285621.0,15,14,1766073175.5327604
0.7445297688245773,1.0904395580291748,148.020845942,0.16768904030323029,0.0001,0.03429796355841372,2441090.0,16,15,1766073185.1861193
0.7591550499200821,1.0299255847930908,156.222946425,0.16077446937561035,0.0001,0.03644158628081458,2591858.0,17,16,1766073193.388084
0.7547021061182022,1.023608684539795,165.431085927,0.15613403916358948,0.0001,0.03858520900321544,2754012.0,18,17,1766073202.5963752
0.7617179304361343,1.0039846897125244,174.307457513,0.16871240735054016,0.0001,0.04072883172561629,2916829.0,19,18,1766073211.472725
0.7572664767503738,1.0181843042373657,182.656897826,0.14582259953022003,0.0001,0.04287245444801715,3061305.0,20,19,1766073219.822137
0.76597560942173,0.9669368267059326,191.153268847,0.1330658495426178,0.0001,0.04501607717041801,3219127.0,21,20,1766073228.318464
0.7690970301628113,0.9568557739257812,200.254199422,0.11010576784610748,0.0001,0.04715969989281887,3380158.0,22,21,1766073237.4193335
0.7717753201723099,0.9473350048065186,208.333929928,0.09974654763936996,0.0001,0.04930332261521972,3539898.0,23,22,1766073245.499188
0.7733504623174667,0.9271107912063599,215.713780912,0.09242181479930878,0.0001,0.05144694533762058,3689574.0,24,23,1766073252.8790193
0.7651693373918533,0.9646481275558472,224.969775313,0.07973223179578781,0.0001,0.05359056806002144,3855970.0,25,24,1766073262.1348977
0.7770317643880844,0.9080698490142822,233.337391688,0.07532757520675659,0.0001,0.055734190782422297,4018658.0,26,25,1766073270.5025868
0.7597665786743164,0.9831374287605286,242.054922584,0.07495082914829254,0.0001,0.05787781350482315,4171160.0,27,26,1766073279.220166
0.7832242548465729,0.8777165412902832,249.725770971,0.06998785585165024,0.0001,0.06002143622722401,4314298.0,28,27,1766073286.8909552
0.7779988050460815,0.8999847173690796,257.65975209,0.06547687947750092,0.0001,0.06216505894962487,4468546.0,29,28,1766073294.8250084
0.7670285701751709,0.9527665376663208,266.627777364,0.05891543626785278,0.0001,0.06430868167202572,4635984.0,30,29,1766073303.7930202
0.7836404740810394,0.8778563737869263,274.569731066,0.05587143078446388,0.0001,0.06645230439442658,4790352.0,31,30,1766073311.7349017
0.7703863084316254,0.9299877285957336,283.465739776,0.04627168923616409,0.0001,0.06859592711682744,4956096.0,32,31,1766073320.6309986
0.7854554951190948,0.8641214966773987,291.02608226,0.0434173159301281,0.0001,0.0707395498392283,5107640.0,33,32,1766073328.191294
0.7832210808992386,0.8723737001419067,299.474878743,0.042909372597932816,0.0001,0.07288317256162916,5265237.0,34,33,1766073336.640138
0.7851772308349609,0.8604437708854675,308.026938155,0.04384878650307655,0.0001,0.07502679528403002,5419378.0,35,34,1766073345.192201
0.7800491601228714,0.8735002279281616,316.303828118,0.04067932814359665,0.0001,0.07717041800643087,5576075.0,36,35,1766073353.4689791
0.7851905226707458,0.8690609931945801,323.957364166,0.04005483537912369,0.0001,0.07931404072883172,5720029.0,37,36,1766073361.1226408
0.7804741412401199,0.8849920034408569,332.697954284,0.03716712072491646,0.0001,0.08145766345123258,5884915.0,38,37,1766073369.8631995
0.7805708199739456,0.8791162967681885,340.943349126,0.03607797995209694,0.0001,0.08360128617363344,6032758.0,39,38,1766073378.1086545
0.7798009961843491,0.8856889605522156,348.923674675,0.03394235670566559,0.0001,0.0857449088960343,6187550.0,40,39,1766073386.088946
0.7741741389036179,0.8965205550193787,358.230703686,0.029951369389891624,0.0001,0.08788853161843516,6355408.0,41,40,1766073395.3959885
0.7764244228601456,0.8944769501686096,367.139664507,0.031247394159436226,0.0001,0.09003215434083602,6519771.0,42,41,1766073404.3049192
0.7839019894599915,0.858687162399292,375.167554327,0.02889063209295273,0.0001,0.09217577706323687,6672296.0,43,42,1766073412.3328578
0.7693050801753998,0.9151023626327515,385.720011669,0.028710581362247467,0.0001,0.09431939978563773,6843136.0,44,43,1766073422.8852963
0.772559866309166,0.8972999453544617,394.854273922,0.03385322168469429,0.0001,0.09646302250803858,6993296.0,45,44,1766073432.0195405
0.7862962782382965,0.8517838716506958,403.37510966,0.033090461045503616,0.0001,0.09860664523043944,7142356.0,46,45,1766073440.5403793
0.7870709151029587,0.8515084981918335,410.980590942,0.03116304613649845,0.0001,0.1007502679528403,7294167.0,47,46,1766073448.1458871
0.7639651745557785,0.9460873603820801,421.096340839,0.024928120896220207,0.0001,0.10289389067524116,7470762.0,48,47,1766073458.2616057
0.7843983918428421,0.8590961694717407,430.260600141,0.025856437161564827,0.0001,0.10503751339764202,7629052.0,49,48,1766073467.4257734
0.7874832153320312,0.8411227464675903,437.945241875,0.028698334470391273,0.0001,0.10718113612004287,7779609.0,50,49,1766073475.1104271
0.7820967733860016,0.8688364028930664,446.406579985,0.03007204830646515,0.0001,0.10932475884244373,7927458.0,51,50,1766073483.5718627
0.7865711748600006,0.8508331775665283,454.109781713,0.025425799190998077,0.0001,0.11146838156484459,8078023.0,52,51,1766073491.2750535
0.7838445603847504,0.8621715307235718,461.945595281,0.024184387177228928,0.0001,0.11361200428724544,8230483.0,53,52,1766073499.110902
0.7915640622377396,0.8310109376907349,469.88512126,0.024189699441194534,0.0001,0.1157556270096463,8375984.0,54,53,1766073507.0504131
0.7690285444259644,0.9244439601898193,478.81869259,0.023261453956365585,0.0001,0.11789924973204716,8547262.0,55,54,1766073515.9839635
0.7762578427791595,0.8971021175384521,487.880333177,0.028054241091012955,0.0001,0.12004287245444802,8704936.0,56,55,1766073525.0455964
0.7834963202476501,0.8600783348083496,496.324359464,0.025774989277124405,0.0001,0.12218649517684887,8867795.0,57,56,1766073533.489622
0.7824729532003403,0.8656078577041626,504.178846533,0.024638481438159943,0.0001,0.12433011789924973,9019339.0,58,57,1766073541.344116
0.7815912812948227,0.8727221488952637,512.942968715,0.02289258874952793,0.0001,0.1264737406216506,9189045.0,59,58,1766073550.1082222
0.7822563946247101,0.8597556352615356,521.156173339,0.02696601301431656,0.0001,0.12861736334405144,9353955.0,60,59,1766073558.3214674
0.796677976846695,0.8180763721466064,529.853726371,0.02156454138457775,0.0001,0.1307609860664523,9504744.0,61,60,1766073567.018999
0.7720706462860107,0.9073641300201416,538.890387286,0.02210715040564537,0.0001,0.13290460878885316,9662901.0,62,61,1766073576.0556571
0.797936886548996,0.798616886138916,546.45208735,0.02291889116168022,0.0001,0.13504823151125403,9809122.0,63,62,1766073583.6173508
0.7880692481994629,0.8490299582481384,555.297106779,0.024253452196717262,0.0001,0.13719185423365488,9968473.0,64,63,1766073592.46241
0.7806694805622101,0.8781153559684753,563.993793216,0.024751951918005943,0.0001,0.13933547695605572,10119334.0,65,64,1766073601.1590688
0.7907015383243561,0.8348454236984253,571.397412117,0.024910854175686836,0.0001,0.1414790996784566,10259437.0,66,65,1766073608.5626993
0.7791548073291779,0.8839922547340393,581.258863121,0.02084183879196644,0.0001,0.14362272240085744,10416011.0,67,66,1766073618.4241457
0.7814653366804123,0.8722004294395447,589.019978337,0.021008362993597984,0.0001,0.1457663451232583,10566185.0,68,67,1766073626.1852386
0.7884425669908524,0.8456254601478577,596.74148513,0.023785077035427094,0.0001,0.14790996784565916,10715715.0,69,68,1766073633.906761
0.7827600538730621,0.8622280359268188,606.245327503,0.02073770947754383,0.0001,0.15005359056806003,10880059.0,70,69,1766073643.4106011
0.7859825640916824,0.8436830043792725,613.92684733,0.021675193682312965,0.0001,0.15219721329046088,11036249.0,71,70,1766073651.0921445
0.7831550389528275,0.858534038066864,622.117033826,0.023995444178581238,0.0001,0.15434083601286175,11186751.0,72,71,1766073659.28232
0.7767753005027771,0.886928379535675,631.025103405,0.02471710555255413,0.0001,0.1564844587352626,11356082.0,73,72,1766073668.1903808
0.7810068875551224,0.8704473972320557,639.431993957,0.021180953830480576,0.0001,0.15862808145766344,11514483.0,74,73,1766073676.5972626
0.7824178636074066,0.856443464756012,647.121805371,0.02267972007393837,0.0001,0.1607717041800643,11663606.0,75,74,1766073684.2870748
0.7843350917100906,0.8561742305755615,655.531107627,0.022541871294379234,0.0001,0.16291532690246516,11816781.0,76,75,1766073692.6963863
0.7806667536497116,0.8711075782775879,663.779582343,0.021129582077264786,0.0001,0.16505894962486603,11978438.0,77,76,1766073700.9448597
0.7882271707057953,0.8393017053604126,672.181635951,0.02168429270386696,0.0001,0.16720257234726688,12137976.0,78,77,1766073709.3469388
0.7843308001756668,0.868561327457428,680.898261689,0.02267128974199295,0.0001,0.16934619506966775,12295505.0,79,78,1766073718.063536
0.7790317833423615,0.8776891231536865,689.089289285,0.02159946784377098,0.0001,0.1714898177920686,12452019.0,80,79,1766073726.254556
0.7751386910676956,0.8904517889022827,698.652658571,0.023671086877584457,0.0001,0.17363344051446947,12611435.0,81,80,1766073735.8179295
0.7943014353513718,0.8150287866592407,707.94384328,0.02199680730700493,0.0001,0.1757770632368703,12770621.0,82,81,1766073745.1091197
0.785544827580452,0.8512980937957764,715.653401087,0.02377369999885559,0.0001,0.17792068595927116,12917873.0,83,82,1766073752.8186846
0.7890622913837433,0.8390133380889893,723.076416723,0.026115113869309425,0.0001,0.18006430868167203,13056173.0,84,83,1766073760.2416956
0.7744352221488953,0.8900443315505981,731.271663876,0.023242108523845673,0.0001,0.18220793140407288,13211326.0,85,84,1766073768.436959
0.7794417142868042,0.8779515624046326,739.157274815,0.023624980822205544,0.0001,0.18435155412647375,13369675.0,86,85,1766073776.3225513
0.7876720130443573,0.8340708017349243,747.533468965,0.024996783584356308,0.0001,0.1864951768488746,13509971.0,87,86,1766073784.6987731
0.7836724668741226,0.863365113735199,756.723186465,0.02173135057091713,0.0001,0.18863879957127547,13673080.0,88,87,1766073793.888456
0.7695988714694977,0.9068304896354675,765.037863673,0.026732534170150757,0.0001,0.1907824222936763,13838935.0,89,88,1766073802.2031708
0.7755493074655533,0.8816565275192261,774.583172547,0.023241767659783363,0.0001,0.19292604501607716,14002150.0,90,89,1766073811.7484453
0.785844013094902,0.856512725353241,782.93912418,0.02459609881043434,0.0001,0.19506966773847803,14156247.0,91,90,1766073820.104382
0.7830718159675598,0.8571105003356934,792.053595143,0.02496928907930851,0.0001,0.19721329046087888,14323035.0,92,91,1766073829.2188818
0.7749434113502502,0.9003980159759521,801.487961643,0.021897636353969574,0.0001,0.19935691318327975,14490759.0,93,92,1766073838.6531415
0.7834441065788269,0.8577331304550171,809.484844686,0.023017263039946556,0.0001,0.2015005359056806,14642384.0,94,93,1766073846.6500869
0.7856977880001068,0.8486112356185913,817.109061542,0.027735620737075806,0.0001,0.20364415862808147,14786158.0,95,94,1766073854.274245
0.7880936414003372,0.8340546488761902,824.902692537,0.02370772510766983,0.0001,0.2057877813504823,14929253.0,96,95,1766073862.0679572
0.7957781851291656,0.796984851360321,833.598748749,0.02334028109908104,0.0001,0.20793140407288319,15078062.0,97,96,1766073870.7640224
0.7771342098712921,0.8792747855186462,842.01877149,0.024062611162662506,0.0001,0.21007502679528403,15227850.0,98,97,1766073879.1840408
0.7845548391342163,0.8525928258895874,851.012795754,0.0320049449801445,0.0001,0.21221864951768488,15385692.0,99,98,1766073888.177908
0.7944362312555313,0.8157994747161865,860.253720754,0.024257715791463852,0.0001,0.21436227224008575,15540223.0,100,99,1766073897.4188435
0.7955981343984604,0.8098100423812866,870.799703631,0.04556291177868843,0.0001,0.2165058949624866,15695591.0,101,100,1766073907.9649658
0.7871436029672623,0.849484920501709,878.971755928,0.03203142434358597,0.0001,0.21864951768488747,15855000.0,102,101,1766073916.1369197
0.7797036170959473,0.8670522570610046,887.18465806,0.023141786456108093,0.0001,0.2207931404072883,16010570.0,103,102,1766073924.349826
0.7835942506790161,0.8453275561332703,895.674162708,0.028221970424056053,0.0001,0.22293676312968919,16175156.0,104,103,1766073932.8394263
0.7810085266828537,0.8633754253387451,905.228562747,0.02277402952313423,0.0001,0.22508038585209003,16345184.0,105,104,1766073942.3938103
0.7841002494096756,0.8583052158355713,913.954150984,0.025837957859039307,0.0001,0.22722400857449088,16496673.0,106,105,1766073951.1193802
0.7824431955814362,0.867217481136322,922.420706936,0.027641097083687782,0.0001,0.22936763129689175,16650964.0,107,106,1766073959.585965
0.7794032841920853,0.8760403394699097,931.131661464,0.028101202100515366,0.0001,0.2315112540192926,16806131.0,108,107,1766073968.2968729
0.7799572646617889,0.8820167183876038,939.867714033,0.05672051012516022,0.0001,0.23365487674169347,16971757.0,109,108,1766073977.0328722
0.7903569638729095,0.8318701982498169,948.706556985,0.025601031258702278,0.0001,0.2357984994640943,17125261.0,110,109,1766073985.8718257
0.7909475266933441,0.8248820304870605,957.533961428,0.028334468603134155,0.0001,0.2379421221864952,17285808.0,111,110,1766073994.6992354
0.7919014245271683,0.825690746307373,966.594522546,0.04296628758311272,0.0001,0.24008574490889603,17436207.0,112,111,1766074003.7597845
0.7811790555715561,0.8547980785369873,975.306548071,0.05285103619098663,0.0001,0.2422293676312969,17609651.0,113,112,1766074012.4718697
0.7846329808235168,0.8515925407409668,984.376284885,0.025690888985991478,0.0001,0.24437299035369775,17764531.0,114,113,1766074021.5415647
0.7977521866559982,0.8039420247077942,992.916054939,0.028763752430677414,0.0001,0.2465166130760986,17923936.0,115,114,1766074030.0813456
0.7914002984762192,0.8212865591049194,1001.81447555,0.039327409118413925,0.0001,0.24866023579849947,18080869.0,116,115,1766074038.9797716
0.7823334187269211,0.8626049757003784,1010.237908044,0.0368429534137249,0.0001,0.2508038585209003,18244414.0,117,116,1766074047.403187
0.7818945199251175,0.8656905293464661,1019.466485604,0.025480404496192932,0.0001,0.2529474812433012,18401734.0,118,117,1766074056.6317673
0.7911080420017242,0.8230487108230591,1027.892624375,0.029386982321739197,0.0001,0.25509110396570206,18555213.0,119,118,1766074065.0579255
0.767347127199173,0.9202778339385986,1038.575288366,0.03389565646648407,0.0001,0.2572347266881029,18729596.0,120,119,1766074075.7405734
0.7887714058160782,0.8328350782394409,1046.180589856,0.034571148455142975,0.0001,0.25937834941050375,18874599.0,121,120,1766074083.3458464
0.7804831117391586,0.8554621934890747,1055.124489716,0.03150760382413864,0.0001,0.2615219721329046,19043580.0,122,121,1766074092.2897625
0.7866697013378143,0.8463201522827148,1063.112570474,0.026167508214712143,0.0001,0.26366559485530544,19188254.0,123,122,1766074100.2778552
0.7928031980991364,0.8127433061599731,1071.126286934,0.025586653500795364,0.0001,0.2658092175777063,19336517.0,124,123,1766074108.2915454
0.7915633469820023,0.8255917429924011,1080.507573242,0.02592655085027218,0.0001,0.2679528403001072,19494094.0,125,124,1766074117.6728904
0.7854680269956589,0.847510039806366,1088.626514477,0.026536734774708748,0.0001,0.27009646302250806,19648425.0,126,125,1766074125.7917688
0.7839271724224091,0.8505741357803345,1096.860444462,0.02504132315516472,0.0001,0.2722400857449089,19798344.0,127,126,1766074134.0257142
0.7870411723852158,0.8371601700782776,1104.939029197,0.06328414380550385,0.0001,0.27438370846730975,19955841.0,128,127,1766074142.1043067
0.7911596596240997,0.8287094235420227,1113.606184162,0.07466896623373032,0.0001,0.2765273311897106,20107598.0,129,128,1766074150.7714667
0.7916846573352814,0.8269580006599426,1121.234574211,0.025793133303523064,0.0001,0.27867095391211144,20258362.0,130,129,1766074158.3998559
0.7764063030481339,0.8775160312652588,1129.821598849,0.026085326448082924,0.0001,0.2808145766345123,20412165.0,131,130,1766074166.9868677
0.7955913096666336,0.8067505955696106,1137.608691981,0.07517889142036438,0.0001,0.2829581993569132,20561798.0,132,131,1766074174.7739568
0.781584694981575,0.8567551374435425,1145.685809008,0.04178386181592941,0.0001,0.28510182207931406,20720111.0,133,132,1766074182.8510973
0.791507214307785,0.8225094676017761,1154.167687689,0.04593037813901901,0.0001,0.2872454448017149,20876095.0,134,133,1766074191.3329437
0.7865588814020157,0.8411049842834473,1162.877098419,0.02499357797205448,0.0001,0.28938906752411575,21031975.0,135,134,1766074200.042388
0.7926956117153168,0.810091495513916,1171.955735983,0.0971851646900177,0.0001,0.2915326902465166,21180614.0,136,135,1766074209.1210012
0.7725173085927963,0.9015027284622192,1181.752901019,0.04849948734045029,0.0001,0.2936763129689175,21349138.0,137,136,1766074218.9181964
0.7748941481113434,0.8834789991378784,1191.194246922,0.07412771880626678,0.0001,0.2958199356913183,21511590.0,138,137,1766074228.359505
0.7860351502895355,0.8447023034095764,1199.39515357,0.028679167851805687,0.0001,0.2979635584137192,21656819.0,139,138,1766074236.560416
0.7797460705041885,0.867599368095398,1207.281611522,0.08555003255605698,0.0001,0.30010718113612006,21811238.0,140,139,1766074244.4468737
0.7718858420848846,0.8966332077980042,1215.697636859,0.029165223240852356,0.0001,0.3022508038585209,21980388.0,141,140,1766074252.8629353
0.7735350728034973,0.8890985250473022,1225.396748121,0.039593350142240524,0.0001,0.30439442658092175,22142594.0,142,141,1766074262.5620494
0.7773161828517914,0.8797481060028076,1233.842699098,0.03788672387599945,0.0001,0.3065380493033226,22299845.0,143,142,1766074271.007972
0.7896279096603394,0.8353345394134521,1243.283864369,0.02517520636320114,0.0001,0.3086816720257235,22465527.0,144,143,1766074280.4491756
0.7942295670509338,0.8120205402374268,1251.85849768,0.039280686527490616,0.0001,0.3108252947481243,22618289.0,145,144,1766074289.023784
0.7906698286533356,0.8286395072937012,1260.202220838,0.042124222964048386,0.0001,0.3129689174705252,22770622.0,146,145,1766074297.3675158
0.796013280749321,0.800810694694519,1268.246183268,0.033158864825963974,0.0001,0.31511254019292606,22922597.0,147,146,1766074305.4114397
0.7887509912252426,0.8307952284812927,1276.720073288,0.04734053090214729,0.0001,0.3172561629153269,23075685.0,148,147,1766074313.8853483
0.7886766791343689,0.834086000919342,1285.058154042,0.03330342099070549,0.0001,0.31939978563772775,23239973.0,149,148,1766074322.2234318
0.7796477377414703,0.8737459778785706,1295.277804679,0.05344256013631821,0.0001,0.3215434083601286,23407446.0,150,149,1766074332.443051
0.79746875166893,0.7994424700737,1303.773603108,0.04725303128361702,0.0001,0.3236870310825295,23555395.0,151,150,1766074340.9388175
0.7893938422203064,0.8435909748077393,1312.308971277,0.03686613589525223,0.0001,0.3258306538049303,23712167.0,152,151,1766074349.4741924
0.7816756665706635,0.8590766191482544,1320.905671139,0.04768567532300949,0.0001,0.3279742765273312,23869562.0,153,152,1766074358.0708594
0.7818467170000076,0.8553479909896851,1329.773344797,0.02666798047721386,0.0001,0.33011789924973206,24027568.0,154,153,1766074366.9384062
0.7829083353281021,0.8654177188873291,1338.353472281,0.02653556689620018,0.0001,0.3322615219721329,24183451.0,155,154,1766074375.5186327
0.7871735394001007,0.837096095085144,1347.712994686,0.05670355632901192,0.0001,0.33440514469453375,24342400.0,156,155,1766074384.8781784
0.7811285257339478,0.8695245385169983,1357.685312904,0.03794846683740616,0.0001,0.3365487674169346,24500736.0,157,156,1766074394.8504782
0.7911697924137115,0.824817955493927,1367.193136782,0.03957793489098549,0.0001,0.3386923901393355,24652820.0,158,157,1766074404.3584113
0.7848884016275406,0.8377526998519897,1375.382493157,0.05100681260228157,0.0001,0.3408360128617363,24810632.0,159,158,1766074412.547626
0.7884363085031509,0.8263822793960571,1384.601054,0.035991519689559937,0.0001,0.3429796355841372,24968589.0,160,159,1766074421.7663045
0.7808991968631744,0.8642087578773499,1393.620861791,0.05819204822182655,0.0001,0.34512325830653806,25125017.0,161,160,1766074430.786056
0.79547418653965,0.8014299869537354,1402.154266932,0.05087487772107124,0.0001,0.34726688102893893,25277188.0,162,161,1766074439.3194346
0.7993275076150894,0.7887902855873108,1410.152502143,0.03257227689027786,0.0001,0.34941050375133975,25430057.0,163,162,1766074447.317649
0.7988245189189911,0.7986080646514893,1419.745076372,0.05191398411989212,0.0001,0.3515541264737406,25583830.0,164,163,1766074456.9101691
0.7848401367664337,0.8506544828414917,1428.463798071,0.04222934693098068,0.0001,0.3536977491961415,25742285.0,165,164,1766074465.629076
0.7882454544305801,0.8301329612731934,1437.828472773,0.06269445270299911,0.0001,0.3558413719185423,25907065.0,166,165,1766074474.9937475
0.7917511612176895,0.814927875995636,1445.527452799,0.056741371750831604,0.0001,0.3579849946409432,26051750.0,167,166,1766074482.6927094
0.7872734814882278,0.8446377515792847,1453.589610414,0.05603725463151932,0.0001,0.36012861736334406,26204362.0,168,167,1766074490.7548962
0.7804538607597351,0.8646323680877686,1462.478370536,0.05638560652732849,0.0001,0.36227224008574493,26364857.0,169,168,1766074499.6436229
0.7906472831964493,0.826487123966217,1470.598013991,0.028585586696863174,0.0001,0.36441586280814575,26513585.0,170,169,1766074507.7631636
0.7823477536439896,0.8588337898254395,1479.893966758,0.06352277845144272,0.0001,0.3665594855305466,26680409.0,171,170,1766074517.0592072
0.7993226051330566,0.7990836501121521,1487.782163705,0.037345949560403824,0.0001,0.3687031082529475,26817383.0,172,171,1766074524.947431
0.7864891588687897,0.8468503355979919,1496.435294503,0.04491560906171799,0.0001,0.3708467309753483,26962206.0,173,172,1766074533.6005538
0.7920725643634796,0.8216424584388733,1505.673112507,0.056490685790777206,0.0001,0.3729903536977492,27123276.0,174,173,1766074542.8383286
0.783133864402771,0.8545830249786377,1514.682666279,0.028243284672498703,0.0001,0.37513397642015006,27290681.0,175,174,1766074551.8479238
0.7826467901468277,0.8568397760391235,1523.325235596,0.04511792212724686,0.0001,0.37727759914255093,27449673.0,176,175,1766074560.4904997
0.78999362885952,0.8263323307037354,1531.346064737,0.04527005925774574,0.0001,0.37942122186495175,27601441.0,177,176,1766074568.5113175
0.7892939448356628,0.8387031555175781,1540.117396097,0.04462156444787979,0.0001,0.3815648445873526,27748300.0,178,177,1766074577.2826343
0.799429401755333,0.7958253622055054,1548.763312116,0.029331449419260025,0.0001,0.3837084673097535,27900973.0,179,178,1766074585.9285011
0.7874141484498978,0.8392957448959351,1557.555430447,0.03502882272005081,0.0001,0.3858520900321543,28057386.0,180,179,1766074594.7206893
0.7858086079359055,0.8448501229286194,1566.195287572,0.03205852955579758,0.0001,0.3879957127545552,28218433.0,181,180,1766074603.3605516
0.7891594469547272,0.8333392143249512,1575.662013367,0.02893368899822235,0.0001,0.39013933547695606,28378531.0,182,181,1766074612.8273106
0.8056550025939941,0.7712528109550476,1583.336528115,0.035211335867643356,0.0001,0.39228295819935693,28517567.0,183,182,1766074620.5018158
0.7949226051568985,0.7988730072975159,1591.215328286,0.02957226149737835,0.0001,0.39442658092175775,28678245.0,184,183,1766074628.3805988
0.7855749577283859,0.8510907292366028,1600.30468479,0.029263067990541458,0.0001,0.3965702036441586,28847748.0,185,184,1766074637.4699464
0.7899379134178162,0.8324252963066101,1608.155473671,0.05128207430243492,0.0001,0.3987138263665595,29003477.0,186,185,1766074645.3206234
0.789440393447876,0.83030104637146,1617.358969024,0.044783346354961395,0.0001,0.4008574490889603,29163981.0,187,186,1766074654.5240867
0.7901768535375595,0.8213149309158325,1626.423363382,0.05566728487610817,0.0001,0.4030010718113612,29313769.0,188,187,1766074663.5884907
0.7904116958379745,0.815554141998291,1635.420082739,0.05849296227097511,0.0001,0.40514469453376206,29474111.0,189,188,1766074672.58538
0.7812715321779251,0.8690710067749023,1643.854992705,0.027691559866070747,0.0001,0.40728831725616294,29641339.0,190,189,1766074681.020195
0.796701967716217,0.8032803535461426,1652.094962081,0.04484552890062332,0.0001,0.40943193997856375,29795124.0,191,190,1766074689.26024
0.7860294878482819,0.8453205823898315,1660.52851513,0.05206155776977539,0.0001,0.4115755627009646,29956920.0,192,191,1766074697.693798
0.7814713269472122,0.8560174703598022,1669.039766594,0.03022996336221695,0.0001,0.4137191854233655,30113790.0,193,192,1766074706.2050488
0.7899861484766006,0.8225057721138,1678.62698672,0.04959530383348465,0.0001,0.41586280814576637,30267060.0,194,193,1766074715.7922688
0.786911204457283,0.8379246592521667,1686.668735565,0.04666512832045555,0.0001,0.4180064308681672,30420733.0,195,194,1766074723.8339794
0.7862311154603958,0.8411065936088562,1695.400262301,0.032795388251543045,0.0001,0.42015005359056806,30582338.0,196,195,1766074732.565566
0.7980974316596985,0.8018187880516052,1702.92972457,0.05359936133027077,0.0001,0.42229367631296894,30735043.0,197,196,1766074740.0949912
0.7883434146642685,0.8339157700538635,1710.767436673,0.03792835399508476,0.0001,0.42443729903536975,30885025.0,198,197,1766074747.9327154
0.7893086969852448,0.8274340033531189,1718.586765971,0.04695780202746391,0.0001,0.4265809217577706,31036663.0,199,198,1766074755.752041
0.7999492138624191,0.7877167463302612,1726.458412218,0.044432610273361206,0.0001,0.4287245444801715,31184340.0,200,199,1766074763.623687
0.7871941030025482,0.8378424048423767,1736.555447796,0.028497179970145226,0.0001,0.43086816720257237,31345142.0,201,200,1766074773.7207067
0.7820407003164291,0.8537355661392212,1744.920584329,0.03676529973745346,0.0001,0.4330117899249732,31495847.0,202,201,1766074782.085857
0.7899810373783112,0.8245360851287842,1753.685577914,0.036956723779439926,0.0001,0.43515541264737406,31654749.0,203,202,1766074790.850847
0.7887673228979111,0.8335824012756348,1761.254958082,0.03411191701889038,0.0001,0.43729903536977494,31808152.0,204,203,1766074798.4202497
0.7841972559690475,0.8496623039245605,1769.96493742,0.029604457318782806,0.0001,0.43944265809217575,31977458.0,205,204,1766074807.1301727
0.7904755473136902,0.8215252161026001,1777.722881614,0.03510254994034767,0.0001,0.4415862808145766,32129990.0,206,205,1766074814.8881721
0.7803638726472855,0.8707827925682068,1787.439718543,0.03146748244762421,0.0001,0.4437299035369775,32295318.0,207,206,1766074824.6049874
0.7824262976646423,0.8551243543624878,1795.994330597,0.03701942414045334,0.0001,0.44587352625937837,32458576.0,208,207,1766074833.1596136
0.7871091663837433,0.8356173038482666,1805.115372179,0.03313887491822243,0.0001,0.4480171489817792,32617496.0,209,208,1766074842.2806416
0.7909346371889114,0.8234730958938599,1814.850483512,0.03003823012113571,0.0001,0.45016077170418006,32779172.0,210,209,1766074852.0157413
0.7917140573263168,0.8126616477966309,1823.355332109,0.03414539620280266,0.0001,0.45230439442658094,32931223.0,211,210,1766074860.5206034
0.7886062562465668,0.8268236517906189,1832.592551344,0.032568663358688354,0.0001,0.45444801714898175,33081708.0,212,211,1766074869.7578254
0.7900318056344986,0.8285207748413086,1840.845849232,0.03336368501186371,0.0001,0.4565916398713826,33234519.0,213,212,1766074878.0111127
0.7921271026134491,0.8173733353614807,1848.721134768,0.03514101728796959,0.0001,0.4587352625937835,33380554.0,214,213,1766074885.8864272
0.7835717648267746,0.85627281665802,1858.199455659,0.03605577349662781,0.0001,0.4608788853161844,33541078.0,215,214,1766074895.3647246
0.7891211807727814,0.8284353613853455,1867.589850261,0.03678068146109581,0.0001,0.4630225080385852,33702070.0,216,215,1766074904.7551153
0.8008314818143845,0.7828643918037415,1875.526862734,0.0321812629699707,0.0001,0.46516613076098606,33851344.0,217,216,1766074912.6921387
0.7912248820066452,0.8245948553085327,1884.041936884,0.049091000109910965,0.0001,0.46730975348338694,34005428.0,218,217,1766074921.207201
0.7897281497716904,0.8337457180023193,1891.603538887,0.06357548385858536,0.0001,0.4694533762057878,34142448.0,219,218,1766074928.7688131
0.7997584342956543,0.7857458591461182,1899.974364707,0.0328073725104332,0.0001,0.4715969989281886,34293582.0,220,219,1766074937.1396434
0.7840041071176529,0.863763153553009,1908.552783062,0.06860297918319702,0.0001,0.4737406216505895,34448802.0,221,220,1766074945.7180781
0.7917430549860001,0.8129673004150391,1916.998897347,0.03460296615958214,0.0001,0.4758842443729904,34608650.0,222,221,1766074954.164169
0.7947088927030563,0.8053348064422607,1926.322800586,0.052848704159259796,0.0001,0.4780278670953912,34765848.0,223,222,1766074963.4880784
0.7994661927223206,0.7997438907623291,1934.850337001,0.036262109875679016,0.0001,0.48017148981779206,34923587.0,224,223,1766074972.0155861
0.8017955720424652,0.7789051532745361,1942.203214735,0.03373574838042259,0.0001,0.48231511254019294,35061736.0,225,224,1766074979.368491
0.7847398072481155,0.8374612331390381,1950.526917513,0.04053456708788872,0.0001,0.4844587352625938,35224947.0,226,225,1766074987.6922288
0.7756086438894272,0.8838828802108765,1959.568424611,0.036612849682569504,0.0001,0.4866023579849946,35383552.0,227,226,1766074996.73368
0.7912683486938477,0.8273003697395325,1969.097292301,0.06471918523311615,0.0001,0.4887459807073955,35537848.0,228,227,1766075006.2625616
0.7910494059324265,0.8189901113510132,1976.874647292,0.031123407185077667,0.0001,0.4908896034297964,35694801.0,229,228,1766075014.0399177
0.7913365215063095,0.8192005157470703,1985.56713179,0.06353886425495148,0.0001,0.4930332261521972,35847389.0,230,229,1766075022.7324004
0.789180338382721,0.8304134607315063,1993.882488024,0.032629430294036865,0.0001,0.49517684887459806,36001061.0,231,230,1766075031.0477803
0.7905078381299973,0.8306523561477661,2002.276662341,0.03163788467645645,0.0001,0.49732047159699894,36153435.0,232,231,1766075039.4419246
0.7928273528814316,0.8171170353889465,2010.314621854,0.05090596154332161,0.0001,0.4994640943193998,36308551.0,233,232,1766075047.4799502
0.7925295680761337,0.8178482055664062,2018.682462454,0.03807951882481575,0.0001,0.5016077170418006,36451452.0,234,233,1766075055.847744
0.7993813455104828,0.7872563004493713,2026.129069735,0.033106666058301926,0.0001,0.5037513397642015,36596648.0,235,234,1766075063.2943592
0.7873554229736328,0.8227882385253906,2034.932001686,0.03166333585977554,0.0001,0.5058949624866024,36751665.0,236,235,1766075072.0972776
0.7904226332902908,0.8270325660705566,2044.260881893,0.034430526196956635,0.0001,0.5080385852090032,36908485.0,237,236,1766075081.4261398
0.8036133199930191,0.7808458805084229,2052.506521771,0.036466941237449646,0.0001,0.5101822079314041,37064151.0,238,237,1766075089.6717708
0.7894215136766434,0.8268754482269287,2060.440367255,0.03274553269147873,0.0001,0.5123258306538049,37217517.0,239,238,1766075097.605684
0.8018904626369476,0.774783730506897,2068.063147603,0.03391588106751442,0.0001,0.5144694533762058,37367961.0,240,239,1766075105.2284167
0.7916259765625,0.814998209476471,2076.894399408,0.03294825181365013,0.0001,0.5166130760986066,37526897.0,241,240,1766075114.0596683
0.7777647376060486,0.8707185387611389,2084.951973533,0.04430864378809929,0.0001,0.5187566988210075,37685668.0,242,241,1766075122.1172504
0.7915006428956985,0.8209215402603149,2093.362754113,0.043391164392232895,0.0001,0.5209003215434084,37839489.0,243,242,1766075130.5280368
0.78464674949646,0.8455543518066406,2101.573149819,0.033373501151800156,0.0001,0.5230439442658092,37997238.0,244,243,1766075138.7384355
0.7745848745107651,0.8859859108924866,2111.850376527,0.039248764514923096,0.0001,0.5251875669882101,38168011.0,245,244,1766075149.0156686
0.7887997478246689,0.8353119492530823,2119.893756991,0.03193238005042076,0.0001,0.5273311897106109,38326230.0,246,245,1766075157.0590296
0.8019986152648926,0.7819256782531738,2128.219455816,0.03542223945260048,0.0001,0.5294748124330118,38478252.0,247,246,1766075165.3847113
0.7951881885528564,0.8056047558784485,2135.745237886,0.056301239877939224,0.0001,0.5316184351554126,38625546.0,248,247,1766075172.9105299
0.7890480309724808,0.8249293565750122,2144.363198749,0.03461401164531708,0.0001,0.5337620578778135,38771391.0,249,248,1766075181.528389
0.7875297665596008,0.8314335346221924,2153.463872343,0.0319930799305439,0.0001,0.5359056806002144,38929652.0,250,249,1766075190.6291347
0.7847564965486526,0.836092472076416,2161.605648027,0.03806992992758751,0.0001,0.5380493033226152,39078825.0,251,250,1766075198.7709482
0.7821306586265564,0.8487048745155334,2170.589588664,0.03217773139476776,0.0001,0.5401929260450161,39250764.0,252,251,1766075207.7548103
0.7941275089979172,0.8077784776687622,2179.006738473,0.03393435850739479,0.0001,0.5423365487674169,39401652.0,253,252,1766075216.171995
0.7922796308994293,0.8185327053070068,2187.421081932,0.042936041951179504,0.0001,0.5444801714898178,39556368.0,254,253,1766075224.5863547
0.7951501309871674,0.797792911529541,2195.266304699,0.044131286442279816,0.0001,0.5466237942122186,39716091.0,255,254,1766075232.431402
0.7912719696760178,0.8245545625686646,2203.077749164,0.03364910930395126,0.0001,0.5487674169346195,39864668.0,256,255,1766075240.2430463
0.7795956134796143,0.8546667695045471,2211.662580565,0.033298950642347336,0.0001,0.5509110396570204,40026842.0,257,256,1766075248.827785
0.7914154678583145,0.8197660446166992,2220.150385415,0.03247227892279625,0.0001,0.5530546623794212,40185219.0,258,257,1766075257.3156328
0.7854375690221786,0.8392190933227539,2228.343449177,0.04289915785193443,0.0001,0.5551982851018221,40338073.0,259,258,1766075265.5086856
0.7829281687736511,0.8489176034927368,2237.050773448,0.03396003693342209,0.0001,0.5573419078242229,40501465.0,260,259,1766075274.2160285
0.7877310514450073,0.8319025039672852,2245.826396593,0.03784437105059624,0.0001,0.5594855305466238,40657227.0,261,260,1766075282.991665
0.7961760312318802,0.8005847930908203,2254.971009967,0.03376170992851257,0.0001,0.5616291532690246,40807442.0,262,261,1766075292.1362653
0.7857613861560822,0.8368935585021973,2263.507794496,0.035879336297512054,0.0001,0.5637727759914255,40956359.0,263,262,1766075300.673083
0.7873926609754562,0.8279886841773987,2272.339437651,0.05197395756840706,0.0001,0.5659163987138264,41113297.0,264,263,1766075309.5046973
0.7884479612112045,0.8286206126213074,2281.440540725,0.04269380122423172,0.0001,0.5680600214362272,41267327.0,265,264,1766075318.6058154
0.7986827045679092,0.7928921580314636,2288.910150702,0.040124356746673584,0.0001,0.5702036441586281,41416137.0,266,265,1766075326.0753849
0.7927540391683578,0.8133549094200134,2297.057984816,0.03421202674508095,0.0001,0.572347266881029,41572626.0,267,266,1766075334.2232535
0.7981369942426682,0.7982377409934998,2306.117194589,0.0343061238527298,0.0001,0.5744908896034298,41724870.0,268,267,1766075343.282484
0.799958348274231,0.7882317304611206,2314.827737333,0.049672916531562805,0.0001,0.5766345123258306,41882397.0,269,268,1766075351.9930212
0.7828580886125565,0.8383367657661438,2323.104879004,0.04606594890356064,0.0001,0.5787781350482315,42044695.0,270,269,1766075360.2701643
0.7826720327138901,0.854232907295227,2331.906625843,0.04025072976946831,0.0001,0.5809217577706324,42195750.0,271,270,1766075369.0718982
0.7873557806015015,0.844587504863739,2340.356744492,0.04121283069252968,0.0001,0.5830653804930332,42347658.0,272,271,1766075377.5220766
0.7817755937576294,0.8494506478309631,2349.3831656,0.03626888617873192,0.0001,0.5852090032154341,42499617.0,273,272,1766075386.5484161
0.7980924695730209,0.7955849766731262,2358.039755504,0.03724634647369385,0.0001,0.587352625937835,42648060.0,274,273,1766075395.2050135
0.790647104382515,0.8167504072189331,2366.126620243,0.03503085672855377,0.0001,0.5894962486602358,42799438.0,275,274,1766075403.291789
0.7946639657020569,0.8085935115814209,2374.640103292,0.03531406447291374,0.0001,0.5916398713826366,42945465.0,276,275,1766075411.8053284
0.7964945286512375,0.7986304759979248,2382.947571455,0.035128675401210785,0.0001,0.5937834941050375,43089377.0,277,276,1766075420.1127155
0.7824017703533173,0.8585487604141235,2393.27738461,0.03358872979879379,0.0001,0.5959271168274384,43253006.0,278,277,1766075430.4426186
0.7920118719339371,0.8139411807060242,2402.155670121,0.04976321756839752,0.0001,0.5980707395498392,43420433.0,279,278,1766075439.3209517
0.791864812374115,0.8173342943191528,2410.324861656,0.04369216412305832,0.0001,0.6002143622722401,43577695.0,280,279,1766075447.490123
0.7914837449789047,0.8120351433753967,2419.976558352,0.07507972419261932,0.0001,0.602357984994641,43738482.0,281,280,1766075457.1418302
0.7899745553731918,0.8197171688079834,2429.30258131,0.07010666280984879,0.0001,0.6045016077170418,43895774.0,282,281,1766075466.4677427
0.793297216296196,0.8161925077438354,2437.378178876,0.06631555408239365,0.0001,0.6066452304394426,44045728.0,283,282,1766075474.543303
0.7865165323019028,0.8207772970199585,2446.325450612,0.054921675473451614,0.0001,0.6087888531618435,44207082.0,284,283,1766075483.4906604
0.7865864634513855,0.8385381698608398,2455.075936183,0.0797123834490776,0.0001,0.6109324758842444,44360492.0,285,284,1766075492.2411914
0.80121149122715,0.7799845933914185,2463.530541837,0.05149935558438301,0.0001,0.6130760986066452,44507249.0,286,285,1766075500.695784
0.7963617891073227,0.8124266862869263,2472.149372281,0.08017999678850174,0.0001,0.6152197213290461,44657380.0,287,286,1766075509.3146307
0.7921349853277206,0.8104454278945923,2480.242119838,0.04117394983768463,0.0001,0.617363344051447,44809690.0,288,287,1766075517.407365
0.7987487018108368,0.7861812114715576,2487.902481412,0.056945204734802246,0.0001,0.6195069667738478,44958006.0,289,288,1766075525.067768
0.7878778129816055,0.8328319787979126,2496.410878205,0.04393404722213745,0.0001,0.6216505894962486,45127484.0,290,289,1766075533.5761573
0.7818480283021927,0.8622469305992126,2505.105845189,0.04803162068128586,0.0001,0.6237942122186495,45288670.0,291,290,1766075542.2709467
0.7949468195438385,0.7971079349517822,2512.678243759,0.06513777375221252,0.0001,0.6259378349410504,45435435.0,292,291,1766075549.8434951
0.7925302535295486,0.8129684925079346,2520.963216732,0.04092413932085037,0.0001,0.6280814576634512,45582758.0,293,292,1766075558.1283915
0.7982064783573151,0.795987606048584,2529.123245721,0.05871246010065079,0.0001,0.6302250803858521,45724786.0,294,293,1766075566.288494
0.7963292747735977,0.8050521016120911,2537.06620875,0.04067134112119675,0.0001,0.632368703108253,45875653.0,295,294,1766075574.2314801
0.7961934953927994,0.7982197999954224,2545.131117899,0.056354060769081116,0.0001,0.6345123258306538,46026612.0,296,295,1766075582.2963374
0.7957116365432739,0.8058789968490601,2552.685021965,0.04521091282367706,0.0001,0.6366559485530546,46173537.0,297,296,1766075589.8502426
0.7866195887327194,0.839726448059082,2561.505915865,0.03922842815518379,0.0001,0.6387995712754555,46337020.0,298,297,1766075598.6711981
0.7923384606838226,0.8266185522079468,2569.889701695,0.05569383129477501,0.0001,0.6409431939978564,46484878.0,299,298,1766075607.0549827
0.7881576269865036,0.8221662044525146,2578.105086757,0.035482149571180344,0.0001,0.6430868167202572,46638837.0,300,299,1766075615.270342
0.7925273478031158,0.8147882223129272,2587.951607348,0.05955534800887108,0.0001,0.6452304394426581,46792654.0,301,300,1766075625.1168556
0.7861633896827698,0.8345117568969727,2595.939080733,0.04701164737343788,0.0001,0.647374062165059,46956735.0,302,301,1766075633.1043534
0.7835088223218918,0.8607209920883179,2605.251082765,0.049689628183841705,0.0001,0.6495176848874598,47119017.0,303,302,1766075642.4163816
0.7918744683265686,0.8192141056060791,2614.494398257,0.04292857274413109,0.0001,0.6516613076098606,47277064.0,304,303,1766075651.6596897
0.7893222570419312,0.8181054592132568,2623.639278137,0.051807183772325516,0.0001,0.6538049303322615,47425177.0,305,304,1766075660.804572
0.800934910774231,0.7839893102645874,2631.204462595,0.058618128299713135,0.0001,0.6559485530546624,47567815.0,306,305,1766075668.3697715
0.800478920340538,0.774147629737854,2639.259319637,0.06042120233178139,0.0001,0.6580921757770632,47711542.0,307,306,1766075676.4245996
0.7899321913719177,0.8358317613601685,2648.75026405,0.036064036190509796,0.0001,0.6602357984994641,47867963.0,308,307,1766075685.9155343
0.7944215387105942,0.8022458553314209,2657.268842095,0.04077717661857605,0.0001,0.662379421221865,48027087.0,309,308,1766075694.434123
0.7822098582983017,0.8504992723464966,2666.339398713,0.07620872557163239,0.0001,0.6645230439442658,48181216.0,310,309,1766075703.5046775
0.7792041748762131,0.8686383366584778,2675.39461377,0.03449713811278343,0.0001,0.6666666666666666,48346653.0,311,310,1766075712.559898
0.7825341373682022,0.8572983145713806,2683.580522548,0.056646935641765594,0.0001,0.6688102893890675,48515202.0,312,311,1766075720.7458022
0.7889768779277802,0.8346806168556213,2693.049328191,0.060535214841365814,0.0001,0.6709539121114684,48681596.0,313,312,1766075730.2146084
0.8048614859580994,0.7632579207420349,2701.492487183,0.03972943127155304,0.0001,0.6730975348338692,48830511.0,314,313,1766075738.6577435
0.7853799611330032,0.8442520499229431,2710.446737296,0.06948824971914291,0.0001,0.6752411575562701,48979750.0,315,314,1766075747.6120594
0.7952185869216919,0.8064815998077393,2719.40095669,0.056020479649305344,0.0001,0.677384780278671,49140486.0,316,315,1766075756.5662224
0.7939764261245728,0.8111985921859741,2728.664770137,0.03805549815297127,0.0001,0.6795284030010718,49297672.0,317,316,1766075765.829918
0.7924934774637222,0.814509928226471,2737.475841391,0.0634637176990509,0.0001,0.6816720257234726,49448662.0,318,317,1766075774.641104
0.7934889793395996,0.8116871118545532,2746.111147517,0.05337793380022049,0.0001,0.6838156484458735,49615721.0,319,318,1766075783.276439
0.7973835915327072,0.7896283864974976,2754.593938049,0.03524859622120857,0.0001,0.6859592711682744,49770136.0,320,319,1766075791.75922
0.7898293733596802,0.8274334669113159,2763.374019705,0.05224226415157318,0.0001,0.6881028938906752,49932945.0,321,320,1766075800.5392876
0.7988400906324387,0.7913104295730591,2771.905834159,0.05672697722911835,0.0001,0.6902465166130761,50079045.0,322,321,1766075809.071135
0.7869961112737656,0.8280141353607178,2781.353769967,0.03511590138077736,0.0001,0.692390139335477,50243726.0,323,322,1766075818.518897
0.7935504615306854,0.8122563362121582,2791.043957857,0.04398873448371887,0.0001,0.6945337620578779,50404071.0,324,323,1766075828.2091765
0.7862984985113144,0.8408698439598083,2799.472454222,0.0501684807240963,0.0001,0.6966773847802786,50557944.0,325,324,1766075836.6375608
0.7896390557289124,0.8277603983879089,2808.817137667,0.03578200936317444,0.0001,0.6988210075026795,50723566.0,326,325,1766075845.9823143
0.8076337724924088,0.7545781135559082,2817.07833763,0.06068930774927139,0.0001,0.7009646302250804,50868735.0,327,326,1766075854.2435794
0.7885064035654068,0.827443540096283,2825.542671815,0.035753026604652405,0.0001,0.7031082529474812,51027679.0,328,327,1766075862.70792
0.781967431306839,0.8538321256637573,2835.447521809,0.04105618596076965,0.0001,0.7052518756698821,51188474.0,329,328,1766075872.6128337
0.7973430752754211,0.7874153256416321,2843.450199585,0.04199652746319771,0.0001,0.707395498392283,51334182.0,330,329,1766075880.615469
0.790337398648262,0.8229931592941284,2852.256643864,0.03517657145857811,0.0001,0.7095391211146839,51499899.0,331,330,1766075889.421857
0.7969139665365219,0.7963627576828003,2860.402209825,0.037773046642541885,0.0001,0.7116827438370846,51645111.0,332,331,1766075897.5675166
0.798199251294136,0.783525288105011,2868.521058402,0.0380183570086956,0.0001,0.7138263665594855,51795720.0,333,332,1766075905.6863496
0.8060909807682037,0.7553145885467529,2876.457541095,0.039370886981487274,0.0001,0.7159699892818864,51934189.0,334,333,1766075913.6228251
0.7875087261199951,0.8437299728393555,2885.233631626,0.0374896414577961,0.0001,0.7181136120042872,52086111.0,335,334,1766075922.3988008
0.7908157259225845,0.8198049068450928,2893.018826626,0.03957170248031616,0.0001,0.7202572347266881,52241632.0,336,335,1766075930.183993
0.7893538177013397,0.8202046155929565,2902.88859326,0.03784245625138283,0.0001,0.722400857449089,52403245.0,337,336,1766075940.0538664
0.7861478179693222,0.8427180647850037,2911.864262715,0.040272828191518784,0.0001,0.7245444801714899,52567275.0,338,337,1766075949.029547
0.7885024696588516,0.8289838433265686,2920.692545332,0.03742828220129013,0.0001,0.7266881028938906,52733506.0,339,338,1766075957.8577898
0.7904316931962967,0.8252547979354858,2929.293652371,0.039752762764692307,0.0001,0.7288317256162915,52884795.0,340,339,1766075966.45881
0.790223091840744,0.8174322843551636,2937.485556548,0.03841705992817879,0.0001,0.7309753483386924,53039775.0,341,340,1766075974.6508434
0.7850512266159058,0.839631199836731,2947.02967589,0.03539992868900299,0.0001,0.7331189710610932,53204226.0,342,341,1766075984.1948118
0.7952041774988174,0.8022595643997192,2954.781862165,0.041833747178316116,0.0001,0.7352625937834941,53357002.0,343,342,1766075991.9471211
0.7909649312496185,0.8176809549331665,2962.69667931,0.05110755190253258,0.0001,0.737406216505895,53512592.0,344,343,1766075999.8619561
0.7815591841936111,0.8637474775314331,2971.644043191,0.038717009127140045,0.0001,0.7395498392282959,53675222.0,345,344,1766076008.809325
0.774941697716713,0.8765936493873596,2981.823849626,0.05394304543733597,0.0001,0.7416934619506966,53837794.0,346,345,1766076018.9891522
0.790645107626915,0.8236546516418457,2990.77770058,0.04308929294347763,0.0001,0.7438370846730975,53990810.0,347,346,1766076027.9430137
0.7964433282613754,0.7997215986251831,2999.561932776,0.040575627237558365,0.0001,0.7459807073954984,54142452.0,348,347,1766076036.727016
0.7964573949575424,0.7934185266494751,3008.774628386,0.07310858368873596,0.0001,0.7481243301178992,54294279.0,349,348,1766076045.939681
0.8005899488925934,0.7913905382156372,3016.682163641,0.03737398982048035,0.0001,0.7502679528403001,54445597.0,350,349,1766076053.8473413
0.790697306394577,0.8277280926704407,3025.806582572,0.05036636069417,0.0001,0.752411575562701,54603343.0,351,350,1766076062.9718518
0.8027870506048203,0.7763502597808838,3034.461712891,0.05685075744986534,0.0001,0.7545551982851019,54759468.0,352,351,1766076071.6270132
0.7930319905281067,0.8031229972839355,3043.451253669,0.03899186849594116,0.0001,0.7566988210075026,54913059.0,353,352,1766076080.6163716
0.7916806787252426,0.8127877712249756,3052.628500444,0.052368056029081345,0.0001,0.7588424437299035,55070490.0,354,353,1766076089.7937648
0.7864442467689514,0.8389015197753906,3061.935693934,0.050909675657749176,0.0001,0.7609860664523044,55234816.0,355,354,1766076099.100952
0.7890186011791229,0.8258943557739258,3069.890334198,0.037731871008872986,0.0001,0.7631296891747053,55387388.0,356,355,1766076107.05548
0.8001056760549545,0.7901960611343384,3078.420531997,0.057495925575494766,0.0001,0.7652733118971061,55538411.0,357,356,1766076115.5857978
0.7935954481363297,0.8054877519607544,3087.274489433,0.04653002694249153,0.0001,0.767416934619507,55688433.0,358,357,1766076124.4396074
0.7935665547847748,0.807597815990448,3094.974711564,0.04421193525195122,0.0001,0.7695605573419079,55839265.0,359,358,1766076132.1399257
0.8047125786542892,0.7695622444152832,3103.569099401,0.05541612207889557,0.0001,0.7717041800643086,55990505.0,360,359,1766076140.7343972
0.7875716537237167,0.8364914059638977,3113.136024703,0.03866219148039818,0.0001,0.7738478027867095,56160090.0,361,360,1766076150.301316
0.7949418872594833,0.8053661584854126,3120.860586978,0.050301693379879,0.0001,0.7759914255091104,56315482.0,362,361,1766076158.0258708
0.7843314409255981,0.844756007194519,3129.746081242,0.042817845940589905,0.0001,0.7781350482315113,56478778.0,363,362,1766076166.911343
0.7852575033903122,0.831904411315918,3139.319458832,0.038573380559682846,0.0001,0.7802786709539121,56640621.0,364,363,1766076176.4845607
0.790341779589653,0.8263601064682007,3148.888048461,0.04311883822083473,0.0001,0.782422293676313,56808271.0,365,364,1766076186.0531535
0.790819838643074,0.8190204501152039,3157.375984963,0.04530983790755272,0.0001,0.7845659163987139,56962569.0,366,365,1766076194.5412595
0.7910015434026718,0.8138366937637329,3165.294445732,0.039495863020420074,0.0001,0.7867095391211146,57113382.0,367,366,1766076202.459738
0.7823507338762283,0.844771146774292,3174.756959906,0.04028816521167755,0.0001,0.7888531618435155,57283115.0,368,367,1766076211.9221199
0.7953670769929886,0.7957680821418762,3183.540780809,0.044462449848651886,0.0001,0.7909967845659164,57431980.0,369,368,1766076220.706042
0.7896894216537476,0.8245868682861328,3192.685805173,0.04240503907203674,0.0001,0.7931404072883173,57593151.0,370,369,1766076229.851078
0.7898220121860504,0.8279228210449219,3203.521491571,0.04058411717414856,0.0001,0.7952840300107181,57769554.0,371,370,1766076240.686779
0.7956996560096741,0.8083351850509644,3212.968030639,0.03775825351476669,0.0001,0.797427652733119,57930187.0,372,371,1766076250.1332831
0.7958658039569855,0.8029974699020386,3222.309003867,0.042700450867414474,0.0001,0.7995712754555199,58089895.0,373,372,1766076259.474276
0.7984419912099838,0.7914389967918396,3229.898652289,0.04066099599003792,0.0001,0.8017148981779206,58237921.0,374,373,1766076267.0639036
0.7972252666950226,0.7963900566101074,3237.992836365,0.04511934891343117,0.0001,0.8038585209003215,58386574.0,375,374,1766076275.158117
0.7996035665273666,0.7904878258705139,3246.118465976,0.0625956803560257,0.0001,0.8060021436227224,58531794.0,376,375,1766076283.2837255
0.7943484783172607,0.803154468536377,3254.238290863,0.0529605932533741,0.0001,0.8081457663451233,58679304.0,377,376,1766076291.4035845
0.7871106266975403,0.8394831418991089,3262.703513545,0.06434658169746399,0.0001,0.8102893890675241,58827963.0,378,377,1766076299.8687956
0.8016273379325867,0.7932038307189941,3270.428669468,0.04154866561293602,0.0001,0.812433011789925,58968065.0,379,378,1766076307.5939898
0.7942452281713486,0.8180835247039795,3278.61778557,0.05531461909413338,0.0001,0.8145766345123259,59119596.0,380,379,1766076315.7830615
0.7944537550210953,0.8017028570175171,3287.327516787,0.06099709868431091,0.0001,0.8167202572347267,59282269.0,381,380,1766076324.4928102
0.7952635288238525,0.8060811758041382,3297.717905421,0.03964076191186905,0.0001,0.8188638799571275,59449069.0,382,381,1766076334.8831553
0.7917417585849762,0.814239501953125,3305.63212987,0.059340719133615494,0.0001,0.8210075026795284,59602942.0,383,382,1766076342.797304
0.7898466885089874,0.8224042654037476,3313.840763764,0.04626326635479927,0.0001,0.8231511254019293,59763486.0,384,383,1766076351.005917
0.7979423701763153,0.7962861657142639,3322.377373727,0.043937403708696365,0.0001,0.8252947481243301,59914007.0,385,384,1766076359.5425165
0.801565945148468,0.7694498300552368,3329.822991493,0.059245094656944275,0.0001,0.827438370846731,60056933.0,386,385,1766076366.9882507
0.7933101207017899,0.8113086223602295,3338.486086426,0.0422346331179142,0.0001,0.8295819935691319,60219888.0,387,386,1766076375.651163
0.7946071177721024,0.8032819628715515,3348.21949908,0.03809034824371338,0.0001,0.8317256162915327,60373832.0,388,387,1766076385.3846283
0.7987468540668488,0.7952320575714111,3356.001982763,0.058992546051740646,0.0001,0.8338692390139335,60526958.0,389,388,1766076393.1672442
0.7976921498775482,0.7943359613418579,3363.906066475,0.04998486861586571,0.0001,0.8360128617363344,60680957.0,390,389,1766076401.0712712
0.7892030328512192,0.8169569373130798,3373.15666191,0.037245284765958786,0.0001,0.8381564844587353,60844353.0,391,390,1766076410.3217986
0.8042241185903549,0.7714778780937195,3380.551666809,0.05715896189212799,0.0001,0.8403001071811361,60988093.0,392,391,1766076417.7168763
0.7946915477514267,0.8031923174858093,3388.544692122,0.050992097705602646,0.0001,0.842443729903537,61139257.0,393,392,1766076425.709855
0.7877262383699417,0.8330279588699341,3397.590066749,0.03864258527755737,0.0001,0.8445873526259379,61294373.0,394,393,1766076434.7552152
0.779843345284462,0.8571346998214722,3406.52136296,0.04790622740983963,0.0001,0.8467309753483387,61460962.0,395,394,1766076443.6864648
0.8070915788412094,0.7530326247215271,3415.758371389,0.05670395866036415,0.0001,0.8488745980707395,61610443.0,396,395,1766076452.9235313
0.7966534644365311,0.8015207052230835,3424.348770141,0.038264159113168716,0.0001,0.8510182207931404,61767622.0,397,396,1766076461.5139413
0.7924802005290985,0.8118547201156616,3432.034731294,0.0534072071313858,0.0001,0.8531618435155413,61927294.0,398,397,1766076469.1999521
0.7945446521043777,0.809747576713562,3440.312627756,0.07166027277708054,0.0001,0.8553054662379421,62087657.0,399,398,1766076477.4777577
0.7881611287593842,0.8330153226852417,3448.992988231,0.03855981305241585,0.0001,0.857449088960343,62242685.0,400,399,1766076486.1581721
0.8012259155511856,0.7786484360694885,3458.704561913,0.05867370218038559,0.0001,0.8595927116827439,62393085.0,401,400,1766076495.869708
0.8036613166332245,0.7750615477561951,3466.76775556,0.06068994104862213,0.0001,0.8617363344051447,62538285.0,402,401,1766076503.9329507
0.7890042066574097,0.8365005850791931,3475.521842643,0.0408250130712986,0.0001,0.8638799571275455,62701391.0,403,402,1766076512.6871188
0.7897869497537613,0.8282452821731567,3484.447163922,0.0661524087190628,0.0001,0.8660235798499464,62848535.0,404,403,1766076521.612377
0.7959994524717331,0.7947530746459961,3493.166218876,0.05307065695524216,0.0001,0.8681672025723473,63001586.0,405,404,1766076530.3314073
0.790777325630188,0.8198602795600891,3501.923077207,0.04171823710203171,0.0001,0.8703108252947481,63162806.0,406,405,1766076539.0882187
0.7913198471069336,0.8137927055358887,3509.826784636,0.05468934401869774,0.0001,0.872454448017149,63324619.0,407,406,1766076546.9919863
0.7875402420759201,0.8357282280921936,3518.083700844,0.05001406371593475,0.0001,0.8745980707395499,63484446.0,408,407,1766076555.2488546
0.781754270195961,0.8484783172607422,3527.852928637,0.03889067843556404,0.0001,0.8767416934619507,63657343.0,409,408,1766076565.0180984
0.780133381485939,0.867458164691925,3537.170800384,0.05421886965632439,0.0001,0.8788853161843515,63815011.0,410,409,1766076574.335943
0.7975112944841385,0.789401650428772,3546.209900057,0.04566203057765961,0.0001,0.8810289389067524,63974464.0,411,410,1766076583.3750458
0.795511931180954,0.8083052635192871,3555.209084057,0.039404600858688354,0.0001,0.8831725616291533,64130517.0,412,411,1766076592.3742468
0.7944641411304474,0.8047041893005371,3563.630166235,0.048533059656620026,0.0001,0.8853161843515541,64283106.0,413,412,1766076600.7954378
0.7938321381807327,0.8053865432739258,3571.544533736,0.04264849051833153,0.0001,0.887459807073955,64430594.0,414,413,1766076608.709708
0.7830909341573715,0.8514481782913208,3580.435288933,0.038259170949459076,0.0001,0.8896034297963559,64603713.0,415,414,1766076617.600541
0.7881442159414291,0.8289294838905334,3589.290408335,0.049265291541814804,0.0001,0.8917470525187567,64760293.0,416,415,1766076626.4556682
0.7914863675832748,0.8161216974258423,3597.215144388,0.03927849605679512,0.0001,0.8938906752411575,64923933.0,417,416,1766076634.3804083
0.7854118198156357,0.8427174091339111,3606.667594705,0.03938112035393715,0.0001,0.8960342979635584,65087097.0,418,417,1766076643.8327887
0.7995941489934921,0.7924825549125671,3615.175223668,0.047109074890613556,0.0001,0.8981779206859593,65242953.0,419,418,1766076652.3404896
0.7909120470285416,0.8165361285209656,3625.17990879,0.037507351487874985,0.0001,0.9003215434083601,65403795.0,420,419,1766076662.3451748
0.7866551429033279,0.8425760269165039,3634.008525643,0.0375814326107502,0.0001,0.902465166130761,65567087.0,421,420,1766076671.1736603
0.7971315830945969,0.7904850840568542,3642.783630439,0.03903357684612274,0.0001,0.9046087888531619,65727717.0,422,421,1766076679.9488938
0.7849507331848145,0.8405516147613525,3651.40895693,0.042763978242874146,0.0001,0.9067524115755627,65883913.0,423,422,1766076688.5742455
0.8080451935529709,0.7450062036514282,3660.083005272,0.036695197224617004,0.0001,0.9088960342979635,66040928.0,424,423,1766076697.248123
0.8007776141166687,0.767657995223999,3667.467902936,0.0400862880051136,0.0001,0.9110396570203644,66182158.0,425,424,1766076704.6331522
0.7899605184793472,0.8157302141189575,3675.699243169,0.05325762927532196,0.0001,0.9131832797427653,66333993.0,426,425,1766076712.8644328
0.7827152907848358,0.8518185019493103,3684.917285776,0.03901577740907669,0.0001,0.9153269024651661,66494673.0,427,426,1766076722.0824509
0.7817230373620987,0.8530951142311096,3694.1605527,0.039973627775907516,0.0001,0.917470525187567,66655725.0,428,427,1766076731.3257642
0.7915992885828018,0.8085566759109497,3702.878415089,0.04857335239648819,0.0001,0.9196141479099679,66812443.0,429,428,1766076740.0435548
0.788331463932991,0.8271888494491577,3711.748995186,0.04571976885199547,0.0001,0.9217577706323687,66967415.0,430,429,1766076748.9141695
0.7841531783342361,0.8435289859771729,3720.382849348,0.04229297488927841,0.0001,0.9239013933547695,67121525.0,431,430,1766076757.5481415
0.7895678877830505,0.8263754844665527,3728.880954457,0.04760708287358284,0.0001,0.9260450160771704,67280398.0,432,431,1766076766.0460987
0.790261909365654,0.8218299150466919,3737.423995812,0.05272912606596947,0.0001,0.9281886387995713,67430621.0,433,432,1766076774.5892484
0.8025657087564468,0.7768467664718628,3745.841992144,0.04353339597582817,0.0001,0.9303322615219721,67586335.0,434,433,1766076783.0071218
0.7946445941925049,0.804574728012085,3754.017368608,0.06243147328495979,0.0001,0.932475884244373,67746263.0,435,434,1766076791.1825109
0.7925766110420227,0.8105788230895996,3761.974367948,0.05011386796832085,0.0001,0.9346195069667739,67898321.0,436,435,1766076799.1395974
0.7982677817344666,0.7951603531837463,3770.332946061,0.04109690338373184,0.0001,0.9367631296891747,68043187.0,437,436,1766076807.49811
0.7910642623901367,0.8131541013717651,3777.673927755,0.06368115544319153,0.0001,0.9389067524115756,68188476.0,438,437,1766076814.8391993
0.7946970164775848,0.7962156534194946,3786.851530415,0.0570920966565609,0.0001,0.9410503751339764,68339622.0,439,438,1766076824.0167878
0.7973262369632721,0.7927286624908447,3795.010038578,0.04478096589446068,0.0001,0.9431939978563773,68495777.0,440,439,1766076832.1753416
0.7844360023736954,0.841775119304657,3804.623983475,0.05617882311344147,0.0001,0.9453376205787781,68660269.0,441,440,1766076841.7892559
0.8068671673536301,0.7603924870491028,3812.389990867,0.056303396821022034,0.0001,0.947481243301179,68808933.0,442,441,1766076849.5552547
0.7903426885604858,0.8232423663139343,3821.187517998,0.045516546815633774,0.0001,0.9496248660235799,68971728.0,443,442,1766076858.3527927
0.788578599691391,0.8257002234458923,3830.280512379,0.05533960461616516,0.0001,0.9517684887459807,69132008.0,444,443,1766076867.4457736
0.7933443635702133,0.7998294830322266,3838.333652418,0.05280644819140434,0.0001,0.9539121114683816,69278688.0,445,444,1766076875.498943
0.7959064841270447,0.7871702909469604,3848.189887946,0.04043553024530411,0.0001,0.9560557341907824,69432305.0,446,445,1766076885.3551502
0.7870746999979019,0.8346136808395386,3857.403800466,0.044113676995038986,0.0001,0.9581993569131833,69591761.0,447,446,1766076894.5690737
0.7860636711120605,0.8344669342041016,3865.293906313,0.046723026782274246,0.0001,0.9603429796355841,69743971.0,448,447,1766076902.4591522
0.7871948331594467,0.8309623003005981,3874.42138266,0.03956567868590355,0.0001,0.962486602357985,69898458.0,449,448,1766076911.586648
0.7856706231832504,0.837254524230957,3884.830204404,0.04053666070103645,0.0001,0.9646302250803859,70067672.0,450,449,1766076921.9954824
0.7984238862991333,0.7829909324645996,3893.006980521,0.04721364751458168,0.0001,0.9667738478027867,70220457.0,451,450,1766076930.1722565
0.7923335880041122,0.8108187913894653,3901.074438707,0.04179258272051811,0.0001,0.9689174705251876,70371898.0,452,451,1766076938.2397223
0.7814065217971802,0.8515819311141968,3909.92199029,0.04263870418071747,0.0001,0.9710610932475884,70531855.0,453,452,1766076947.0872655
0.8073330819606781,0.7526458501815796,3917.843791756,0.044728923588991165,0.0001,0.9732047159699893,70671343.0,454,453,1766076955.009053
0.7983611077070236,0.7956209182739258,3925.777367689,0.040029700845479965,0.0001,0.9753483386923901,70824566.0,455,454,1766076962.9425552
0.7988445460796356,0.7915606498718262,3934.285060473,0.0407596230506897,0.0001,0.977491961414791,70978442.0,456,455,1766076971.4503314
0.7927060723304749,0.8160577416419983,3942.985908421,0.0406508669257164,0.0001,0.9796355841371919,71138566.0,457,456,1766076980.1511624
0.7987121343612671,0.7917919158935547,3951.509668185,0.040813785046339035,0.0001,0.9817792068595927,71297085.0,458,457,1766076988.6748433
0.7876998633146286,0.8424291610717773,3960.878504918,0.040291860699653625,0.0001,0.9839228295819936,71450804.0,459,458,1766076998.043766
0.8006233721971512,0.7750762104988098,3968.719559725,0.044755928218364716,0.0001,0.9860664523043944,71611452.0,460,459,1766077005.8848226
0.7940953522920609,0.7980345487594604,3976.814335491,0.04278760775923729,0.0001,0.9882100750267953,71764514.0,461,460,1766077013.979526
0.7875322252511978,0.8373161554336548,3985.819725529,0.0406220443546772,0.0001,0.9903536977491961,71924545.0,462,461,1766077022.9848528
0.7810008674860001,0.8527527451515198,3994.628923406,0.039833616465330124,0.0001,0.992497320471597,72084518.0,463,462,1766077031.7941108
0.7973071336746216,0.7886018753051758,4002.754522033,0.040344081819057465,0.0001,0.9946409431939979,72247869.0,464,463,1766077039.9196396
0.7925710529088974,0.8079602718353271,4012.100234474,0.037654779851436615,0.0001,0.9967845659163987,72411161.0,465,464,1766077049.2655246
0.8011597394943237,0.785750150680542,4020.486976691,0.03909716755151749,0.0001,0.9989281886387996,72572058.0,466,465,1766077057.652211
0.8000631332397461,0.772135853767395,4024.361007895,0.03909716755151749,0.0001,1.0,72643344.0,467,466,1766077061.5260968
,,4026.132828564,,,1.0,,467,467,1766077063.2982845
