train/global_step,train/loss,train/learning_rate,train/mean_token_accuracy,_timestamp,train/epoch,train/grad_norm,_step,_runtime,train/num_tokens
1,1.6930222511291504,0.0001,0.6556211709976196,1766072989.2286787,0.0021436227224008574,0.18627434968948364,0,10.73897398,136605.0
2,1.6889426708221436,0.0001,0.648253932595253,1766073000.9789693,0.004287245444801715,0.19201229512691498,1,22.489065981,292128.0
3,1.616396188735962,0.0001,0.6637188941240311,1766073011.827915,0.006430868167202572,0.24498003721237183,2,33.337982949,444535.0
4,1.6388938426971436,0.0001,0.6512701958417892,1766073022.3522196,0.00857449088960343,0.28419142961502075,3,43.86240371,592263.0
5,1.5699806213378906,0.0001,0.6622241884469986,1766073032.9291267,0.010718113612004287,0.28213241696357727,4,54.439270516,737019.0
6,1.473347783088684,0.0001,0.6760234609246254,1766073045.0750349,0.012861736334405145,0.23745594918727875,5,66.585114664,896813.0
7,1.4616310596466064,0.0001,0.6721211895346642,1766073057.1222923,0.015005359056806002,0.21367160975933075,6,78.632373529,1062679.0
8,1.4350090026855469,0.0001,0.6770165264606476,1766073067.8005993,0.01714898177920686,0.25195515155792236,7,89.3106702,1212566.0
9,1.3372398614883423,0.0001,0.6924804598093033,1766073082.2544498,0.01929260450160772,0.12273045629262924,8,103.764512495,1373797.0
10,1.359358787536621,0.0001,0.6892647445201874,1766073092.755781,0.021436227224008574,0.144903302192688,9,114.265819342,1516877.0
11,1.3198856115341187,0.0001,0.6964123025536537,1766073104.154776,0.023579849946409433,0.2547406256198883,10,125.664859118,1663977.0
12,1.2269656658172607,0.0001,0.7188993692398071,1766073114.5029378,0.02572347266881029,0.18905217945575714,11,136.013003501,1815907.0
13,1.1892341375350952,0.0001,0.7252391278743744,1766073127.0460355,0.027867095391211148,0.1944170594215393,12,148.556087935,1971911.0
14,1.1809762716293335,0.0001,0.7227076888084412,1766073139.4282074,0.030010718113612004,0.1605447679758072,13,160.938259472,2135596.0
15,1.1236659288406372,0.0001,0.7358987480401993,1766073150.7377899,0.03215434083601286,0.21579155325889587,14,172.247844871,2285621.0
16,1.0937440395355225,0.0001,0.744127556681633,1766073162.6302679,0.03429796355841372,0.1749434918165207,15,184.140336161,2441090.0
17,1.032944917678833,0.0001,0.7596341967582703,1766073173.6661575,0.03644158628081458,0.16563622653484344,16,195.176228579,2591858.0
18,1.026009440422058,0.0001,0.7547408193349838,1766073186.7125733,0.03858520900321544,0.15697380900382996,17,208.222639097,2754012.0
19,1.0066735744476318,0.0001,0.7613830640912056,1766073199.4397938,0.04072883172561629,0.16953782737255096,18,220.949868511,2916829.0
20,1.0212206840515137,0.0001,0.758442297577858,1766073210.9974582,0.04287245444801715,0.15401765704154968,19,232.507505724,3061305.0
21,0.9687536358833313,0.0001,0.7664722800254822,1766073222.2372081,0.04501607717041801,0.13175417482852936,20,243.747269598,3219127.0
22,0.9590667486190796,0.0001,0.7701822519302368,1766073234.6239116,0.04715969989281887,0.11224843561649323,21,256.133979866,3380158.0
23,0.9492403268814087,0.0001,0.7720431610941887,1766073246.2141325,0.04930332261521972,0.09857293963432312,22,267.724192878,3539898.0
24,0.9294663667678833,0.0001,0.7730197161436081,1766073255.7994535,0.05144694533762058,0.11941976845264435,23,277.309515481,3689574.0
25,0.9652698040008545,0.0001,0.7645604908466339,1766073268.6295342,0.05359056806002144,0.08012299984693527,24,290.139589629,3855970.0
26,0.9093647003173828,0.0001,0.7780486792325974,1766073280.5064332,0.055734190782422297,0.07773024588823318,25,302.016496211,4018658.0
27,0.9845077395439148,0.0001,0.7608247920870781,1766073292.0085804,0.05787781350482315,0.07688212394714355,26,313.518645495,4171160.0
28,0.8790141344070435,0.0001,0.7838583812117577,1766073301.8192098,0.06002143622722401,0.0706106647849083,27,323.329263856,4314298.0
29,0.9018976092338562,0.0001,0.7780868262052536,1766073313.0337877,0.06216505894962487,0.0686127170920372,28,334.54384768,4468546.0
30,0.9539792537689209,0.0001,0.7674588188529015,1766073326.3675828,0.06430868167202572,0.0618957094848156,29,347.877641446,4635984.0
31,0.8784782886505127,0.0001,0.7839471995830536,1766073336.5342574,0.06645230439442658,0.05440906062722206,30,358.044311008,4790352.0
32,0.9302828907966614,0.0001,0.770961344242096,1766073349.1937754,0.06859592711682744,0.04461272433400154,31,370.703827863,4956096.0
33,0.8651270866394043,0.0001,0.7854529619216919,1766073359.4846287,0.0707395498392283,0.04515672102570534,32,380.994669535,5107640.0
34,0.8730142712593079,0.0001,0.7834810018539429,1766073371.0096085,0.07288317256162916,0.04685273393988609,33,392.519659691,5265237.0
35,0.8609969615936279,0.0001,0.7860652580857277,1766073382.7813072,0.07502679528403002,0.04567018523812294,34,404.291370685,5419378.0
36,0.8743144273757935,0.0001,0.7808766886591911,1766073393.6102164,0.07717041800643087,0.044654279947280884,35,415.12028892,5576075.0
37,0.8701072335243225,0.0001,0.7859828248620033,1766073403.2168307,0.07931404072883172,0.043649714440107346,36,424.726903861,5720029.0
38,0.8858225345611572,0.0001,0.7824199050664902,1766073416.36246,0.08145766345123258,0.03599758446216583,37,437.872529568,5884915.0
39,0.8797721862792969,0.0001,0.782108761370182,1766073427.5183284,0.08360128617363344,0.036032866686582565,38,449.028382288,6032758.0
40,0.8862036466598511,0.0001,0.7805462032556534,1766073437.7778444,0.0857449088960343,0.03197821229696274,39,459.287908458,6187550.0
41,0.8972586989402771,0.0001,0.7745843902230263,1766073451.7058403,0.08788853161843516,0.03444892168045044,40,473.215904941,6355408.0
42,0.8952433466911316,0.0001,0.7767399027943611,1766073464.342844,0.09003215434083602,0.03472115099430084,41,485.852908284,6519771.0
43,0.8593186736106873,0.0001,0.7844266816973686,1766073475.3603537,0.09217577706323687,0.0293225459754467,42,496.870418442,6672296.0
44,0.9160996675491333,0.0001,0.7701677680015564,1766073489.7521622,0.09431939978563773,0.029174592345952988,43,511.262235468,6843136.0
45,0.8975542783737183,0.0001,0.7732819989323616,1766073502.5338159,0.09646302250803858,0.03142963722348213,44,524.043895997,6993296.0
46,0.8521332144737244,0.0001,0.7859044075012207,1766073513.7150857,0.09860664523043944,0.03002062253654003,45,535.225136002,7142356.0
47,0.851980447769165,0.0001,0.7881724908947945,1766073524.07968,0.1007502679528403,0.03179211542010307,46,545.589733581,7294167.0
48,0.9463087320327759,0.0001,0.7660757899284363,1766073537.6397235,0.10289389067524116,0.025671731680631638,47,559.149775926,7470762.0
49,0.8600535988807678,0.0001,0.7852567657828331,1766073549.9244132,0.10503751339764202,0.028996866196393967,48,571.43446103,7629052.0
50,0.8417919278144836,0.0001,0.7882579118013382,1766073560.366403,0.10718113612004287,0.026386605575680733,49,581.876475949,7779609.0
51,0.8688679933547974,0.0001,0.7831907495856285,1766073571.1853373,0.10932475884244373,0.025732094421982765,50,592.695391941,7927458.0
52,0.851184606552124,0.0001,0.7871975675225258,1766073582.06203,0.11146838156484459,0.027245067059993744,51,603.572111029,8078023.0
53,0.8625346422195435,0.0001,0.7841768115758896,1766073593.3093162,0.11361200428724544,0.029345903545618057,52,614.819383651,8230483.0
54,0.8314123153686523,0.0001,0.7915811538696289,1766073604.7696688,0.1157556270096463,0.027833551168441772,53,626.279743669,8375984.0
55,0.9249966740608215,0.0001,0.7697277739644051,1766073617.2743332,0.11789924973204716,0.022657228633761406,54,638.784399163,8547262.0
56,0.8976172208786011,0.0001,0.7760874032974243,1766073629.6958282,0.12004287245444802,0.02519238367676735,55,651.20587637,8704936.0
57,0.8604726791381836,0.0001,0.784968189895153,1766073641.3605025,0.12218649517684887,0.02746136300265789,56,662.870570285,8867795.0
58,0.8657652139663696,0.0001,0.7826284840703011,1766073652.1837738,0.12433011789924973,0.025656064972281456,57,673.693820255,9019339.0
59,0.8731433153152466,0.0001,0.7814975827932358,1766073664.9539099,0.1264737406216506,0.02392713911831379,58,686.463973569,9189045.0
60,0.8600471019744873,0.0001,0.7818767949938774,1766073676.4491353,0.12861736334405144,0.021729927510023117,59,697.959197488,9353955.0
61,0.8186925649642944,0.0001,0.7968459352850914,1766073689.0366096,0.1307609860664523,0.023263879120349884,60,710.546747846,9504744.0
62,0.9077603816986084,0.0001,0.7727581188082695,1766073701.6616454,0.13290460878885316,0.02243831567466259,61,723.171723588,9662901.0
63,0.7992649674415588,0.0001,0.7979231625795364,1766073711.9335554,0.13504823151125403,0.02240164205431938,62,733.443640592,9809122.0
64,0.8492841720581055,0.0001,0.7870652377605438,1766073723.9391239,0.13719185423365488,0.02565016597509384,63,745.449196431,9968473.0
65,0.8783121109008789,0.0001,0.7819159626960754,1766073735.3002727,0.13933547695605572,0.022891975939273834,64,756.8104317,10119334.0
66,0.8352628946304321,0.0001,0.7902906611561775,1766073744.6229603,0.1414790996784566,0.024486659094691277,65,766.133040386,10259437.0
67,0.8843588829040527,0.0001,0.7802578955888748,1766073757.4036431,0.14362272240085744,0.02575829066336155,66,778.913810713,10416011.0
68,0.8725720047950745,0.0001,0.7821425274014473,1766073767.3818023,0.1457663451232583,0.0214250385761261,67,788.891975585,10566185.0
69,0.8455707430839539,0.0001,0.7887738943099976,1766073778.1149845,0.14790996784565916,0.02234746515750885,68,799.625068993,10715715.0
70,0.862535834312439,0.0001,0.782525934278965,1766073791.3722875,0.15005359056806003,0.020927278324961662,69,812.882376535,10880059.0
71,0.8439146876335144,0.0001,0.7861641570925713,1766073801.5484686,0.15219721329046088,0.022256357595324516,70,823.058617455,11036249.0
72,0.8586297035217285,0.0001,0.7838683724403381,1766073811.6816716,0.15434083601286175,0.023279357701539993,71,833.191841144,11186751.0
73,0.8872108459472656,0.0001,0.7770103961229324,1766073824.6886854,0.1564844587352626,0.021070372313261032,72,846.198850433,11356082.0
74,0.8710449934005737,0.0001,0.7816877514123917,1766073836.4579136,0.15862808145766344,0.024941157549619675,73,857.967989839,11514483.0
75,0.8569638729095459,0.0001,0.7826619446277618,1766073846.945145,0.1607717041800643,0.022634675726294518,74,868.455214067,11663606.0
76,0.8563591241836548,0.0001,0.7850621566176414,1766073857.467637,0.16291532690246516,0.025116518139839172,75,878.977694242,11816781.0
77,0.8715873956680298,0.0001,0.7813142165541649,1766073868.9356222,0.16505894962486603,0.02091013267636299,76,890.445661049,11978438.0
78,0.8400212526321411,0.0001,0.7876461297273636,1766073880.8647451,0.16720257234726688,0.021713998168706894,77,902.37481544,12137976.0
79,0.8688712120056152,0.0001,0.7843149453401566,1766073893.4112408,0.16934619506966775,0.024203535169363022,78,914.921280535,12295505.0
80,0.8785252571105957,0.0001,0.7795749455690384,1766073904.9815047,0.1714898177920686,0.024334732443094254,79,926.491581163,12452019.0
81,0.8907576203346252,0.0001,0.7765249386429787,1766073917.7561276,0.17363344051446947,0.024254746735095978,80,939.266202774,12611435.0
82,0.8151209354400635,0.0001,0.7946681454777718,1766073930.131243,0.1757770632368703,0.02223563753068447,81,951.641412511,12770621.0
83,0.8519635200500488,0.0001,0.7858217880129814,1766073940.4400837,0.17792068595927116,0.024261098355054855,82,961.950144476,12917873.0
84,0.8392924070358276,0.0001,0.7894602790474892,1766073949.596646,0.18006430868167203,0.027564359828829765,83,971.106724767,13056173.0
85,0.8900696635246277,0.0001,0.7742092832922935,1766073960.655484,0.18220793140407288,0.023476045578718185,84,982.165713883,13211326.0
86,0.8781347870826721,0.0001,0.7809708639979362,1766073971.1393523,0.18435155412647375,0.02315196767449379,85,992.649528719,13369675.0
87,0.8343807458877563,0.0001,0.7890564724802971,1766073981.2856715,0.1864951768488746,0.023742612451314926,86,1002.795764403,13509971.0
88,0.8634748458862305,0.0001,0.7847794741392136,1766073993.836926,0.18863879957127547,0.02344006858766079,87,1015.347078065,13673080.0
89,0.9071623086929321,0.0001,0.7703462243080139,1766074006.4586167,0.1907824222936763,0.02956267073750496,88,1027.968699117,13838935.0
90,0.8823591470718384,0.0001,0.7762426063418388,1766074018.9463577,0.19292604501607716,0.023862134665250778,89,1040.456424268,14002150.0
91,0.8569386601448059,0.0001,0.7864426895976067,1766074031.0828962,0.19506966773847803,0.027681490406394005,90,1052.592941451,14156247.0
92,0.8575734496116638,0.0001,0.7832027077674866,1766074043.9693205,0.19721329046087888,0.024301087483763695,91,1065.479883171,14323035.0
93,0.9002997875213623,0.0001,0.7764796167612076,1766074057.282059,0.19935691318327975,0.024644926190376282,92,1078.792137911,14490759.0
94,0.858127236366272,0.0001,0.7841678783297539,1766074068.766447,0.2015005359056806,0.02716212347149849,93,1090.276478674,14642384.0
95,0.8488943576812744,0.0001,0.7861819267272949,1766074079.2308412,0.20364415862808147,0.026553720235824585,94,1100.740882423,14786158.0
96,0.8340990543365479,0.0001,0.788007341325283,1766074089.6394682,0.2057877813504823,0.02419041097164154,95,1111.149513496,14929253.0
97,0.7972051501274109,0.0001,0.7959162145853043,1766074101.1340804,0.20793140407288319,0.024439891800284386,96,1122.644134412,15078062.0
98,0.8793738484382629,0.0001,0.7779625132679939,1766074112.3554575,0.21007502679528403,0.02598211169242859,97,1133.865523237,15227850.0
99,0.8530346155166626,0.0001,0.7852349951863289,1766074124.952879,0.21221864951768488,0.024689001962542534,98,1146.462933903,15385692.0
100,0.8162294626235962,0.0001,0.7956328392028809,1766074137.9349055,0.21436227224008575,0.030053481459617615,99,1159.44495767,15540223.0
101,0.8099318742752075,0.0001,0.7955881580710411,1766074164.5503352,0.2165058949624866,0.02873307652771473,100,1186.060420838,15695591.0
102,0.849763810634613,0.0001,0.7887816876173019,1766074176.848446,0.21864951768488747,0.026487594470381737,101,1198.358538882,15855000.0
103,0.8674687147140503,0.0001,0.7797826677560806,1766074188.086553,0.2207931404072883,0.024017103016376495,102,1209.596641821,16010570.0
104,0.8452026844024658,0.0001,0.7845433875918388,1766074200.3858385,0.22293676312968919,0.02604616992175579,103,1221.895898231,16175156.0
105,0.8635532855987549,0.0001,0.7818059772253036,1766074212.8354645,0.22508038585209003,0.0302739180624485,104,1234.345527019,16345184.0
106,0.8587995767593384,0.0001,0.7853055223822594,1766074224.5868309,0.22722400857449088,0.029699282720685005,105,1246.097106782,16496673.0
107,0.8674440383911133,0.0001,0.7844226732850075,1766074235.7269049,0.22936763129689175,0.03030303865671158,106,1257.236978536,16650964.0
108,0.876213788986206,0.0001,0.7805163860321045,1766074246.7396264,0.2315112540192926,0.025100046768784523,107,1268.249868076,16806131.0
109,0.8818846940994263,0.0001,0.7810003757476807,1766074259.2779686,0.23365487674169347,0.025490177795290947,108,1280.788015444,16971757.0
110,0.8326690196990967,0.0001,0.7905155494809151,1766074271.422891,0.2357984994640943,0.024683818221092224,109,1292.93295699,17125261.0
111,0.8248327970504761,0.0001,0.7924091517925262,1766074283.1937487,0.2379421221864952,0.030513785779476166,110,1304.703918726,17285808.0
112,0.8256189227104187,0.0001,0.7920153215527534,1766074294.8278723,0.24008574490889603,0.025588402524590492,111,1316.337935351,17436207.0
113,0.8547671437263489,0.0001,0.7819871306419373,1766074307.5095496,0.2422293676312969,0.035891421139240265,112,1329.019643948,17609651.0
114,0.8517676591873169,0.0001,0.7853001281619072,1766074319.9143827,0.24437299035369775,0.026615764945745468,113,1341.424439846,17764531.0
115,0.8042459487915039,0.0001,0.7988551408052444,1766074331.9958344,0.2465166130760986,0.02973206155002117,114,1353.505899735,17923936.0
116,0.8209573030471802,0.0001,0.7915533035993576,1766074344.2854252,0.24866023579849947,0.035300299525260925,115,1365.795469091,18080869.0
117,0.8628168106079102,0.0001,0.782313883304596,1766074355.8957047,0.2508038585209003,0.023654412478208542,116,1377.40577561,18244414.0
118,0.8660286068916321,0.0001,0.7807935178279877,1766074369.8570793,0.2529474812433012,0.03185030072927475,117,1391.36714654,18401734.0
119,0.8231306076049805,0.0001,0.7913631424307823,1766074381.0369937,0.25509110396570206,0.03557518497109413,118,1402.547142788,18555213.0
120,0.9206407070159912,0.0001,0.7678903415799141,1766074396.7246041,0.2572347266881029,0.0401872955262661,119,1418.234752287,18729596.0
121,0.8332957029342651,0.0001,0.7891824468970299,1766074406.611154,0.25937834941050375,0.05809126794338226,120,1428.121332842,18874599.0
122,0.856214702129364,0.0001,0.7807686626911163,1766074419.4134643,0.2615219721329046,0.054457228630781174,121,1440.923618126,19043580.0
123,0.8465309143066406,0.0001,0.7875324413180351,1766074430.2819648,0.26366559485530544,0.03929640352725983,122,1451.792045587,19188254.0
124,0.8127310872077942,0.0001,0.7939032018184662,1766074441.1597743,0.2658092175777063,0.0286274291574955,123,1462.669854475,19336517.0
125,0.8260303139686584,0.0001,0.7913045138120651,1766074452.7949495,0.2679528403001072,0.056146152317523956,124,1474.30503338,19494094.0
126,0.8476359248161316,0.0001,0.7862084954977036,1766074463.5574117,0.27009646302250806,0.025215690955519676,125,1485.067544848,19648425.0
127,0.8515087366104126,0.0001,0.7844419404864311,1766074475.007615,0.2722400857449089,0.08468231558799744,126,1496.517703389,19798344.0
128,0.8370729684829712,0.0001,0.7881613150238991,1766074486.1824791,0.27438370846730975,0.03454970195889473,127,1507.692671463,19955841.0
129,0.8287844657897949,0.0001,0.7919243797659874,1766074496.690742,0.2765273311897106,0.05796103551983833,128,1518.200819319,20107598.0
130,0.8276593685150146,0.0001,0.7917857393622398,1766074507.1657152,0.27867095391211144,0.042359694838523865,129,1528.67579905,20258362.0
131,0.8778395652770996,0.0001,0.7769167870283127,1766074519.0679636,0.2808145766345123,0.03388965502381325,130,1540.578120489,20412165.0
132,0.8066996335983276,0.0001,0.79627975076437,1766074529.0977042,0.2829581993569132,0.02680056355893612,131,1550.60778241,20561798.0
133,0.8565386533737183,0.0001,0.7820200398564339,1766074540.8421001,0.28510182207931406,0.05094175785779953,132,1562.352241371,20720111.0
134,0.8228704929351807,0.0001,0.7916398420929909,1766074552.3587599,0.2872454448017149,0.03018350712954998,133,1573.868814887,20876095.0
135,0.8418980836868286,0.0001,0.7874749228358269,1766074564.090275,0.28938906752411575,0.05154808610677719,134,1585.600362758,21031975.0
136,0.8093176484107971,0.0001,0.792759045958519,1766074575.932738,0.2915326902465166,0.02724696323275566,135,1597.442807927,21180614.0
137,0.9013933539390564,0.0001,0.7725104913115501,1766074590.7469099,0.2936763129689175,0.026500772684812546,136,1612.25698392,21349138.0
138,0.8833839297294617,0.0001,0.775017224252224,1766074602.7606146,0.2958199356913183,0.05670603737235069,137,1624.270689691,21511590.0
139,0.844799280166626,0.0001,0.7865071222186089,1766074613.8318512,0.2979635584137192,0.027915000915527344,138,1635.341910838,21656819.0
140,0.8674179315567017,0.0001,0.7799474373459816,1766074624.9997897,0.30010718113612006,0.06827978789806366,139,1646.509838014,21811238.0
141,0.8968300819396973,0.0001,0.7729823589324951,1766074637.2440138,0.3022508038585209,0.03649330884218216,140,1658.75409378,21980388.0
142,0.8898125886917114,0.0001,0.7745643109083176,1766074651.8056376,0.30439442658092175,0.07877150923013687,141,1673.315692512,22142594.0
143,0.8800204396247864,0.0001,0.779903769493103,1766074663.332212,0.3065380493033226,0.02631922997534275,142,1684.842301305,22299845.0
144,0.8357602953910828,0.0001,0.7903815507888794,1766074676.0737278,0.3086816720257235,0.03883146867156029,143,1697.58380398,22465527.0
145,0.8120918869972229,0.0001,0.7964309602975845,1766074687.5740392,0.3108252947481243,0.028875460848212242,144,1709.08411303,22618289.0
146,0.8288597464561462,0.0001,0.7929751724004745,1766074698.6155581,0.3129689174705252,0.026951679959893227,145,1720.125670925,22770622.0
147,0.800910234451294,0.0001,0.7959818169474602,1766074709.0090537,0.31511254019292606,0.02860953100025654,146,1730.519105007,22922597.0
148,0.8307856321334839,0.0001,0.7890469878911972,1766074720.9632182,0.3172561629153269,0.028212953358888626,147,1742.473343408,23075685.0
149,0.8340685963630676,0.0001,0.789554551243782,1766074732.9155498,0.31939978563772775,0.026826966553926468,148,1754.425623849,23239973.0
150,0.8737919926643372,0.0001,0.7802943885326385,1766074747.9151015,0.3215434083601286,0.028238952159881592,149,1769.425191309,23407446.0
151,0.7990443706512451,0.0001,0.7985930666327477,1766074758.766103,0.3236870310825295,0.0373959057033062,150,1780.276249789,23555395.0
152,0.8437209725379944,0.0001,0.7890699654817581,1766074770.7584531,0.3258306538049303,0.032774195075035095,151,1792.268515139,23712167.0
153,0.8590912222862244,0.0001,0.7820768654346466,1766074782.384973,0.3279742765273312,0.02963295765221119,152,1803.895058372,23869562.0
154,0.8556556701660156,0.0001,0.7828667834401131,1766074794.696797,0.33011789924973206,0.0276348777115345,153,1816.206872152,24027568.0
155,0.8655200004577637,0.0001,0.7840320393443108,1766074806.7744179,0.3322615219721329,0.0368337482213974,154,1828.284495604,24183451.0
156,0.8373692035675049,0.0001,0.7867798060178757,1766074819.5171008,0.33440514469453375,0.02916043810546398,155,1841.027165196,24342400.0
157,0.869581937789917,0.0001,0.7819141522049904,1766074832.6685176,0.3365487674169346,0.042284753173589706,156,1854.178583694,24500736.0
158,0.82497239112854,0.0001,0.7907348945736885,1766074845.951296,0.3386923901393355,0.03373423218727112,157,1867.461369992,24652820.0
159,0.8378673195838928,0.0001,0.7868185862898827,1766074857.591537,0.3408360128617363,0.05476737394928932,158,1879.101622245,24810632.0
160,0.8262377381324768,0.0001,0.7892042770981789,1766074869.8770015,0.3429796355841372,0.03265494853258133,159,1891.387083398,24968589.0
161,0.8643088340759277,0.0001,0.7811011597514153,1766074882.4730754,0.34512325830653806,0.04460256174206734,160,1903.983146797,25125017.0
162,0.8016393184661865,0.0001,0.7956175059080124,1766074894.7650871,0.34726688102893893,0.034748759120702744,161,1916.275180407,25277188.0
163,0.7889084815979004,0.0001,0.7991884872317314,1766074905.6137753,0.34941050375133975,0.02719951793551445,162,1927.123870821,25430057.0
164,0.7986727952957153,0.0001,0.7992459759116173,1766074917.9848106,0.3515541264737406,0.06966398656368256,163,1939.494956347,25583830.0
165,0.8507402539253235,0.0001,0.7851137444376945,1766074929.5221,0.3536977491961415,0.03880978748202324,164,1951.032179978,25742285.0
166,0.8297438621520996,0.0001,0.7889328598976135,1766074942.7584426,0.3558413719185423,0.027421725913882256,165,1964.268506791,25907065.0
167,0.8152159452438354,0.0001,0.7923117578029633,1766074952.4783428,0.3579849946409432,0.06367866694927216,166,1973.988525172,26051750.0
168,0.8449947834014893,0.0001,0.7882241159677505,1766074963.8553624,0.36012861736334406,0.05789754539728165,167,1985.365430229,26204362.0
169,0.8647450804710388,0.0001,0.7819884270429611,1766074976.7463682,0.36227224008574493,0.03480105474591255,168,1998.256444988,26364857.0
170,0.8269340395927429,0.0001,0.7906065061688423,1766074986.980862,0.36441586280814575,0.029419314116239548,169,2008.490943971,26513585.0
171,0.8586777448654175,0.0001,0.7830303907394409,1766074999.902023,0.3665594855305466,0.04502887278795242,170,2021.412184683,26680409.0
172,0.7989679574966431,0.0001,0.7994343265891075,1766075009.7152126,0.3687031082529475,0.03702333942055702,171,2031.225364091,26817383.0
173,0.8467960357666016,0.0001,0.7864445298910141,1766075020.6701164,0.3708467309753483,0.04134426638484001,172,2042.180207002,26962206.0
174,0.8216251134872437,0.0001,0.7923491224646568,1766075033.3580933,0.3729903536977492,0.033079132437705994,173,2054.868168758,27123276.0
175,0.8551024198532104,0.0001,0.7838826850056648,1766075045.7628505,0.37513397642015006,0.056372400373220444,174,2067.272939026,27290681.0
176,0.8570756316184998,0.0001,0.782319001853466,1766075057.3047192,0.37727759914255093,0.05052460730075836,175,2078.814943491,27449673.0
177,0.8259525895118713,0.0001,0.7904148548841476,1766075068.2349968,0.37942122186495175,0.029815832152962685,176,2089.745083361,27601441.0
178,0.8391062021255493,0.0001,0.7895533069968224,1766075080.8038845,0.3815648445873526,0.07107506692409515,177,2102.313956787,27748300.0
179,0.796002984046936,0.0001,0.8013548105955124,1766075092.0819523,0.3837084673097535,0.04689590260386467,178,2113.592033155,27900973.0
180,0.8394216299057007,0.0001,0.7875772714614868,1766075104.2209659,0.3858520900321543,0.028595447540283203,179,2125.731053991,28057386.0
181,0.8449685573577881,0.0001,0.7863622754812241,1766075116.8093634,0.3879957127545552,0.029485637322068214,180,2138.319447963,28218433.0
182,0.8331481218338013,0.0001,0.7900892421603203,1766075129.4257371,0.39013933547695606,0.028810298070311546,181,2150.935786615,28378531.0
183,0.7714097499847412,0.0001,0.8054239526391029,1766075138.8883548,0.39228295819935693,0.03632663935422897,182,2160.398399588,28517567.0
184,0.7988739013671875,0.0001,0.7959298565983772,1766075150.5829592,0.39442658092175775,0.02868097461760044,183,2172.093036646,28678245.0
185,0.8511844873428345,0.0001,0.7863110229372978,1766075163.7929654,0.3965702036441586,0.04378953576087952,184,2185.303112449,28847748.0
186,0.8325103521347046,0.0001,0.7916546016931534,1766075174.155407,0.3987138263665595,0.028450602665543556,185,2195.665483114,29003477.0
187,0.8304250240325928,0.0001,0.7899063974618912,1766075187.514363,0.4008574490889603,0.031153354793787003,186,2209.024457897,29163981.0
188,0.8217097520828247,0.0001,0.7912788987159729,1766075198.9514077,0.4030010718113612,0.07625830918550491,187,2220.461444951,29313769.0
189,0.8156536817550659,0.0001,0.7917246744036674,1766075211.209068,0.40514469453376206,0.03875147923827171,188,2232.719119612,29474111.0
190,0.8690337538719177,0.0001,0.781498372554779,1766075223.698705,0.40728831725616294,0.030298791825771332,189,2245.208756913,29641339.0
191,0.8031405806541443,0.0001,0.7968291863799095,1766075235.681046,0.40943193997856375,0.030003992840647697,190,2257.191103193,29795124.0
192,0.845181405544281,0.0001,0.7866913750767708,1766075247.4975271,0.4115755627009646,0.033567726612091064,191,2269.007637589,29956920.0
193,0.8560464382171631,0.0001,0.7814653217792511,1766075259.6428254,0.4137191854233655,0.03526116907596588,192,2281.152901211,30113790.0
194,0.822522759437561,0.0001,0.790443666279316,1766075272.2475743,0.41586280814576637,0.028933806344866753,193,2293.757624048,30267060.0
195,0.8382336497306824,0.0001,0.786841869354248,1766075283.335208,0.4180064308681672,0.032175131142139435,194,2304.845268381,30420733.0
196,0.841351330280304,0.0001,0.7864301353693008,1766075295.8344822,0.42015005359056806,0.029826518148183823,195,2317.344571626,30582338.0
197,0.801446795463562,0.0001,0.7994689121842384,1766075305.80315,0.42229367631296894,0.032009195536375046,196,2327.313245602,30735043.0
198,0.8342083692550659,0.0001,0.7888781726360321,1766075316.3755283,0.42443729903536975,0.03460335731506348,197,2337.885596008,30885025.0
199,0.8277102708816528,0.0001,0.7894391566514969,1766075327.0152383,0.4265809217577706,0.03693365678191185,198,2348.52532376,31036663.0
200,0.7880783677101135,0.0001,0.8011272102594376,1766075337.352668,0.4287245444801715,0.07561653107404709,199,2358.862745273,31184340.0
201,0.8380270600318909,0.0001,0.7870051115751266,1766075355.4728036,0.43086816720257237,0.046688612550497055,200,2376.982893712,31345142.0
202,0.8540197610855103,0.0001,0.7826766669750214,1766075365.9934726,0.4330117899249732,0.04951699078083038,201,2387.503553051,31495847.0
203,0.8249279260635376,0.0001,0.7904635444283485,1766075378.174419,0.43515541264737406,0.044388316571712494,202,2399.68448707,31654749.0
204,0.833840012550354,0.0001,0.7889323905110359,1766075387.8071566,0.43729903536977494,0.042225275188684464,203,2409.317236936,31808152.0
205,0.8501352071762085,0.0001,0.7840033397078514,1766075401.2482998,0.43944265809217575,0.03417948633432388,204,2422.75836414,31977458.0
206,0.8213295936584473,0.0001,0.7904345318675041,1766075411.657027,0.4415862808145766,0.0326821468770504,205,2433.167090192,32129990.0
207,0.8712112903594971,0.0001,0.7806497812271118,1766075426.8993902,0.4437299035369775,0.04612251743674278,206,2448.409446002,32295318.0
208,0.8550831079483032,0.0001,0.7851168140769005,1766075438.9888775,0.44587352625937837,0.034544602036476135,207,2460.499104993,32458576.0
209,0.8357469439506531,0.0001,0.7873383611440659,1766075451.7650843,0.4480171489817792,0.06501046568155289,208,2473.275147475,32617496.0
210,0.8241016864776611,0.0001,0.7917526736855507,1766075464.464716,0.45016077170418006,0.06359957903623581,209,2485.97476891,32779172.0
211,0.8129887580871582,0.0001,0.7919385656714439,1766075475.9448392,0.45230439442658094,0.03750761225819588,210,2497.454913981,32931223.0
212,0.8271564245223999,0.0001,0.7891300916671753,1766075488.292441,0.45444801714898175,0.04066012054681778,211,2509.802663523,33081708.0
213,0.8290029764175415,0.0001,0.7910110279917717,1766075499.9928594,0.4565916398713826,0.03318461775779724,212,2521.503035705,33234519.0
214,0.8178387880325317,0.0001,0.7919710874557495,1766075510.2380476,0.4587352625937835,0.03207449987530708,213,2531.748136933,33380554.0
215,0.8560271263122559,0.0001,0.7841164022684097,1766075523.3811402,0.4608788853161844,0.032984498888254166,214,2544.891192651,33541078.0
216,0.8285883665084839,0.0001,0.7904189079999924,1766075535.3677409,0.4630225080385852,0.03086976148188114,215,2556.877816236,33702070.0
217,0.7832226157188416,0.0001,0.8015573248267174,1766075545.9154458,0.46516613076098606,0.035108041018247604,216,2567.425524929,33851344.0
218,0.8242137432098389,0.0001,0.7936338111758232,1766075557.5079045,0.46730975348338694,0.030090395361185074,217,2579.017986424,34005428.0
219,0.8336390256881714,0.0001,0.7895900383591652,1766075566.9679058,0.4694533762057878,0.0401507206261158,218,2588.47796421,34142448.0
220,0.7858324646949768,0.0001,0.7999298796057701,1766075577.8912773,0.4715969989281886,0.037414778023958206,219,2599.401336551,34293582.0
221,0.8632234334945679,0.0001,0.785741850733757,1766075589.7320087,0.4737406216505895,0.03672264516353607,220,2611.242090278,34448802.0
222,0.8130254149436951,0.0001,0.7924819663167,1766075601.3622684,0.4758842443729904,0.03636457398533821,221,2622.872355966,34608650.0
223,0.8054847717285156,0.0001,0.7956866174936295,1766075613.1741893,0.4780278670953912,0.03626277297735214,222,2634.684262103,34765848.0
224,0.7998160123825073,0.0001,0.8002627789974213,1766075625.0477655,0.48017148981779206,0.037399452179670334,223,2646.557846734,34923587.0
225,0.7790180444717407,0.0001,0.8021983802318573,1766075634.3877501,0.48231511254019294,0.05274815857410431,224,2655.897815574,35061736.0
226,0.837689220905304,0.0001,0.7851336002349854,1766075646.3818436,0.4844587352625938,0.04102681949734688,225,2667.891928889,35224947.0
227,0.88411945104599,0.0001,0.775933563709259,1766075658.6644251,0.4866023579849946,0.04860558733344078,226,2680.174502308,35383552.0
228,0.8273277282714844,0.0001,0.7917493283748627,1766075671.4571886,0.4887459807073955,0.03451382368803024,227,2692.967260177,35537848.0
229,0.8191437125205994,0.0001,0.7917212173342705,1766075682.3798256,0.4908896034297964,0.03846213221549988,228,2703.88991092,35694801.0
230,0.8190788626670837,0.0001,0.7921594008803368,1766075694.3025892,0.4930332261521972,0.03820325434207916,229,2715.812670249,35847389.0
231,0.8307649493217468,0.0001,0.7887376546859741,1766075705.3064482,0.49517684887459806,0.03251543268561363,230,2726.816526058,36001061.0
232,0.8308407068252563,0.0001,0.7915054708719254,1766075716.9201949,0.49732047159699894,0.03625836595892906,231,2738.430269246,36153435.0
233,0.8169106841087341,0.0001,0.7938558161258698,1766075727.6339998,0.4994640943193998,0.03164859116077423,232,2749.144081628,36308551.0
234,0.8179160356521606,0.0001,0.7951700091362,1766075737.8725233,0.5016077170418006,0.04641309008002281,233,2759.382593293,36451452.0
235,0.7872899770736694,0.0001,0.7994416058063507,1766075747.6109824,0.5037513397642015,0.05001393333077431,234,2769.121063705,36596648.0
236,0.8236678838729858,0.0001,0.7871258109807968,1766075759.682439,0.5058949624866024,0.06666911393404007,235,2781.19248821,36751665.0
237,0.8270082473754883,0.0001,0.7914400398731232,1766075772.184063,0.5080385852090032,0.04831269755959511,236,2793.694141342,36908485.0
238,0.7807973623275757,0.0001,0.8039577603340149,1766075783.34,0.5101822079314041,0.04832853004336357,237,2804.850072823,37064151.0
239,0.8274053335189819,0.0001,0.789762981235981,1766075794.3616426,0.5123258306538049,0.07610335946083069,238,2815.87170708,37217517.0
240,0.7748474478721619,0.0001,0.8020182251930237,1766075804.2718167,0.5144694533762058,0.04318644478917122,239,2825.781891915,37367961.0
241,0.8152721524238586,0.0001,0.7926677018404007,1766075816.530997,0.5166130760986066,0.07098584622144699,240,2838.041077756,37526897.0
242,0.8705357909202576,0.0001,0.7779120281338692,1766075828.7573428,0.5187566988210075,0.03594068065285683,241,2850.267505877,37685668.0
243,0.8210011720657349,0.0001,0.7916992753744125,1766075839.8220804,0.5209003215434084,0.07251489162445068,242,2861.332179676,37839489.0
244,0.8456069231033325,0.0001,0.785657249391079,1766075851.844492,0.5230439442658092,0.04463419318199158,243,2873.354603232,37997238.0
245,0.8858609795570374,0.0001,0.7760283052921295,1766075865.975158,0.5251875669882101,0.043111905455589294,244,2887.485261166,38168011.0
246,0.8354448080062866,0.0001,0.7891544103622437,1766075877.5960207,0.5273311897106109,0.055452730506658554,245,2899.106177413,38326230.0
247,0.7821249961853027,0.0001,0.8020554259419441,1766075888.5236163,0.5294748124330118,0.0325251929461956,246,2910.033769141,38478252.0
248,0.805469810962677,0.0001,0.7955414205789566,1766075898.9853542,0.5316184351554126,0.056183721870183945,247,2920.495422419,38625546.0
249,0.8253288269042969,0.0001,0.7894110530614853,1766075910.7303832,0.5337620578778135,0.041941508650779724,248,2932.240469004,38771391.0
250,0.8318130970001221,0.0001,0.7886633425951004,1766075923.004765,0.5359056806002144,0.040947772562503815,249,2944.514861893,38929652.0
251,0.8361821174621582,0.0001,0.7853803858160973,1766075934.1984034,0.5380493033226152,0.049842510372400284,250,2955.708478453,39078825.0
252,0.8488056063652039,0.0001,0.7841081768274307,1766075946.9043314,0.5401929260450161,0.032986585050821304,251,2968.414408015,39250764.0
253,0.8082442283630371,0.0001,0.7945484593510628,1766075958.0756164,0.5423365487674169,0.057850588113069534,252,2979.585776186,39401652.0
254,0.8184431791305542,0.0001,0.7933394983410835,1766075969.161077,0.5444801714898178,0.03763985633850098,253,2990.671156671,39556368.0
255,0.798140287399292,0.0001,0.7949086502194405,1766075979.9960659,0.5466237942122186,0.0421295240521431,254,3001.506250326,39716091.0
256,0.8248848915100098,0.0001,0.7913819923996925,1766075989.9686584,0.5487674169346195,0.04517510160803795,255,3011.478766978,39864668.0
257,0.8545343279838562,0.0001,0.7805029079318047,1766076001.8025556,0.5509110396570204,0.037303417921066284,256,3023.312695584,40026842.0
258,0.8202703595161438,0.0001,0.792983666062355,1766076014.0891337,0.5530546623794212,0.043926045298576355,257,3035.599252086,40185219.0
259,0.8391419649124146,0.0001,0.7871510088443756,1766076025.0517175,0.5551982851018221,0.03453020751476288,258,3046.561792444,40338073.0
260,0.8493034839630127,0.0001,0.7833992466330528,1766076037.2809925,0.5573419078242229,0.046044714748859406,259,3058.791230451,40501465.0
261,0.8320013284683228,0.0001,0.787213608622551,1766076048.9963825,0.5594855305466238,0.033367909491062164,260,3070.506446134,40657227.0
262,0.8008804321289062,0.0001,0.7973676472902298,1766076060.9551744,0.5616291532690246,0.0343899205327034,261,3082.465244781,40807442.0
263,0.8370510935783386,0.0001,0.7859162911772728,1766076071.876519,0.5637727759914255,0.048695359379053116,262,3093.38658462,40956359.0
264,0.8279775977134705,0.0001,0.7884365320205688,1766076084.6821804,0.5659163987138264,0.03447813168168068,263,3106.192275263,41113297.0
265,0.8288838863372803,0.0001,0.7889817729592323,1766076096.9707325,0.5680600214362272,0.0432138592004776,264,3118.480811848,41267327.0
266,0.7928825616836548,0.0001,0.7990590184926987,1766076106.2911458,0.5702036441586281,0.03522142395377159,265,3127.801224915,41416137.0
267,0.8138961791992188,0.0001,0.7930531725287437,1766076117.96884,0.572347266881029,0.04668645188212395,266,3139.478901389,41572626.0
268,0.7985339164733887,0.0001,0.7987399473786354,1766076128.9971917,0.5744908896034298,0.03719935193657875,267,3150.507282903,41724870.0
269,0.7883635759353638,0.0001,0.8001049533486366,1766076140.7114632,0.5766345123258306,0.0348048135638237,268,3162.22152827,41882397.0
270,0.8384570479393005,0.0001,0.7841855958104134,1766076151.7440007,0.5787781350482315,0.04477563500404358,269,3173.254062305,42044695.0
271,0.8542686700820923,0.0001,0.7829922363162041,1766076163.980786,0.5809217577706324,0.03630916774272919,270,3185.490862363,42195750.0
272,0.8445641398429871,0.0001,0.7875541523098946,1766076175.8242388,0.5830653804930332,0.04370209574699402,271,3197.334387316,42347658.0
273,0.8495962619781494,0.0001,0.7819824740290642,1766076187.2456434,0.5852090032154341,0.040440354496240616,272,3208.755705585,42499617.0
274,0.7955067157745361,0.0001,0.798525907099247,1766076197.9875956,0.587352625937835,0.040184713900089264,273,3219.497767849,42648060.0
275,0.816719651222229,0.0001,0.7921951562166214,1766076209.2453637,0.5894962486602358,0.03649500384926796,274,3230.755441892,42799438.0
276,0.8086738586425781,0.0001,0.7955764308571815,1766076220.6304464,0.5916398713826366,0.03626203164458275,275,3242.140561993,42945465.0
277,0.7986177206039429,0.0001,0.7983755171298981,1766076230.8499444,0.5937834941050375,0.03515869379043579,276,3252.360086019,43089377.0
278,0.8587461113929749,0.0001,0.7839193344116211,1766076245.077375,0.5959271168274384,0.032649192959070206,277,3266.587457988,43253006.0
279,0.8141067028045654,0.0001,0.7923687770962715,1766076257.542856,0.5980707395498392,0.03437283635139465,278,3279.053001107,43420433.0
280,0.8178451061248779,0.0001,0.7923398986458778,1766076269.8335733,0.6002143622722401,0.03565390408039093,279,3291.343749694,43577695.0
281,0.8113894462585449,0.0001,0.792743057012558,1766076283.514153,0.602357984994641,0.034822575747966766,280,3305.024329748,43738482.0
282,0.8198026418685913,0.0001,0.7902526259422302,1766076295.7277174,0.6045016077170418,0.03477666527032852,281,3317.237795774,43895774.0
283,0.815895676612854,0.0001,0.7941719144582748,1766076306.8419921,0.6066452304394426,0.03388455510139465,282,3328.352194431,44045728.0
284,0.8208130598068237,0.0001,0.7872823402285576,1766076318.8383007,0.6087888531618435,0.03834279999136925,283,3340.348379815,44207082.0
285,0.8384778499603271,0.0001,0.7864803224802017,1766076331.1755376,0.6109324758842444,0.03806439787149429,284,3352.685628436,44360492.0
286,0.7806262373924255,0.0001,0.8008907362818718,1766076342.8886943,0.6130760986066452,0.038241881877183914,285,3364.398924284,44507249.0
287,0.8120560646057129,0.0001,0.7969917431473732,1766076354.3077955,0.6152197213290461,0.038161735981702805,286,3375.817879721,44657380.0
288,0.8104066848754883,0.0001,0.7923180982470512,1766076365.6910412,0.617363344051447,0.03622317314147949,287,3387.201111537,44809690.0
289,0.7861026525497437,0.0001,0.7991229817271233,1766076375.665471,0.6195069667738478,0.0358227863907814,288,3397.17558101,44958006.0
290,0.8331189751625061,0.0001,0.7885467782616615,1766076388.3215847,0.6216505894962486,0.03549409657716751,289,3409.831662859,45127484.0
291,0.8622135519981384,0.0001,0.7824257984757423,1766076400.7298865,0.6237942122186495,0.03463919088244438,290,3422.239999623,45288670.0
292,0.7971781492233276,0.0001,0.7951845824718475,1766076410.3498516,0.6259378349410504,0.03965388238430023,291,3431.859895233,45435435.0
293,0.8129606246948242,0.0001,0.7934665903449059,1766076420.9295857,0.6280814576634512,0.03656890243291855,292,3442.439755797,45582758.0
294,0.7963486313819885,0.0001,0.7983242049813271,1766076431.448836,0.6302250803858521,0.053043708205223083,293,3452.958917144,45724786.0
295,0.8052654266357422,0.0001,0.7961650267243385,1766076442.2872388,0.632368703108253,0.03756404668092728,294,3463.797321644,45875653.0
296,0.7980510592460632,0.0001,0.7970525473356247,1766076453.382168,0.6345123258306538,0.0568406842648983,295,3474.892244359,46026612.0
297,0.8062227964401245,0.0001,0.797053262591362,1766076463.4508708,0.6366559485530546,0.04063912853598595,296,3484.960940069,46173537.0
298,0.8396838307380676,0.0001,0.787051796913147,1766076475.203494,0.6387995712754555,0.04593125730752945,297,3496.713581886,46337020.0
299,0.8263688683509827,0.0001,0.7936295941472054,1766076486.0178564,0.6409431939978564,0.03577286750078201,298,3507.527924999,46484878.0
300,0.8223474621772766,0.0001,0.7885784655809402,1766076497.5495105,0.6430868167202572,0.05325794219970703,299,3519.059562941,46638837.0
301,0.8148464560508728,0.0001,0.7926335632801056,1766076517.8220327,0.6452304394426581,0.041935380548238754,300,3539.332148222,46792654.0
302,0.8345575332641602,0.0001,0.78631891310215,1766076529.1782985,0.647374062165059,0.0479990653693676,301,3550.688349066,46956735.0
303,0.8607432842254639,0.0001,0.784683845937252,1766076540.9156692,0.6495176848874598,0.038560666143894196,302,3562.42573076,47119017.0
304,0.8194805979728699,0.0001,0.7922477722167969,1766076553.7051861,0.6516613076098606,0.042461685836315155,303,3575.215253906,47277064.0
305,0.8179050087928772,0.0001,0.7896722927689552,1766076565.3819392,0.6538049303322615,0.038643769919872284,304,3586.892012353,47425177.0
306,0.7839241027832031,0.0001,0.801274798810482,1766076575.6639326,0.6559485530546624,0.04068185016512871,305,3597.174001491,47567815.0
307,0.7741042375564575,0.0001,0.8025367334485054,1766076586.000254,0.6580921757770632,0.04368409886956215,306,3607.510326366,47711542.0
308,0.8360766768455505,0.0001,0.7908500358462334,1766076597.3913846,0.6602357984994641,0.0367610789835453,307,3618.901454523,47867963.0
309,0.8025141358375549,0.0001,0.7945586368441582,1766076609.1890693,0.662379421221865,0.04241381585597992,308,3630.699128456,48027087.0
310,0.8499860763549805,0.0001,0.7833298817276955,1766076621.3130949,0.6645230439442658,0.03947422653436661,309,3642.82315239,48181216.0
311,0.8687757253646851,0.0001,0.7806484922766685,1766076633.9013858,0.6666666666666666,0.038147296756505966,310,3655.411471684,48346653.0
312,0.8571885824203491,0.0001,0.7839736416935921,1766076645.550303,0.6688102893890675,0.04124918580055237,311,3667.060376037,48515202.0
313,0.8343926072120667,0.0001,0.7890210226178169,1766076658.606434,0.6709539121114684,0.03849222883582115,312,3680.11651734,48681596.0
314,0.7636731863021851,0.0001,0.8050541058182716,1766076670.9842975,0.6730975348338692,0.04696612060070038,313,3692.494381436,48830511.0
315,0.844174861907959,0.0001,0.7856358289718628,1766076682.816329,0.6752411575562701,0.03760909661650658,314,3704.32639622,48979750.0
316,0.8063235282897949,0.0001,0.794504277408123,1766076695.387506,0.677384780278671,0.05875933915376663,315,3716.897577968,49140486.0
317,0.8113445043563843,0.0001,0.7945546209812164,1766076707.6144166,0.6795284030010718,0.0391698032617569,316,3729.124493302,49297672.0
318,0.8145849108695984,0.0001,0.7920853793621063,1766076718.42032,0.6816720257234726,0.0535692498087883,317,3739.930400261,49448662.0
319,0.8114052414894104,0.0001,0.7939958423376083,1766076730.4837842,0.6838156484458735,0.04147070646286011,318,3751.993855527,49615721.0
320,0.7898913621902466,0.0001,0.7994469180703163,1766076741.1491551,0.6859592711682744,0.04153967648744583,319,3762.659207748,49770136.0
321,0.8276769518852234,0.0001,0.7894040122628212,1766076753.120229,0.6881028938906752,0.061916179955005646,320,3774.630311443,49932945.0
322,0.7908779382705688,0.0001,0.8000569716095924,1766076764.5047774,0.6902465166130761,0.04651710391044617,321,3786.014849747,50079045.0
323,0.8280385732650757,0.0001,0.7869967520236969,1766076778.0574555,0.692390139335477,0.06672482192516327,322,3799.567542945,50243726.0
324,0.8124094605445862,0.0001,0.7948886975646019,1766076790.569243,0.6945337620578779,0.03953131288290024,323,3812.079306145,50404071.0
325,0.8413466811180115,0.0001,0.7864574939012527,1766076801.9002893,0.6966773847802786,0.07727666199207306,324,3823.410369673,50557944.0
326,0.8276345729827881,0.0001,0.7907367572188377,1766076814.8162665,0.6988210075026795,0.03534446656703949,325,3836.326346582,50723566.0
327,0.7548762559890747,0.0001,0.8078768104314804,1766076825.600812,0.7009646302250804,0.07700995355844498,326,3847.110901843,50868735.0
328,0.8273022174835205,0.0001,0.7913276478648186,1766076836.509955,0.7031082529474812,0.059311382472515106,327,3858.020011563,51027679.0
329,0.8545770645141602,0.0001,0.7818377539515495,1766076850.3695352,0.7052518756698821,0.07996641844511032,328,3871.879605301,51188474.0
330,0.7878625988960266,0.0001,0.7977426648139954,1766076861.3559496,0.707395498392283,0.08030954003334045,329,3882.866030824,51334182.0
331,0.823219895362854,0.0001,0.7921012416481972,1766076873.9673958,0.7095391211146839,0.05541827902197838,330,3895.477470372,51499899.0
332,0.7971844673156738,0.0001,0.7972362339496613,1766076884.7731497,0.7116827438370846,0.08563639223575592,331,3906.283230086,51645111.0
333,0.7840160131454468,0.0001,0.7984222322702408,1766076895.2589896,0.7138263665594855,0.0416242741048336,332,3916.769069932,51795720.0
334,0.755905270576477,0.0001,0.805790863931179,1766076905.8498812,0.7159699892818864,0.07036605477333069,333,3927.359966387,51934189.0
335,0.8441768884658813,0.0001,0.7893396094441414,1766076918.037326,0.7181136120042872,0.0650460347533226,334,3939.547484702,52086111.0
336,0.8200733661651611,0.0001,0.7910345494747162,1766076928.6735454,0.7202572347266881,0.041699640452861786,335,3950.183629973,52241632.0
337,0.8210641741752625,0.0001,0.7911698669195175,1766076942.1737716,0.722400857449089,0.06563537567853928,336,3963.683932391,52403245.0
338,0.8435719609260559,0.0001,0.7862546443939209,1766076954.5563369,0.7245444801714899,0.05997534096240997,337,3976.066428437,52567275.0
339,0.8290277719497681,0.0001,0.7892769798636436,1766076967.3866005,0.7266881028938906,0.03670589625835419,338,3988.896761754,52733506.0
340,0.8257652521133423,0.0001,0.7922878637909889,1766076979.1324236,0.7288317256162915,0.055570024996995926,339,4000.642500981,52884795.0
341,0.8175666332244873,0.0001,0.7916450053453445,1766076990.326451,0.7309753483386924,0.051345597952604294,340,4011.836518058,53039775.0
342,0.8399543166160583,0.0001,0.7855621054768562,1766077003.4691257,0.7331189710610932,0.03895828127861023,341,4024.97919635,53204226.0
343,0.80259108543396,0.0001,0.7952834591269493,1766077014.4379177,0.7352625937834941,0.05833476409316063,342,4035.947976475,53357002.0
344,0.8178700804710388,0.0001,0.7914271131157875,1766077025.8039877,0.737406216505895,0.060543663799762726,343,4047.314056265,53512592.0
345,0.8640938997268677,0.0001,0.7820978760719299,1766077038.1317575,0.7395498392282959,0.04856522008776665,344,4059.641826613,53675222.0
346,0.8771218657493591,0.0001,0.7754285559058189,1766077052.7408738,0.7416934619506966,0.07206771522760391,345,4074.250952596,53837794.0
347,0.8240151405334473,0.0001,0.791360579431057,1766077064.559785,0.7438370846730975,0.05901249870657921,346,4086.069924148,53990810.0
348,0.7998190522193909,0.0001,0.7965557053685188,1766077076.253722,0.7459807073954984,0.03778938576579094,347,4097.763811101,54142452.0
349,0.7935774922370911,0.0001,0.796463169157505,1766077089.2823653,0.7481243301178992,0.07373297959566116,348,4110.792523472,54294279.0
350,0.7917788028717041,0.0001,0.8009098991751671,1766077099.877334,0.7502679528403001,0.06938501447439194,349,4121.387461376,54445597.0
351,0.8277417421340942,0.0001,0.7907415479421616,1766077112.898944,0.752411575562701,0.03633692488074303,350,4134.40904012,54603343.0
352,0.7769550085067749,0.0001,0.803976833820343,1766077124.5326219,0.7545551982851019,0.07286492735147476,351,4146.042804385,54759468.0
353,0.8037256002426147,0.0001,0.7934750914573669,1766077137.9998324,0.7566988210075026,0.06572888046503067,352,4159.510020358,54913059.0
354,0.8129541873931885,0.0001,0.7923396080732346,1766077151.0084283,0.7588424437299035,0.046736638993024826,353,4172.518572092,55070490.0
355,0.8392380475997925,0.0001,0.7875733971595764,1766077163.930022,0.7609860664523044,0.04308819770812988,354,4185.440091447,55234816.0
356,0.8266239166259766,0.0001,0.7913537099957466,1766077174.0164256,0.7631296891747053,0.07021946460008621,355,4195.526648367,55387388.0
357,0.7905477285385132,0.0001,0.8021665513515472,1766077185.2551498,0.7652733118971061,0.06420499831438065,356,4206.765353697,55538411.0
358,0.8058048486709595,0.0001,0.7951250448822975,1766077196.345,0.767416934619507,0.044203516095876694,357,4217.855074939,55688433.0
359,0.8079235553741455,0.0001,0.7935781106352806,1766077206.9327242,0.7695605573419079,0.05393844097852707,358,4228.442798107,55839265.0
360,0.7705360054969788,0.0001,0.8047425821423531,1766077218.1875331,0.7717041800643086,0.06660596281290054,359,4239.69760331,55990505.0
361,0.8368397951126099,0.0001,0.788880355656147,1766077231.1965961,0.7738478027867095,0.04659701883792877,360,4252.706800197,56160090.0
362,0.8056403398513794,0.0001,0.7947874069213867,1766077241.4725058,0.7759914255091104,0.04162858426570892,361,4262.982684885,56315482.0
363,0.845026433467865,0.0001,0.7847081497311592,1766077254.7734828,0.7781350482315113,0.046023495495319366,362,4276.28356687,56478778.0
364,0.832628607749939,0.0001,0.786378487944603,1766077267.9375887,0.7802786709539121,0.05255546048283577,363,4289.447657566,56640621.0
365,0.8264645338058472,0.0001,0.7908477783203125,1766077282.0983884,0.782422293676313,0.04927869886159897,364,4303.608463204,56808271.0
366,0.819127082824707,0.0001,0.7916333600878716,1766077293.878966,0.7845659163987139,0.04085424169898033,365,4315.389024603,56962569.0
367,0.8141546249389648,0.0001,0.791795015335083,1766077304.2615628,0.7867095391211146,0.048461414873600006,366,4325.771632726,57113382.0
368,0.8452610969543457,0.0001,0.7831098958849907,1766077316.7716198,0.7888531618435155,0.04905281960964203,367,4338.281689189,57283115.0
369,0.7963454723358154,0.0001,0.7954184412956238,1766077328.634127,0.7909967845659164,0.04487699270248413,368,4350.144200285,57431980.0
370,0.8246755599975586,0.0001,0.7901252433657646,1766077341.3138359,0.7931404072883173,0.041259072721004486,369,4362.823871996,57593151.0
371,0.8278818130493164,0.0001,0.7899048551917076,1766077356.4274936,0.7952840300107181,0.046472035348415375,370,4377.937567749,57769554.0
372,0.8088125586509705,0.0001,0.795814611017704,1766077369.8170376,0.797427652733119,0.046953245997428894,371,4391.327097453,57930187.0
373,0.8029442429542542,0.0001,0.7977851927280426,1766077382.205569,0.7995712754555199,0.038703735917806625,372,4403.715639831,58089895.0
374,0.7914072275161743,0.0001,0.7991558238863945,1766077391.5323339,0.8017148981779206,0.04133489355444908,373,4413.042423499,58237921.0
375,0.7965668439865112,0.0001,0.7980319708585739,1766077403.0734148,0.8038585209003215,0.045513078570365906,374,4424.583491229,58386574.0
376,0.7901710867881775,0.0001,0.8004439026117325,1766077414.0350325,0.8060021436227224,0.04568077623844147,375,4435.54507911,58531794.0
377,0.8030676245689392,0.0001,0.7951155453920364,1766077424.398395,0.8081457663451233,0.04083985835313797,376,4445.90847147,58679304.0
378,0.8391790390014648,0.0001,0.7874088883399963,1766077435.4568424,0.8102893890675241,0.04638679325580597,377,4456.966901902,58827963.0
379,0.7933065891265869,0.0001,0.8024492487311363,1766077445.2774372,0.812433011789925,0.0443045012652874,378,4466.787489,58968065.0
380,0.8181653618812561,0.0001,0.7941469475626945,1766077456.708253,0.8145766345123259,0.039050355553627014,379,4478.21832616,59119596.0
381,0.8019869327545166,0.0001,0.7956089377403259,1766077468.806983,0.8167202572347267,0.0400543138384819,380,4490.317031976,59282269.0
382,0.8058332204818726,0.0001,0.7967789396643639,1766077482.8560777,0.8188638799571275,0.03854973241686821,381,4504.36615226,59449069.0
383,0.8141913414001465,0.0001,0.7924100458621979,1766077493.9439414,0.8210075026795284,0.04074979946017265,382,4515.453987778,59602942.0
384,0.8228428363800049,0.0001,0.7904221341013908,1766077505.343987,0.8231511254019293,0.037694912403821945,383,4526.854064037,59763486.0
385,0.7961896657943726,0.0001,0.7993718981742859,1766077516.3526847,0.8252947481243301,0.03954218327999115,384,4537.862751371,59914007.0
386,0.7689825296401978,0.0001,0.8018178418278694,1766077525.8852677,0.827438370846731,0.04219987615942955,385,4547.395342674,60056933.0
387,0.8116874694824219,0.0001,0.7935286313295364,1766077537.8171084,0.8295819935691319,0.037857621908187866,386,4559.327167108,60219888.0
388,0.8033142685890198,0.0001,0.7954068779945374,1766077550.506519,0.8317256162915327,0.038005281239748,387,4572.01656724,60373832.0
389,0.795023500919342,0.0001,0.7985566258430481,1766077561.6874628,0.8338692390139335,0.03879551216959953,388,4583.197526408,60526958.0
390,0.7945432066917419,0.0001,0.7976492866873741,1766077572.4166114,0.8360128617363344,0.03870827332139015,389,4593.926841437,60680957.0
391,0.8175866603851318,0.0001,0.7890008389949799,1766077584.8468142,0.8381564844587353,0.03806803748011589,390,4606.35688413,60844353.0
392,0.7710979580879211,0.0001,0.8039934635162354,1766077594.5347419,0.8403001071811361,0.04026932641863823,391,4616.044804651,60988093.0
393,0.8033910393714905,0.0001,0.7947088181972504,1766077605.0983772,0.842443729903537,0.04462006315588951,392,4626.608449918,61139257.0
394,0.8331819176673889,0.0001,0.7882767915725708,1766077617.2190065,0.8445873526259379,0.040365271270275116,393,4638.729087083,61294373.0
395,0.8574275970458984,0.0001,0.7813064604997635,1766077629.4365313,0.8467309753483387,0.0386938638985157,394,4650.946655929,61460962.0
396,0.753029465675354,0.0001,0.8080916926264763,1766077641.3838875,0.8488745980707395,0.041047245264053345,395,4662.893973917,61610443.0
397,0.8015976548194885,0.0001,0.7973911613225937,1766077653.0057116,0.8510182207931404,0.04103531315922737,396,4674.515876086,61767622.0
398,0.811854362487793,0.0001,0.7927316948771477,1766077663.3430636,0.8531618435155413,0.040571991354227066,397,4684.853141128,61927294.0
399,0.8095144033432007,0.0001,0.7945696413516998,1766077675.5306637,0.8553054662379421,0.044105447828769684,398,4697.04086676,62087657.0
400,0.8333079814910889,0.0001,0.7887075021862984,1766077687.957835,0.857449088960343,0.04588554799556732,399,4709.468004616,62242685.0
401,0.7786202430725098,0.0001,0.8015591129660606,1766077705.973662,0.8595927116827439,0.03984783962368965,400,4727.483743387,62393085.0
402,0.775337278842926,0.0001,0.8048946708440781,1766077715.7436507,0.8617363344051447,0.042706504464149475,401,4737.253734273,62538285.0
403,0.8367584943771362,0.0001,0.7889039814472198,1766077728.4645658,0.8638799571275455,0.03761732205748558,402,4749.974639393,62701391.0
404,0.8276925086975098,0.0001,0.7902644872665405,1766077740.5826437,0.8660235798499464,0.0481300987303257,403,4762.092796898,62848535.0
405,0.795025110244751,0.0001,0.7960933148860931,1766077752.329618,0.8681672025723473,0.04567876085639,404,4773.839794718,63001586.0
406,0.8204221725463867,0.0001,0.791225403547287,1766077764.0881426,0.8703108252947481,0.039873044937849045,405,4785.598305649,63162806.0
407,0.8137975931167603,0.0001,0.7914077118039131,1766077774.9616694,0.872454448017149,0.04550781473517418,406,4796.471887304,63324619.0
408,0.8355141878128052,0.0001,0.7884223312139511,1766077785.7986424,0.8745980707395499,0.03925907611846924,407,4807.308726619,63484446.0
409,0.8487302660942078,0.0001,0.7820259034633636,1766077800.874323,0.8767416934619507,0.04390080273151398,408,4822.384382962,63657343.0
410,0.8672415018081665,0.0001,0.7805016115307808,1766077814.1950264,0.8788853161843515,0.046521853655576706,409,4835.705086632,63815011.0
411,0.7896419763565063,0.0001,0.7981143295764923,1766077827.2364593,0.8810289389067524,0.040182553231716156,410,4848.746661723,63974464.0
412,0.8085706830024719,0.0001,0.7954828217625618,1766077840.3640745,0.8831725616291533,0.04012284427881241,411,4861.87416424,64130517.0
413,0.8051059246063232,0.0001,0.7950105890631676,1766077851.5059338,0.8853161843515541,0.04448431730270386,412,4873.016001503,64283106.0
414,0.8058809041976929,0.0001,0.7939416542649269,1766077862.3973165,0.887459807073955,0.0394870787858963,413,4883.907394902,64430594.0
415,0.8516221046447754,0.0001,0.7844995334744453,1766077875.3759892,0.8896034297963559,0.04212937876582146,414,4896.886128284,64603713.0
416,0.8291482925415039,0.0001,0.7882465794682503,1766077886.9960852,0.8917470525187567,0.04851900786161423,415,4908.506162362,64760293.0
417,0.8161823749542236,0.0001,0.7931544259190559,1766077897.9089274,0.8938906752411575,0.04081195220351219,416,4919.418999554,64923933.0
418,0.8429959416389465,0.0001,0.7852134481072426,1766077910.7091436,0.8960342979635584,0.04336922615766525,417,4932.219189221,65087097.0
419,0.792472243309021,0.0001,0.7993943840265274,1766077922.5788574,0.8981779206859593,0.044939037412405014,418,4944.088900225,65242953.0
420,0.8168167471885681,0.0001,0.7919426634907722,1766077935.3885689,0.9003215434083601,0.04054570570588112,419,4956.898631118,65403795.0
421,0.8430157899856567,0.0001,0.7882865965366364,1766077947.4745166,0.902465166130761,0.045151807367801666,420,4968.984599954,65567087.0
422,0.7910105586051941,0.0001,0.7994734346866608,1766077959.7476466,0.9046087888531619,0.04066929966211319,421,4981.257716295,65727717.0
423,0.8410030603408813,0.0001,0.785723127424717,1766077971.4251802,0.9067524115755627,0.04342487081885338,422,4992.935225694,65883913.0
424,0.7450270652770996,0.0001,0.8079271465539932,1766077982.5208697,0.9088960342979635,0.038891687989234924,423,5004.03094008,66040928.0
425,0.7674524188041687,0.0001,0.8010867834091187,1766077991.777343,0.9110396570203644,0.04274481534957886,424,5013.287421035,66182158.0
426,0.8162084221839905,0.0001,0.7909372299909592,1766078002.723694,0.9131832797427653,0.039794955402612686,425,5024.233754777,66333993.0
427,0.8517323732376099,0.0001,0.7835163474082947,1766078015.9505188,0.9153269024651661,0.04211113229393959,426,5037.460585841,66494673.0
428,0.8532228469848633,0.0001,0.7820785045623779,1766078028.8801324,0.917470525187567,0.04016335308551788,427,5050.390167204,66655725.0
429,0.8084719181060791,0.0001,0.7918921485543251,1766078040.8706713,0.9196141479099679,0.040641024708747864,428,5062.380745362,66812443.0
430,0.8270392417907715,0.0001,0.7898189648985863,1766078052.9338932,0.9217577706323687,0.03966635838150978,429,5074.444039884,66967415.0
431,0.8434415459632874,0.0001,0.7854356914758682,1766078064.9216955,0.9239013933547695,0.04066947102546692,430,5086.431832754,67121525.0
432,0.8262121677398682,0.0001,0.7917002141475677,1766078076.4837654,0.9260450160771704,0.039877135306596756,431,5097.993906683,67280398.0
433,0.8217686414718628,0.0001,0.791056901216507,1766078087.8339872,0.9281886387995713,0.039550621062517166,432,5109.344071261,67430621.0
434,0.7772096395492554,0.0001,0.8023619428277016,1766078099.200953,0.9303322615219721,0.04696519672870636,433,5120.711032989,67586335.0
435,0.8042427897453308,0.0001,0.7964780181646347,1766078110.8582175,0.932475884244373,0.03591938316822052,434,5132.368279296,67746263.0
436,0.8103733062744141,0.0001,0.7934744209051132,1766078121.2832155,0.9346195069667739,0.040296122431755066,435,5142.793279642,67898321.0
437,0.7956602573394775,0.0001,0.7997711077332497,1766078131.9023137,0.9367631296891747,0.04147965461015701,436,5153.412396844,68043187.0
438,0.8128316402435303,0.0001,0.7910668700933456,1766078141.1471534,0.9389067524115756,0.044393014162778854,437,5162.657227701,68188476.0
439,0.7962937951087952,0.0001,0.7952994182705879,1766078152.9200404,0.9410503751339764,0.037903886288404465,438,5174.4301309,68339622.0
440,0.7929024696350098,0.0001,0.7978740036487579,1766078164.792419,0.9431939978563773,0.04422549530863762,439,5186.30259861,68495777.0
441,0.8413774967193604,0.0001,0.7858383283019066,1766078176.9324684,0.9453376205787781,0.041005171835422516,440,5198.443628591,68660269.0
442,0.7608999013900757,0.0001,0.8069274872541428,1766078187.0213869,0.947481243301179,0.03963053598999977,441,5208.531467186,68808933.0
443,0.8234202861785889,0.0001,0.7905660048127174,1766078199.4179795,0.9496248660235799,0.04107065126299858,442,5220.928040306,68971728.0
444,0.8257684111595154,0.0001,0.789512887597084,1766078211.5385082,0.9517684887459807,0.04295439273118973,443,5233.048565068,69132008.0
445,0.8001399636268616,0.0001,0.7938205003738403,1766078222.2892501,0.9539121114683816,0.041874706745147705,444,5243.799291386,69278688.0
446,0.7873272895812988,0.0001,0.797090083360672,1766078235.7375848,0.9560557341907824,0.04076722264289856,445,5257.247654768,69432305.0
447,0.8346697092056274,0.0001,0.7873476520180702,1766078248.686539,0.9581993569131833,0.041106972843408585,446,5270.196609624,69591761.0
448,0.8347864151000977,0.0001,0.7860499322414398,1766078258.9703708,0.9603429796355841,0.04001908749341965,447,5280.481052024,69743971.0
449,0.8315000534057617,0.0001,0.7877841517329216,1766078271.1988444,0.962486602357985,0.04055776447057724,448,5292.708933752,69898458.0
450,0.8374072909355164,0.0001,0.7864645943045616,1766078285.3266165,0.9646302250803859,0.03935513272881508,449,5306.836698901,70067672.0
451,0.7829767465591431,0.0001,0.7986386269330978,1766078296.6314247,0.9667738478027867,0.03961639478802681,450,5318.141496246,70220457.0
452,0.8108171224594116,0.0001,0.7935328409075737,1766078307.760882,0.9689174705251876,0.04168360307812691,451,5329.270950918,70371898.0
453,0.8519085645675659,0.0001,0.7817454263567924,1766078319.9045463,0.9710610932475884,0.03865773603320122,452,5341.41459798,70531855.0
454,0.7527809143066406,0.0001,0.8071065172553062,1766078329.8802245,0.9732047159699893,0.04125922545790672,453,5351.390349232,70671343.0
455,0.7961338758468628,0.0001,0.7991650551557541,1766078339.913288,0.9753483386923901,0.041405901312828064,454,5361.423365119,70824566.0
456,0.7917574644088745,0.0001,0.7995086833834648,1766078351.3698173,0.977491961414791,0.03969698026776314,455,5372.879879144,70978442.0
457,0.8160865306854248,0.0001,0.7938663139939308,1766078362.7655058,0.9796355841371919,0.037930361926555634,456,5384.275579259,71138566.0
458,0.7919093370437622,0.0001,0.7991264835000038,1766078374.8756316,0.9817792068595927,0.04073483496904373,457,5396.385825282,71297085.0
459,0.8428974747657776,0.0001,0.7887221723794937,1766078388.1090634,0.9839228295819936,0.04032261669635773,458,5409.619124732,71450804.0
460,0.7751292586326599,0.0001,0.8011437207460403,1766078399.4111314,0.9860664523043944,0.040042389184236526,459,5420.921215394,71611452.0
461,0.7976379990577698,0.0001,0.7944344133138657,1766078410.149359,0.9882100750267953,0.044858261942863464,460,5431.659429256,71764514.0
462,0.8377388715744019,0.0001,0.7880699634552002,1766078422.3817909,0.9903536977491961,0.041987016797065735,461,5443.891858582,71924545.0
463,0.8526203036308289,0.0001,0.7822229936718941,1766078434.6319432,0.992497320471597,0.040683530271053314,462,5456.141997353,72084518.0
464,0.7889827489852905,0.0001,0.797720156610012,1766078446.1421926,0.9946409431939979,0.03987247496843338,463,5467.65227756,72247869.0
465,0.8083138465881348,0.0001,0.793817475438118,1766078459.1426806,0.9967845659163987,0.03834257274866104,464,5480.652747736,72411161.0
466,0.7856065034866333,0.0001,0.8005703762173653,1766078471.174463,0.9989281886387996,0.037972092628479004,465,5492.684544726,72572058.0
467,0.772687554359436,0.0001,0.800133615732193,1766078476.6431203,1.0,0.037972092628479004,466,5498.153277742,72643344.0
467,,,,1766078483.1662724,1.0,,467,5504.676182551,
