train/loss,train/epoch,_step,_timestamp,train/num_tokens,train/learning_rate,train/global_step,train/mean_token_accuracy,_runtime,train/grad_norm
1.6913,0.003745318352059925,0,1763911816.7320182,307884.0,0.0,1,0.6550354957580566,33.041861063,0.5289572477340698
1.6538,0.00749063670411985,1,1763911836.6866593,616892.0,2.2222222222222223e-05,2,0.6642025113105774,52.996310015,0.5144447088241577
1.6804,0.011235955056179775,2,1763911856.7379177,914492.0,4.4444444444444447e-05,3,0.6600825190544128,73.047568652,0.5413157939910889
1.6815,0.0149812734082397,3,1763911871.761571,1204552.0,6.666666666666667e-05,4,0.6612135171890259,88.071246796,0.7135536074638367
1.6549,0.018726591760299626,4,1763911891.3623078,1516999.0,8.888888888888889e-05,5,0.656812846660614,107.672016919,0.9339665770530701
1.5805,0.02247191011235955,5,1763911910.8139312,1824273.0,0.00011111111111111112,6,0.6667035818099976,127.12370897,0.9429280161857605
1.5046,0.026217228464419477,6,1763911930.0862913,2122431.0,0.00013333333333333334,7,0.6728097796440125,146.395985001,0.650073230266571
1.4007,0.0299625468164794,7,1763911946.8721983,2433073.0,0.00015555555555555556,8,0.6852462887763977,163.181815834,0.49064958095550537
1.3218,0.033707865168539325,8,1763911967.0767317,2742099.0,0.00017777777777777779,9,0.6946564316749573,183.386382858,0.3629975914955139
1.2399,0.03745318352059925,9,1763911984.3826137,3049823.0,0.0002,10,0.7110024690628052,200.69220012,0.3733128309249878
1.1961,0.04119850187265917,10,1763912003.9560149,3366319.0,0.00019999332782419382,11,0.7212433218955994,220.265753,0.49263107776641846
1.1179,0.0449438202247191,11,1763912021.402148,3670927.0,0.00019997331228606256,12,0.7329602241516113,237.71187312,0.6184127330780029
1.0835,0.04868913857677903,12,1763912036.983286,3980081.0,0.00019993995635332154,13,0.7355051636695862,253.292927932,1.716939926147461
0.9911,0.052434456928838954,13,1763912056.2102842,4307849.0,0.00019989326497167406,14,0.7578317523002625,272.519975447,0.6368212699890137
0.9163,0.056179775280898875,14,1763912076.1206338,4600144.0,0.00019983324506407806,15,0.7763309478759766,292.430323322,0.40674152970314026
0.908,0.0599250936329588,15,1763912095.3255763,4911629.0,0.00019975990552971966,16,0.773755669593811,311.635179959,0.2733239531517029
0.8598,0.06367041198501873,16,1763912113.1219056,5202873.0,0.00019967325724269366,17,0.7832801938056946,329.431697465,0.24587467312812805
0.8626,0.06741573033707865,17,1763912132.7700481,5513804.0,0.00019957331305039123,18,0.7816407680511475,349.079680287,0.19143128395080566
0.8337,0.07116104868913857,18,1763912150.295248,5827396.0,0.00019946008777159516,19,0.7857995629310608,366.604935897,0.1919250190258026
0.8482,0.0749063670411985,19,1763912169.9189072,6125119.0,0.00019933359819428238,20,0.7833904027938843,386.228632023,0.1728786677122116
0.851,0.07865168539325842,20,1763912190.0134175,6446256.0,0.0001991938630731351,21,0.7794533371925354,406.323097681,0.14662079513072968
0.8551,0.08239700374531835,21,1763912210.0391657,6770634.0,0.00019904090312675995,22,0.7788739204406738,426.348908978,0.1254265010356903
0.8053,0.08614232209737828,22,1763912229.4811554,7079539.0,0.00019887474103461573,23,0.7905718684196472,445.790915725,0.111382395029068
0.8126,0.0898876404494382,23,1763912248.9608798,7393944.0,0.00019869540143365127,24,0.7886598110198975,465.270689948,0.11816806346178055
0.8128,0.09363295880149813,24,1763912268.558349,7711115.0,0.00019850291091465195,25,0.7888793349266052,484.868093749,0.13974110782146454
0.782,0.09737827715355805,25,1763912288.102242,8009613.0,0.0001982972980182975,26,0.7944563627243042,504.411916669,0.1245957762002945
0.8078,0.10112359550561797,26,1763912308.1705723,8330631.0,0.0001980785932309299,27,0.7872403860092163,524.480269586,0.08788980543613434
0.8282,0.10486891385767791,27,1763912327.8966146,8654961.0,0.00019784682898003347,28,0.7832446098327637,544.206206852,0.08528176695108414
0.79,0.10861423220973783,28,1763912347.094393,8973291.0,0.0001976020396294265,29,0.7928845286369324,563.404003288,0.08470368385314941
0.7696,0.11235955056179775,29,1763912366.3407493,9270008.0,0.00019734426147416647,30,0.7964426279067993,582.650494367,0.07407490909099579
0.7626,0.11610486891385768,30,1763912383.9915516,9564053.0,0.0001970735327351683,31,0.797943651676178,600.301149666,0.06086430698633194
0.7881,0.1198501872659176,31,1763912403.6564958,9884430.0,0.00019678989355353726,32,0.7906361222267151,619.966245158,0.05805741250514984
0.8091,0.12359550561797752,32,1763912423.0280027,10201899.0,0.0001964933859846176,33,0.7853010296821594,639.337786265,0.06678901612758636
0.7801,0.12734082397003746,33,1763912442.1358013,10517531.0,0.00019618405399175653,34,0.7922660708427429,658.44543856,0.05177049711346626
0.7307,0.13108614232209737,34,1763912461.5856922,10819542.0,0.00019586194343978607,35,0.8065245151519775,677.895430026,0.04938628897070885
0.7676,0.1348314606741573,35,1763912481.2990289,11120937.0,0.00019552710208822245,36,0.7967821955680847,697.608703646,0.04994343966245651
0.7634,0.13857677902621723,36,1763912500.7825675,11441230.0,0.00019517957958418484,37,0.7975116968154907,717.092223873,0.04686158522963524
0.7931,0.14232209737827714,37,1763912520.317437,11761234.0,0.0001948194274550343,38,0.7892907857894897,736.627186478,0.04750509932637215
0.7658,0.14606741573033707,38,1763912540.5104918,12062875.0,0.00019444669910073352,39,0.7961755394935608,756.820193864,0.04297911375761032
0.7649,0.149812734082397,39,1763912559.379667,12382707.0,0.00019406144978592932,40,0.7958674430847168,775.689277698,0.041488174349069595
0.8025,0.15355805243445692,40,1763912578.9413605,12714548.0,0.00019366373663175855,41,0.7881433367729187,795.251236687,0.0401613712310791
0.7623,0.15730337078651685,41,1763912598.4404397,13015263.0,0.0001932536186073787,42,0.797005295753479,814.750152096,0.041437529027462006
0.7384,0.16104868913857678,42,1763912614.9922795,13312145.0,0.00019283115652122434,43,0.8019537329673767,831.301940159,0.04999040067195892
0.7598,0.1647940074906367,43,1763912634.8371956,13620098.0,0.00019239641301199137,44,0.7967429161071777,851.14686437,0.04130242019891739
0.7647,0.16853932584269662,44,1763912654.6730998,13928150.0,0.0001919494525393491,45,0.7955760359764099,870.982729447,0.04440474510192871
0.8034,0.17228464419475656,45,1763912674.5966663,14240357.0,0.00019149034137438321,46,0.7853588461875916,890.906279076,0.0410657562315464
0.7464,0.1760299625468165,46,1763912693.912455,14542488.0,0.00019101914758976938,47,0.8010032773017883,910.222219894,0.053422871977090836
0.7702,0.1797752808988764,47,1763912713.2952504,14852797.0,0.00019053594104968027,48,0.7943953275680542,929.604999662,0.04273102059960365
0.7368,0.18352059925093633,48,1763912728.0984802,15159173.0,0.0001900407933994267,49,0.802621066570282,944.408158049,0.044895239174366
0.7528,0.18726591760299627,49,1763912747.3149867,15471735.0,0.00018953377805483476,50,0.7981252074241638,963.624709862,0.048994291573762894
0.7227,0.19101123595505617,50,1763912766.4731672,15765052.0,0.00018901497019136026,51,0.8063365817070007,982.782930111,0.1595432013273239
0.7265,0.1947565543071161,51,1763912786.327772,16073939.0,0.0001884844467329427,52,0.8051618933677673,1002.637407315,0.18259890377521515
0.7467,0.19850187265917604,52,1763912805.824889,16375983.0,0.0001879422863405995,53,0.8003320693969727,1022.134550553,0.13892924785614014
0.7701,0.20224719101123595,53,1763912823.6737893,16705549.0,0.00018738856940076292,54,0.7940044403076172,1039.983589758,0.10823388397693634
0.711,0.20599250936329588,54,1763912843.2598073,17011023.0,0.0001868233780133612,55,0.8103553652763367,1059.569617061,0.17876189947128296
0.7499,0.20973782771535582,55,1763912862.1970744,17313636.0,0.00018624679597964541,56,0.7993079423904419,1078.506795797,0.2209537923336029
0.7664,0.21348314606741572,56,1763912881.9533503,17622620.0,0.00018565890878976447,57,0.794684886932373,1098.263142458,0.23267187178134918
0.759,0.21722846441947566,57,1763912901.9787028,17931679.0,0.00018505980361008901,58,0.7960750460624695,1118.28850267,0.20769815146923065
0.7122,0.2209737827715356,58,1763912921.1409712,18223088.0,0.0001844495692702877,59,0.8061740398406982,1137.450651711,0.17995212972164154
0.729,0.2247191011235955,59,1763912940.1154952,18528786.0,0.00018382829625015597,60,0.8046132922172546,1156.425097639,0.200584277510643
0.7371,0.22846441947565543,60,1763912959.936954,18846019.0,0.00018319607666620092,61,0.8017197251319885,1176.246685012,0.22904175519943237
0.7535,0.23220973782771537,61,1763912979.1490564,19144599.0,0.00018255300425798268,62,0.7977181077003479,1195.458806876,0.2102402001619339
0.7571,0.23595505617977527,62,1763912998.645469,19460661.0,0.00018189917437421604,63,0.7969183921813965,1214.955241647,0.17933756113052368
0.7078,0.2397003745318352,63,1763913018.5870621,19744122.0,0.00018123468395863287,64,0.8074887990951538,1234.896897246,0.18451379239559174
0.7503,0.24344569288389514,64,1763913035.5212803,20063103.0,0.00018055963153560813,65,0.7984598278999329,1251.830899082,0.1806446611881256
0.7517,0.24719101123595505,65,1763913055.0771854,20373538.0,0.00017987411719555172,66,0.7986863255500793,1271.386792861,0.11348264664411545
0.7725,0.250936329588015,66,1763913075.2481804,20697104.0,0.00017917824258006787,67,0.7926167845726013,1291.557764065,0.0325690358877182
0.7219,0.2546816479400749,67,1763913094.130846,20997438.0,0.00017847211086688503,68,0.8044471144676208,1310.440612221,0.1200498640537262
0.7214,0.25842696629213485,68,1763913113.4541306,21287961.0,0.00017775582675455716,69,0.8054368495941162,1329.763915217,0.21625298261642456
0.7833,0.26217228464419473,69,1763913133.7427878,21606220.0,0.00017702949644694038,70,0.7896761298179626,1350.052444647,0.21839752793312073
0.7364,0.26591760299625467,70,1763913153.3847234,21910670.0,0.00017629322763744595,71,0.801125168800354,1369.69454257,0.11905210465192795
0.7361,0.2696629213483146,71,1763913173.1571012,22231753.0,0.00017554712949307243,72,0.8020825386047363,1389.466901277,0.1592433750629425
0.7353,0.27340823970037453,72,1763913192.664781,22534234.0,0.00017479131263821963,73,0.802699863910675,1408.974575768,0.28613153100013733
0.7468,0.27715355805243447,73,1763913210.9742944,22851051.0,0.00017402588913828602,74,0.7994135618209839,1427.283970421,0.037812236696481705
0.7639,0.2808988764044944,74,1763913230.6613219,23157255.0,0.00017325097248305286,75,0.79526686668396,1446.971088891,0.2825606167316437
0.7371,0.2846441947565543,75,1763913250.0388143,23477279.0,0.00017246667756985707,76,0.8009508848190308,1466.348670541,0.09315542876720428
0.7504,0.2883895131086142,76,1763913269.0273046,23786885.0,0.00017167312068655513,77,0.7989084720611572,1485.337052096,0.2275102138519287
0.7668,0.29213483146067415,77,1763913288.1838434,24102813.0,0.00017087041949428124,78,0.7961148023605347,1504.493677203,0.2180376499891281
0.7498,0.2958801498127341,78,1763913307.1860902,24409376.0,0.00017005869301000157,79,0.7976809144020081,1523.495852087,0.09530244022607803
0.765,0.299625468164794,79,1763913327.108064,24720992.0,0.00016923806158886733,80,0.7952187061309814,1543.417872232,0.2452058345079422
0.7589,0.30337078651685395,80,1763913346.5492725,25040320.0,0.00016840864690637004,81,0.7966126799583435,1562.859016135,0.03438648581504822
0.7799,0.30711610486891383,81,1763913366.1130378,25365528.0,0.0001675705719403002,82,0.7897745370864868,1582.422781981,0.2172284722328186
0.7226,0.31086142322097376,82,1763913386.2132196,25671188.0,0.0001667239609525138,83,0.8049917817115784,1602.522894788,0.09398459643125534
0.7206,0.3146067415730337,83,1763913405.8699203,25967680.0,0.00016586893947050736,84,0.8040638566017151,1622.179647317,0.16098566353321075
0.7724,0.31835205992509363,84,1763913423.1672575,26286100.0,0.00016500563426880645,85,0.7920150756835938,1639.47697311,0.17956247925758362
0.7543,0.32209737827715357,85,1763913443.2036824,26594709.0,0.00016413417335016834,86,0.7973732352256775,1659.513518694,0.094270259141922
0.713,0.3258426966292135,86,1763913462.3079553,26905443.0,0.00016325468592660324,87,0.8073288798332214,1678.617803736,0.14131970703601837
0.7657,0.3295880149812734,87,1763913482.844318,27232802.0,0.00016236730240021577,88,0.7941120862960815,1699.154121345,0.12865450978279114
0.7195,0.3333333333333333,88,1763913499.67471,27531031.0,0.00016147215434387027,89,0.8051351308822632,1715.984415754,0.17205940186977386
0.7599,0.33707865168539325,89,1763913518.4109275,27846193.0,0.00016056937448168243,90,0.7958442568778992,1734.720689395,0.24743983149528503
0.7517,0.3408239700374532,90,1763913533.985114,28157672.0,0.00015965909666934013,91,0.7992537617683411,1750.294817025,0.2257494181394577
0.7402,0.3445692883895131,91,1763913553.8229275,28464847.0,0.00015874145587425661,92,0.8003636598587036,1770.132925101,0.2711576521396637
0.7378,0.34831460674157305,92,1763913573.0660164,28779854.0,0.0001578165881555588,93,0.8006196618080139,1789.37583104,0.26211273670196533
0.7088,0.352059925093633,93,1763913592.7220953,29078728.0,0.00015688463064391373,94,0.8074766397476196,1809.03188194,0.21510349214076996
0.7467,0.35580524344569286,94,1763913611.3384972,29387142.0,0.00015594572152119611,95,0.7986530065536499,1827.648228903,0.23923151195049286
0.7593,0.3595505617977528,95,1763913630.9862413,29704756.0,0.000155,96,0.7961020469665527,1847.295922809,0.10507666319608688
0.7894,0.36329588014981273,96,1763913650.4721591,30033740.0,0.0001540476063029977,97,0.7887716293334961,1866.781986304,0.22583726048469543
0.7041,0.36704119850187267,97,1763913670.6931813,30334794.0,0.00015308868164214885,98,0.8082470893859863,1887.002831347,0.05205024033784866
0.7532,0.3707865168539326,98,1763913690.1559947,30647894.0,0.00015212336819776275,99,0.7977632880210876,1906.465753924,0.24114805459976196
0.7297,0.37453183520599254,99,1763913709.1856198,30940038.0,0.00015115180909741749,100,0.8034123182296753,1925.495296048,0.1498032957315445
0.7377,0.3782771535580524,100,1763913729.5910642,31234685.0,0.00015017414839473795,101,0.8013651371002197,1945.901017507,0.22325654327869415
0.7455,0.38202247191011235,101,1763913747.426142,31550997.0,0.00014919053104803722,102,0.7987670302391052,1963.735856739,0.19507142901420593
0.6987,0.3857677902621723,102,1763913766.5115435,31846600.0,0.00014820110289882337,103,0.8112908005714417,1982.82138167,0.165375217795372
0.7198,0.3895131086142322,103,1763913786.4685256,32145793.0,0.0001472060106501755,104,0.8064234256744385,2002.778293396,0.19961296021938324
0.7463,0.39325842696629215,104,1763913805.8504179,32453380.0,0.0001462054018449919,105,0.7992761731147766,2022.160189659,0.0893498957157135
0.7221,0.3970037453183521,105,1763913825.123898,32753298.0,0.00014519942484411403,106,0.8038384318351746,2041.433701292,0.17569132149219513
0.7525,0.40074906367041196,106,1763913845.7626812,33073913.0,0.00014418822880432868,107,0.7950907945632935,2062.072339378,0.036746397614479065
0.7709,0.4044943820224719,107,1763913862.1027246,33398885.0,0.00014317196365625255,108,0.7939147353172302,2078.41241557,0.14809221029281616
0.731,0.40823970037453183,108,1763913881.425196,33704533.0,0.00014215078008210195,109,0.8022199273109436,2097.734928203,0.09607650339603424
0.7247,0.41198501872659177,109,1763913900.9884422,34006765.0,0.00014112482949335105,110,0.8041389584541321,2117.298235654,0.14998987317085266
0.7417,0.4157303370786517,110,1763913920.4333715,34320514.0,0.00014009426400828196,111,0.7999049425125122,2136.743128837,0.11762350797653198
0.7299,0.41947565543071164,111,1763913939.6425407,34627424.0,0.00013905923642943018,112,0.8019942045211792,2155.952292784,0.12440013140439987
0.7517,0.4232209737827715,112,1763913959.8820086,34942223.0,0.00013801990022092834,113,0.7975471019744873,2176.19169089,0.11400056630373001
0.7197,0.42696629213483145,113,1763913979.4735,35248992.0,0.0001369764094857522,114,0.8058345317840576,2195.783282615,0.06261218339204788
0.7381,0.4307116104868914,114,1763913999.123257,35556307.0,0.0001359289189428714,115,0.8018410801887512,2215.433039584,0.11869314312934875
0.7292,0.4344569288389513,115,1763914019.2609637,35870329.0,0.00013487758390430944,116,0.803190290927887,2235.570622558,0.03631299361586571
0.7158,0.43820224719101125,116,1763914038.7867472,36159784.0,0.00013382256025211542,117,0.8065567016601562,2255.09651613,0.12622858583927155
0.7286,0.4419475655430712,117,1763914058.212638,36479543.0,0.00013276400441525126,118,0.8033139109611511,2274.522413702,0.047577764838933945
0.7238,0.44569288389513106,118,1763914078.0553486,36794734.0,0.000131702073346398,119,0.8035493493080139,2294.365118065,0.10306068509817123
0.7216,0.449438202247191,119,1763914094.3493357,37086222.0,0.00013063692449868412,120,0.8032057285308838,2310.658988139,0.08316785842180252
0.734,0.45318352059925093,120,1763914114.0560513,37389763.0,0.00012956871580234013,121,0.802914023399353,2330.365838581,0.09069651365280151
0.754,0.45692883895131087,121,1763914133.9916017,37709814.0,0.00012849760564128207,122,0.7954793572425842,2350.301329289,0.09202437102794647
0.7624,0.4606741573033708,122,1763914153.558791,38047064.0,0.0001274237528296277,123,0.7942712903022766,2369.868606374,0.060981959104537964
0.719,0.46441947565543074,123,1763914172.8796628,38357776.0,0.0001263473165881493,124,0.8055890202522278,2389.189446539,0.09866105765104294
0.7244,0.4681647940074906,124,1763914192.4250584,38663625.0,0.0001252684565206656,125,0.8042659759521484,2408.73484127,0.04246513172984123
0.7258,0.47191011235955055,125,1763914212.7578073,38972418.0,0.00012418733259037762,126,0.8031445145606995,2429.067606564,0.09087280184030533
0.7087,0.4756554307116105,126,1763914231.9975643,39274644.0,0.00012310410509615047,127,0.8087556958198547,2448.307287586,0.04582884907722473
0.7283,0.4794007490636704,127,1763914251.9900305,39571968.0,0.0001220189346487458,128,0.8012498021125793,2468.29969329,0.09868627786636353
0.7077,0.48314606741573035,128,1763914271.4605052,39866239.0,0.00012093198214700833,129,0.8088565468788147,2487.77019066,0.040484391152858734
0.7211,0.4868913857677903,129,1763914290.6564522,40177036.0,0.00011984340875400872,130,0.8061769008636475,2506.966246108,0.06600441783666611
0.6853,0.49063670411985016,130,1763914310.0394266,40461346.0,0.00011875337587314823,131,0.814761757850647,2526.349225516,0.0492388941347599
0.7277,0.4943820224719101,131,1763914330.229477,40774957.0,0.00011766204512422723,132,0.8035953640937805,2546.539334266,0.04488891735672951
0.7049,0.49812734082397003,132,1763914349.4727747,41075449.0,0.00011656957831948167,133,0.8097690939903259,2565.78241322,0.06502612680196762
0.7502,0.50187265917603,133,1763914368.6572297,41392996.0,0.00011547613743959127,134,0.7975027561187744,2584.967036531,0.03972525894641876
0.7364,0.5056179775280899,134,1763914385.6180425,41690807.0,0.00011438188460966228,135,0.8000847101211548,2601.927735723,0.0678853765130043
0.7043,0.5093632958801498,135,1763914404.867811,41998116.0,0.00011328698207518933,136,0.8103592395782471,2621.177529754,0.04086047783493996
0.7367,0.5131086142322098,136,1763914424.1130962,42304693.0,0.00011219159217799908,137,0.8019219040870667,2640.422873834,0.05289682745933533
0.7265,0.5168539325842697,137,1763914444.0046165,42614597.0,0.00011109587733217978,138,0.8045880198478699,2660.314472991,0.05030481144785881
0.7451,0.5205992509363296,138,1763914463.6532896,42931815.0,0.00011000000000000002,139,0.7990186214447021,2679.963102593,0.053767312318086624
0.6992,0.5243445692883895,139,1763914477.8892965,43217780.0,0.00010890412266782024,140,0.8106845617294312,2694.198980553,0.0674687847495079
0.7117,0.5280898876404494,140,1763914493.8019826,43516304.0,0.00010780840782200095,141,0.8085035681724548,2710.111766625,0.045330218970775604
0.7231,0.5318352059925093,141,1763914511.5416796,43814628.0,0.0001067130179248107,142,0.8033281564712524,2727.851366427,0.08456453680992126
0.741,0.5355805243445693,142,1763914531.433009,44125258.0,0.00010561811539033776,143,0.7986961603164673,2747.742834573,0.040698446333408356
0.7247,0.5393258426966292,143,1763914551.2614074,44430355.0,0.00010452386256040876,144,0.803512692451477,2767.571242957,0.06912326067686081
0.7173,0.5430711610486891,144,1763914570.6716816,44723963.0,0.00010343042168051833,145,0.8054628372192383,2786.981453702,0.05059025064110756
0.771,0.5468164794007491,145,1763914590.3773468,45048878.0,0.00010233795487577278,146,0.7931416630744934,2806.687110099,0.05312066525220871
0.7131,0.550561797752809,146,1763914606.9491796,45367740.0,0.00010124662412685178,147,0.808282732963562,2823.258947299,0.05742710456252098
0.746,0.5543071161048689,147,1763914626.4136348,45690354.0,0.00010015659124599133,148,0.7986912727355957,2842.723418758,0.03968891128897667
0.7159,0.5580524344569289,148,1763914645.744541,46000749.0,9.906801785299172e-05,149,0.8056740760803223,2862.05423238,0.056123144924640656
0.7329,0.5617977528089888,149,1763914665.7186027,46306785.0,9.79810653512542e-05,150,0.8020855784416199,2882.028389916,0.05008434131741524
0.7244,0.5655430711610487,150,1763914684.7183843,46601025.0,9.689589490384958e-05,151,0.8036785125732422,2901.028004785,0.04309221729636192
0.7025,0.5692883895131086,151,1763914703.1150384,46908264.0,9.58126674096224e-05,152,0.8096989989280701,2919.424826269,0.051272954791784286
0.7163,0.5730337078651685,152,1763914722.2974753,47213302.0,9.47315434793344e-05,153,0.8061099052429199,2938.607331097,0.07108298689126968
0.7473,0.5767790262172284,153,1763914741.7304823,47526176.0,9.365268341185074e-05,154,0.796104371547699,2958.040151156,0.060088030993938446
0.7241,0.5805243445692884,154,1763914757.3423605,47827651.0,9.257624717037232e-05,155,0.8047384023666382,2973.65220377,0.07144299149513245
0.7345,0.5842696629213483,155,1763914777.4292996,48142891.0,9.150239435871794e-05,156,0.8022157549858093,2993.739071929,0.04088665917515755
0.7398,0.5880149812734082,156,1763914797.714747,48476529.0,9.043128419765989e-05,157,0.7993297576904297,3014.024510828,0.050953373312950134
0.7274,0.5917602996254682,157,1763914817.5155764,48786450.0,8.936307550131591e-05,158,0.8026162385940552,3033.825409667,0.058920037001371384
0.7482,0.5955056179775281,158,1763914837.6283803,49107196.0,8.829792665360204e-05,159,0.7979515194892883,3053.938178267,0.0397384949028492
0.7193,0.599250936329588,159,1763914857.3075397,49407642.0,8.723599558474873e-05,160,0.8063226342201233,3073.617353293,0.05562632530927658
0.7215,0.602996254681648,160,1763914876.26071,49728073.0,8.617743974788458e-05,161,0.8056305050849915,3092.570519871,0.04331505671143532
0.7065,0.6067415730337079,161,1763914896.5543845,50028681.0,8.512241609569057e-05,162,0.8079217076301575,3112.864177574,0.042884018272161484
0.7202,0.6104868913857678,162,1763914916.1405098,50336390.0,8.407108105712862e-05,163,0.8065004944801331,3132.450257666,0.053238868713378906
0.757,0.6142322097378277,163,1763914935.7714324,50660252.0,8.302359051424785e-05,164,0.7965161204338074,3152.081135944,0.04022017493844032
0.726,0.6179775280898876,164,1763914955.3002706,50956343.0,8.198009977907167e-05,165,0.8032132983207703,3171.609992487,0.06014345958828926
0.7467,0.6217228464419475,165,1763914975.0384817,51267736.0,8.094076357056987e-05,166,0.797981858253479,3191.348182871,0.041912492364645004
0.7159,0.6254681647940075,166,1763914992.1255739,51569955.0,7.990573599171809e-05,167,0.8057495951652527,3208.435431629,0.05214884132146835
0.7019,0.6292134831460674,167,1763915012.0015402,51877737.0,7.887517050664898e-05,168,0.8100063800811768,3228.311361049,0.042915429919958115
0.742,0.6329588014981273,168,1763915031.3578,52208722.0,7.784921991789807e-05,169,0.7996800541877747,3247.667613073,0.04977552220225334
0.7312,0.6367041198501873,169,1763915050.8897667,52522438.0,7.682803634374745e-05,170,0.8022137880325317,3267.199526554,0.04580411687493324
0.7363,0.6404494382022472,170,1763915070.3125865,52828943.0,7.581177119567131e-05,171,0.7998765707015991,3286.622317517,0.04434207081794739
0.7237,0.6441947565543071,171,1763915089.3245945,53131685.0,7.480057515588599e-05,172,0.8045023083686829,3305.634357593,0.043128617107868195
0.7192,0.6479400749063671,172,1763915108.5349562,53442328.0,7.379459815500811e-05,173,0.8054259419441223,3324.844653714,0.04505970701575279
0.7193,0.651685393258427,173,1763915128.2838492,53737508.0,7.279398934982455e-05,174,0.8059594035148621,3344.593689182,0.04573154076933861
0.7391,0.6554307116104869,174,1763915148.1635597,54050134.0,7.179889710117666e-05,175,0.8017712831497192,3364.473293392,0.04803860932588577
0.7313,0.6591760299625468,175,1763915167.8654997,54374033.0,7.080946895196281e-05,176,0.802452564239502,3384.175260105,0.04481906816363335
0.7308,0.6629213483146067,176,1763915187.1846743,54691165.0,6.982585160526207e-05,177,0.803512454032898,3403.494460613,0.042764414101839066
0.7229,0.6666666666666666,177,1763915206.6794465,54993944.0,6.884819090258255e-05,178,0.8057125210762024,3422.989213068,0.04706372693181038
0.7369,0.6704119850187266,178,1763915226.68763,55318122.0,6.787663180223725e-05,179,0.8003686666488647,3442.997327983,0.04387899488210678
0.7464,0.6741573033707865,179,1763915245.4989252,55622674.0,6.691131835785121e-05,180,0.7988088130950928,3461.808617522,0.04778503626585007
0.7411,0.6779026217228464,180,1763915265.6438806,55921017.0,6.595239369700232e-05,181,0.7983893752098083,3481.953683881,0.05464482307434082
0.7605,0.6816479400749064,181,1763915285.3447132,56249400.0,6.500000000000002e-05,182,0.7940621376037598,3501.654418388,0.04447883367538452
0.7266,0.6853932584269663,182,1763915304.778015,56553912.0,6.405427847880391e-05,183,0.8042722940444946,3521.08767616,0.045521415770053864
0.7453,0.6891385767790262,183,1763915324.666737,56870558.0,6.311536935608628e-05,184,0.7987152338027954,3540.976423322,0.057661596685647964
0.7214,0.6928838951310862,184,1763915342.6927578,57175660.0,6.218341184444121e-05,185,0.804706335067749,3559.002625979,0.04751257598400116
0.7194,0.6966292134831461,185,1763915362.4248447,57483172.0,6.125854412574339e-05,186,0.8057742118835449,3578.734711124,0.04794081300497055
0.7376,0.700374531835206,186,1763915382.359586,57801077.0,6.034090333065987e-05,187,0.8017230033874512,3598.669359778,0.05903825908899307
0.7207,0.704119850187266,187,1763915401.3835216,58111446.0,5.943062551831755e-05,188,0.8063609004020691,3617.69323095,0.05055716633796692
0.7523,0.7078651685393258,188,1763915420.9891891,58429485.0,5.852784565612974e-05,189,0.7979806065559387,3637.299019826,0.0519566684961319
0.7374,0.7116104868913857,189,1763915440.8040614,58737841.0,5.763269759978427e-05,190,0.8002941012382507,3657.113876642,0.05455752834677696
0.7135,0.7153558052434457,190,1763915460.3072119,59043246.0,5.674531407339679e-05,191,0.8063523173332214,3676.616984741,0.04814544692635536
0.7224,0.7191011235955056,191,1763915480.3039906,59352420.0,5.586582664983168e-05,192,0.8050139546394348,3696.613703412,0.05527703836560249
0.7208,0.7228464419475655,192,1763915497.856427,59657180.0,5.499436573119356e-05,193,0.8058763742446899,3714.166243863,0.058279186487197876
0.7185,0.7265917602996255,193,1763915517.0951474,59971630.0,5.413106052949264e-05,194,0.8053996562957764,3733.404913299,0.0417046993970871
0.7355,0.7303370786516854,194,1763915537.4086137,60288968.0,5.3276039047486215e-05,195,0.8014605045318604,3753.718353863,0.049259040504693985
0.7235,0.7340823970037453,195,1763915553.0091364,60604192.0,5.242942805969982e-05,196,0.8040894865989685,3769.318832666,0.052773311734199524
0.7266,0.7378277153558053,196,1763915572.4904494,60915723.0,5.159135309363001e-05,197,0.8028494715690613,3788.800226145,0.04783250764012337
0.7143,0.7415730337078652,197,1763915589.1353283,61227432.0,5.0761938411132706e-05,198,0.8062583804130554,3805.445129141,0.04548880085349083
0.7617,0.7453183520599251,198,1763915608.8280783,61540222.0,4.994130698999847e-05,199,0.795318603515625,3825.137842662,0.05476708337664604
0.7113,0.7490636704119851,199,1763915628.1429832,61860995.0,4.9129580505718754e-05,200,0.8071098327636719,3844.452797639,0.04955006390810013
0.7475,0.7528089887640449,200,1763915647.5348754,62185267.0,4.8326879313444876e-05,201,0.7982954382896423,3863.844703848,0.044612057507038116
0.7071,0.7565543071161048,201,1763915667.3684962,62486445.0,4.753332243014295e-05,202,0.8098046183586121,3883.678150746,0.05562718212604523
0.6929,0.7602996254681648,202,1763915685.88794,62779639.0,4.674902751694714e-05,203,0.8128143548965454,3902.19769207,0.048034656792879105
0.6943,0.7640449438202247,203,1763915705.0926027,63076085.0,4.597411086171402e-05,204,0.811085045337677,3921.402257528,0.045180853456258774
0.7118,0.7677902621722846,204,1763915724.9086802,63382565.0,4.520868736178039e-05,205,0.8059654831886292,3941.218340992,0.053410619497299194
0.7474,0.7715355805243446,205,1763915744.5131571,63687713.0,4.4452870506927576e-05,206,0.7981438636779785,3960.822796305,0.05060208961367607
0.7444,0.7752808988764045,206,1763915763.7206595,64006019.0,4.3706772362554086e-05,207,0.798667848110199,3980.030463064,0.04427691549062729
0.7359,0.7790262172284644,207,1763915783.3676302,64333728.0,4.297050355305964e-05,208,0.8007886409759521,3999.677448605,0.04563727602362633
0.7301,0.7827715355805244,208,1763915802.7272904,64645528.0,4.224417324544285e-05,209,0.8017728328704834,4019.037064893,0.047290023416280746
0.6819,0.7865168539325843,209,1763915822.0616796,64935240.0,4.152788913311498e-05,210,0.8151993751525879,4038.371504746,0.0476495698094368
0.7232,0.7902621722846442,210,1763915841.9685135,65234953.0,4.0821757419932106e-05,211,0.803556501865387,4058.278341025,0.04793640971183777
0.7308,0.7940074906367042,211,1763915861.4163358,65574475.0,4.0125882804448324e-05,212,0.8016238212585449,4077.726056513,0.04369272664189339
0.7344,0.797752808988764,212,1763915878.2648516,65894718.0,3.944036846439189e-05,213,0.7997799515724182,4094.574598507,0.043541599065065384
0.7536,0.8014981273408239,213,1763915898.6251001,66216674.0,3.876531604136714e-05,214,0.7953475713729858,4114.934899602,0.043379250913858414
0.7102,0.8052434456928839,214,1763915915.5004249,66531679.0,3.8100825625783965e-05,215,0.8068544864654541,4131.810153164,0.04596336930990219
0.7086,0.8089887640449438,215,1763915932.3635883,66831782.0,3.744699574201736e-05,216,0.8082312941551208,4148.673339673,0.045491497963666916
0.7241,0.8127340823970037,216,1763915948.7974062,67128734.0,3.6803923333799115e-05,217,0.8041681051254272,4165.107116071,0.04670679196715355
0.7025,0.8164794007490637,217,1763915968.1654947,67429593.0,3.617170374984402e-05,218,0.8106375336647034,4184.475267847,0.04610180854797363
0.7063,0.8202247191011236,218,1763915987.874106,67735990.0,3.555043072971234e-05,219,0.8088767528533936,4204.183920274,0.04445488005876541
0.7565,0.8239700374531835,219,1763916007.4924486,68065955.0,3.4940196389911e-05,220,0.7964944243431091,4223.802246159,0.043203577399253845
0.7291,0.8277153558052435,220,1763916027.0482328,68388611.0,3.434109121023557e-05,221,0.802257239818573,4243.357981927,0.04319637268781662
0.6987,0.8314606741573034,221,1763916044.2031872,68691286.0,3.375320402035458e-05,222,0.809882402420044,4260.512818169,0.06671745330095291
0.7215,0.8352059925093633,222,1763916064.5163987,69002829.0,3.3176621986638825e-05,223,0.8038910627365112,4280.826037709,0.047851208597421646
0.7488,0.8389513108614233,223,1763916080.4629064,69310074.0,3.261143059923709e-05,224,0.7972468733787537,4296.772752014,0.05618419125676155
0.7227,0.8426966292134831,224,1763916099.9046345,69625019.0,3.205771365940052e-05,225,0.804793655872345,4316.214402261,0.05115572735667229
0.75,0.846441947565543,225,1763916119.6133273,69952201.0,3.151555326705731e-05,226,0.7980903387069702,4335.923073668,0.0436713770031929
0.7494,0.850187265917603,226,1763916139.2903988,70270512.0,3.098502980863975e-05,227,0.7967439293861389,4355.60024903,0.06089107692241669
0.7181,0.8539325842696629,227,1763916157.0630062,70576586.0,3.046622194516529e-05,228,0.8066484928131104,4373.372820263,0.0507725365459919
0.7306,0.8576779026217228,228,1763916177.2831564,70889626.0,2.9959206600573308e-05,229,0.8003786206245422,4393.592973069,0.046430494636297226
0.7243,0.8614232209737828,229,1763916196.298318,71195832.0,2.9464058950319738e-05,230,0.8029337525367737,4412.608080829,0.04673577472567558
0.7318,0.8651685393258427,230,1763916214.4470086,71505026.0,2.898085241023064e-05,231,0.8022721409797668,4430.756729605,0.05062822625041008
0.7633,0.8689138576779026,231,1763916233.8228583,71825878.0,2.8509658625616808e-05,232,0.7946190237998962,4450.13268297,0.053174685686826706
0.7665,0.8726591760299626,232,1763916253.7132497,72158202.0,2.8050547460650924e-05,233,0.7929621934890747,4470.023044418,0.04526727646589279
0.7453,0.8764044943820225,233,1763916273.279648,72469038.0,2.7603586988008672e-05,234,0.7982300519943237,4489.589453348,0.04443276673555374
0.698,0.8801498127340824,234,1763916292.5255787,72769809.0,2.7168843478775664e-05,235,0.8100195527076721,4508.835377035,0.04884766787290573
0.7065,0.8838951310861424,235,1763916312.5855281,73078316.0,2.674638139262133e-05,236,0.8098212480545044,4528.895342093,0.05030224099755287
0.7139,0.8876404494382022,236,1763916331.837431,73395211.0,2.6336263368241447e-05,237,0.8070839047431946,4548.14721187,0.045979686081409454
0.7352,0.8913857677902621,237,1763916348.140861,73704290.0,2.593855021407069e-05,238,0.8013142943382263,4564.450655995,0.045642729848623276
0.7255,0.8951310861423221,238,1763916368.0678694,74020001.0,2.5553300899266492e-05,239,0.8025859594345093,4584.377680077,0.04534740373492241
0.7424,0.898876404494382,239,1763916387.5760772,74333585.0,2.5180572544965702e-05,240,0.799084484577179,4603.885817215,0.04856572300195694
0.7407,0.9026217228464419,240,1763916407.3631327,74640110.0,2.4820420415815154e-05,241,0.7988818287849426,4623.672900729,0.05244709551334381
0.7213,0.9063670411985019,241,1763916428.0921502,74955351.0,2.4472897911777584e-05,242,0.8044975996017456,4644.401996683,0.04642951861023903
0.7436,0.9101123595505618,242,1763916447.7211473,75282418.0,2.4138056560213945e-05,243,0.7991522550582886,4664.030852194,0.044222746044397354
0.7394,0.9138576779026217,243,1763916467.1475222,75596581.0,2.3815946008243476e-05,244,0.8002001047134399,4683.457208025,0.0451703779399395
0.7071,0.9176029962546817,244,1763916487.2103848,75913700.0,2.3506614015382408e-05,245,0.8080378174781799,4703.520142264,0.048676323145627975
0.709,0.9213483146067416,245,1763916506.024652,76217028.0,2.321010644646273e-05,246,0.807408332824707,4722.334436771,0.05214492976665497
0.7166,0.9250936329588015,246,1763916525.1689851,76514411.0,2.2926467264831733e-05,247,0.8059212565422058,4741.478667591,0.04839571937918663
0.7153,0.9288389513108615,247,1763916545.0738876,76812588.0,2.265573852583353e-05,248,0.8056261539459229,4761.383554835,0.04636097699403763
0.746,0.9325842696629213,248,1763916564.3370378,77128619.0,2.2397960370573505e-05,249,0.7979722023010254,4780.646860169,0.05260211229324341
0.7068,0.9363295880149812,249,1763916581.8794763,77429669.0,2.2153171019966566e-05,250,0.8085026144981384,4798.189319083,0.04580613970756531
0.7251,0.9400749063670412,250,1763916601.299867,77743670.0,2.1921406769070103e-05,251,0.803293764591217,4817.609698644,0.04676061496138573
0.7356,0.9438202247191011,251,1763916620.64969,78060486.0,2.1702701981702516e-05,252,0.801468551158905,4836.959550647,0.04383949935436249
0.729,0.947565543071161,252,1763916640.5327642,78376693.0,2.1497089085348054e-05,253,0.8030105233192444,4856.842573765,0.04568576067686081
0.7028,0.951310861423221,253,1763916660.886873,78693727.0,2.1304598566348757e-05,254,0.8102962970733643,4877.196660815,0.042568519711494446
0.7446,0.9550561797752809,254,1763916680.407562,79003816.0,2.1125258965384274e-05,255,0.8000587821006775,4896.717328477,0.0477619506418705
0.7194,0.9588014981273408,255,1763916699.7434134,79306522.0,2.0959096873240082e-05,256,0.8051543235778809,4916.053123201,0.04799213260412216
0.7103,0.9625468164794008,256,1763916719.4077716,79611030.0,2.0806136926864873e-05,257,0.8074716925621033,4935.717403518,0.04511979967355728
0.7098,0.9662921348314607,257,1763916738.359311,79916521.0,2.0666401805717626e-05,258,0.8074102401733398,4954.669110013,0.047946229577064514
0.7194,0.9700374531835206,258,1763916756.7575364,80230585.0,2.053991222840487e-05,259,0.804815411567688,4973.067193796,0.04722430557012558
0.7086,0.9737827715355806,259,1763916776.514788,80533172.0,2.042668694960878e-05,260,0.8085843920707703,4992.824621452,0.04960578307509422
0.7139,0.9775280898876404,260,1763916795.664208,80831070.0,2.032674275730637e-05,261,0.8056146502494812,5011.974005123,0.046214811503887177
0.7184,0.9812734082397003,261,1763916815.4297493,81140345.0,2.0240094470280356e-05,262,0.8035240769386292,5031.739448959,0.045341696590185165
0.7117,0.9850187265917603,262,1763916835.2766004,81442427.0,2.0166754935921936e-05,263,0.8065468668937683,5051.586312869,0.04717455804347992
0.7046,0.9887640449438202,263,1763916855.1345074,81741408.0,2.010673502832593e-05,264,0.8080786466598511,5071.444115619,0.048995744436979294
0.7297,0.9925093632958801,264,1763916874.8715842,82052750.0,2.0060043646678456e-05,265,0.8017979264259338,5091.181278155,0.04759971797466278
0.7308,0.9962546816479401,265,1763916896.66198,82370196.0,2.0026687713937458e-05,266,0.8018617033958435,5112.971791886,0.047220632433891296
0.7309,1.0,266,1763916915.9011323,82681884.0,2.0006672175806197e-05,267,0.8012294173240662,5132.21089635,0.04651593789458275
,1.0,267,1763916985.3316348,,,267,,5201.641041002,
