train/epoch,train/grad_norm,train/mean_token_accuracy,_timestamp,train/num_tokens,train/global_step,train/learning_rate,_runtime,train/loss,_step,eval/accuracy
0.0021436227224008574,136.35447692871094,0.6566445082426071,1765929559.028703,136605.0,1.0,1e-05,15.684342114,1.694303274154663,0,
0.004287245444801715,48.23240280151367,0.6493389755487442,1765929571.936604,292128.0,2.0,1e-05,28.592085542,1.6486647129058838,1,
0.006430868167202572,49.32901382446289,0.6728025674819946,1765929583.3860643,444535.0,3.0,1e-05,40.041503166,1.502313494682312,2,
0.00857449088960343,30.101543426513672,0.6605976969003677,1765929595.1619864,592263.0,4.0,1e-05,51.817411424,1.5161149501800537,3,
0.010718113612004287,20.335567474365234,0.6951436400413513,1765929606.9204414,737019.0,5.0,1e-05,63.575879489,1.338916540145874,4,
0.012861736334405145,20.151960372924805,0.7110937535762787,1765929619.3810143,896813.0,6.0,1e-05,76.036447485,1.2754125595092773,5,
0.015005359056806002,17.26309585571289,0.7049329280853271,1765929634.8043947,1062679.0,7.0,1e-05,91.459850367,1.280541181564331,6,
0.01714898177920686,23.07093048095703,0.7351152449846268,1765929646.8721838,1212566.0,8.0,1e-05,103.527619761,1.1171289682388306,7,
0.01929260450160772,12.873801231384277,0.7546608150005341,1765929661.6293886,1373797.0,9.0,1e-05,118.284836475,1.0225441455841064,8,
0.021436227224008574,4.7852864265441895,0.7617964297533035,1765929673.6551445,1516877.0,10.0,1e-05,130.310562118,1.005307912826538,9,
0.023579849946409433,10.554265975952148,0.7664910703897476,1765929685.665,1663977.0,11.0,1e-05,142.32043126,0.9690639972686768,10,
0.02572347266881029,5.0090484619140625,0.7827259749174118,1765929697.1783946,1815907.0,12.0,1e-05,153.833839567,0.9014171957969666,11,
0.027867095391211148,4.3619160652160645,0.7816967070102692,1765929710.7351835,1971911.0,13.0,1e-05,167.390618349,0.898379921913147,12,
0.030010718113612004,4.635108470916748,0.7723138481378555,1765929724.156911,2135596.0,14.0,1e-05,180.812330946,0.9314275979995728,13,
0.03215434083601286,2.6050751209259033,0.7801080197095871,1765929736.6364768,2285621.0,15.0,1e-05,193.291923936,0.8822331428527832,14,
0.03429796355841372,1.2373299598693848,0.7794337272644043,1765929750.5092483,2441090.0,16.0,1e-05,207.164713083,0.8929798603057861,15,
0.03644158628081458,0.9700666069984436,0.7890498787164688,1765929762.9420283,2591858.0,17.0,1e-05,219.597461155,0.852331280708313,16,
0.03858520900321544,0.7356265783309937,0.7790470570325851,1765929777.792638,2754012.0,18.0,1e-05,234.448081928,0.8793271780014038,17,
0.04072883172561629,0.69361811876297,0.7812442779541016,1765929791.3678555,2916829.0,19.0,1e-05,248.023287116,0.878229022026062,18,
0.04287245444801715,0.805059552192688,0.7776414453983307,1765929803.4977968,3061305.0,20.0,1e-05,260.15322653,0.8952608108520508,19,
0.04501607717041801,0.8120903372764587,0.7835082560777664,1765929815.3561475,3219127.0,21.0,1e-05,272.011587755,0.8642725944519043,20,
0.04715969989281887,0.5366758108139038,0.7815784215927124,1765929829.7603498,3380158.0,22.0,1e-05,286.415786008,0.8643401861190796,21,
0.04930332261521972,0.7630634903907776,0.7845708280801773,1765929841.8722546,3539898.0,23.0,1e-05,298.527697412,0.8632508516311646,22,
0.05144694533762058,0.6842401027679443,0.7859192043542862,1765929851.240042,3689574.0,24.0,1e-05,307.895491781,0.8436303734779358,23,
0.05359056806002144,0.7180541753768921,0.7758406400680542,1765929865.263965,3855970.0,25.0,1e-05,321.919422065,0.8892868161201477,24,
0.055734190782422297,0.5987371206283569,0.7879058718681335,1765929878.0401664,4018658.0,26.0,1e-05,334.695634992,0.8363951444625854,25,
0.05787781350482315,0.6920226216316223,0.7703117579221725,1765929891.5895424,4171160.0,27.0,1e-05,348.24498525,0.9122114181518555,26,
0.06002143622722401,0.6530308723449707,0.7945094704627991,1765929901.9673479,4314298.0,28.0,1e-05,358.622815877,0.8071155548095703,27,
0.06216505894962487,0.8488126397132874,0.7881423234939575,1765929913.5038142,4468546.0,29.0,1e-05,370.159252193,0.8333191275596619,28,
0.06430868167202572,0.7985432147979736,0.775742307305336,1765929927.4695399,4635984.0,30.0,1e-05,384.124989796,0.8916553258895874,29,
0.06645230439442658,0.6778782606124878,0.7925117164850235,1765929938.5999966,4790352.0,31.0,1e-05,395.255439663,0.8175158500671387,30,
0.06859592711682744,0.8505017161369324,0.7796083837747574,1765929952.4952636,4956096.0,32.0,1e-05,409.15070519,0.8711090683937073,31,
0.0707395498392283,0.6834093332290649,0.7937570959329605,1765929963.2570891,5107640.0,33.0,1e-05,419.912545308,0.8057620525360107,32,
0.07288317256162916,0.859157383441925,0.7911890298128128,1765929976.0089846,5265237.0,34.0,1e-05,432.66442061,0.8130600452423096,33,
0.07502679528403002,0.6567103266716003,0.7942689955234528,1765929987.5537543,5419378.0,35.0,1e-05,444.209176709,0.7986525297164917,34,
0.07717041800643087,0.9302698969841003,0.7889823466539383,1765929999.0296395,5576075.0,36.0,1e-05,455.685104955,0.8141294717788696,35,
0.07931404072883172,0.7935429811477661,0.7931364923715591,1765930009.3651426,5720029.0,37.0,1e-05,466.020559204,0.8055006265640259,36,
0.08145766345123258,0.8180879950523376,0.7879189401865005,1765930023.122374,5884915.0,38.0,1e-05,479.777816149,0.8276488780975342,37,
0.08360128617363344,0.7391936182975769,0.7891516983509064,1765930036.1882596,6032758.0,39.0,1e-05,492.84369227,0.817489743232727,38,
0.0857449088960343,0.7607381343841553,0.7879173755645752,1765930047.517177,6187550.0,40.0,1e-05,504.172606364,0.825446367263794,39,
0.08788853161843516,0.6548058390617371,0.7827008366584778,1765930061.9363997,6355408.0,41.0,1e-05,518.591841838,0.8393937349319458,40,
0.09003215434083602,0.6106362342834473,0.784721240401268,1765930075.0187128,6519771.0,42.0,1e-05,531.674132669,0.8354883193969727,41,
0.09217577706323687,0.7440012693405151,0.793545663356781,1765930087.364066,6672296.0,43.0,1e-05,544.019494445,0.7954124808311462,42,
0.09431939978563773,0.5773700475692749,0.7802279442548752,1765930103.6534214,6843136.0,44.0,1e-05,560.308820429,0.8581013083457947,43,
0.09646302250803858,0.9194843769073486,0.7848987728357315,1765930117.2337916,6993296.0,45.0,1e-05,573.889232918,0.8320955038070679,44,
0.09860664523043944,0.684510350227356,0.8003797978162766,1765930129.8021302,7142356.0,46.0,1e-05,586.457555484,0.7856992483139038,45,
0.1007502679528403,0.7205711007118225,0.8012322038412094,1765930140.47157,7294167.0,47.0,1e-05,597.126982592,0.783208966255188,46,
0.10289389067524116,0.6389768123626709,0.7763335406780243,1765930155.7045765,7470762.0,48.0,1e-05,612.359991278,0.8877922296524048,47,
0.10503751339764202,0.4902852475643158,0.7971533983945847,1765930169.5055647,7629052.0,49.0,1e-05,626.161010649,0.7950507402420044,48,
0.10718113612004287,0.8458300828933716,0.8008607625961304,1765930179.6816797,7779609.0,50.0,1e-05,636.337107914,0.7755929231643677,49,
0.10932475884244373,0.8677758574485779,0.7953386902809143,1765930191.8001888,7927458.0,51.0,1e-05,648.455619554,0.8009611368179321,50,
0.11146838156484459,0.510300874710083,0.7994130253791809,1765930202.9857957,8078023.0,52.0,1e-05,659.641229202,0.7833821773529053,51,
0.11361200428724544,0.6282485723495483,0.7973607629537582,1765930214.804822,8230483.0,53.0,1e-05,671.460242691,0.7945380806922913,52,
0.1157556270096463,0.6863941550254822,0.8049828708171844,1765930227.2315748,8375984.0,54.0,1e-05,683.887013731,0.7612210512161255,53,
0.11789924973204716,0.47398194670677185,0.7809622138738632,1765930240.730748,8547262.0,55.0,1e-05,697.386196896,0.8589271306991577,54,
0.12004287245444802,0.536099374294281,0.7879214286804199,1765930254.3912308,8704936.0,56.0,1e-05,711.046645255,0.8291275501251221,55,
0.12218649517684887,0.5453820824623108,0.7953069508075714,1765930267.3884478,8867795.0,57.0,1e-05,724.04388371,0.7938876748085022,56,
0.12433011789924973,0.53981614112854,0.7944411784410477,1765930278.5138967,9019339.0,58.0,1e-05,735.169330685,0.7987222671508789,57,
0.1264737406216506,0.705575704574585,0.7935837209224701,1765930291.2501535,9189045.0,59.0,1e-05,747.905603114,0.8064234852790833,58,
0.12861736334405144,0.4131649136543274,0.7946070730686188,1765930303.4419916,9353955.0,60.0,1e-05,760.097432218,0.7925097942352295,59,
0.1307609860664523,1.008601427078247,0.8099856525659561,1765930316.8810928,9504744.0,61.0,1e-05,773.536530489,0.745222806930542,60,
0.13290460878885316,1.7008202075958252,0.7845636159181595,1765930330.7639067,9662901.0,62.0,1e-05,787.419344995,0.838632345199585,61,
0.13504823151125403,0.4857425391674042,0.811621367931366,1765930341.7048774,9809122.0,63.0,1e-05,798.36031526,0.7254159450531006,62,
0.13719185423365488,1.9736818075180054,0.8003063350915909,1765930354.7492115,9968473.0,64.0,1e-05,811.404643945,0.7810606360435486,63,
0.13933547695605572,1.1461695432662964,0.792607381939888,1765930367.9301906,10119334.0,65.0,1e-05,824.585623936,0.8062407970428467,64,
0.1414790996784566,1.0391875505447388,0.8037176430225372,1765930377.8773913,10259437.0,66.0,1e-05,834.532826771,0.7555551528930664,65,
0.14362272240085744,1.5404136180877686,0.7917787283658981,1765930393.2426455,10416011.0,67.0,1e-05,849.89808476,0.8118579387664795,66,
0.1457663451232583,1.4076493978500366,0.7938572317361832,1765930404.2127826,10566185.0,68.0,1e-05,860.868184001,0.799431562423706,67,
0.14790996784565916,3.4751648902893066,0.801398828625679,1765930415.275083,10715715.0,69.0,1e-05,871.930507894,0.7739180326461792,68,
0.15005359056806003,3.3546953201293945,0.7948326915502548,1765930430.0988474,10880059.0,70.0,1e-05,886.754286455,0.7944194674491882,69,
0.15219721329046088,1.9543871879577637,0.798444077372551,1765930440.7285674,11036249.0,71.0,1e-05,897.384011212,0.7708438634872437,70,
0.15434083601286175,3.026017189025879,0.7960974425077438,1765930452.3275783,11186751.0,72.0,1e-05,908.983013603,0.7868026494979858,71,
0.1564844587352626,2.546908140182495,0.7878485471010208,1765930465.9288578,11356082.0,73.0,1e-05,922.584284537,0.8244706988334656,72,
0.15862808145766344,2.736067056655884,0.792823001742363,1765930478.2334783,11514483.0,74.0,1e-05,934.888917477,0.8004454374313354,73,
0.1607717041800643,1.7192304134368896,0.7952702939510345,1765930489.783202,11663606.0,75.0,1e-05,946.438642926,0.7805215716362,74,
0.16291532690246516,3.212749719619751,0.7973010092973709,1765930501.3906176,11816781.0,76.0,1e-05,958.046035322,0.7848876714706421,75,
0.16505894962486603,3.084550380706787,0.7940644472837448,1765930513.4618797,11978438.0,77.0,1e-05,970.117302468,0.7996046543121338,76,
0.16720257234726688,3.043318271636963,0.8002716451883316,1765930525.5652792,12137976.0,78.0,1e-05,982.220698822,0.7709187269210815,77,
0.16934619506966775,2.7849228382110596,0.7961851209402084,1765930538.6056015,12295505.0,79.0,1e-05,995.261032665,0.7987746000289917,78,
0.1714898177920686,1.8845115900039673,0.7913456559181213,1765930551.208943,12452019.0,80.0,1e-05,1007.864384653,0.8016517162322998,79,
0.17363344051446947,2.7180488109588623,0.7874539494514465,1765930565.7303326,12611435.0,81.0,1e-05,1022.385768194,0.8193411827087402,80,
0.1757770632368703,2.643066883087158,0.8062971830368042,1765930579.3361742,12770621.0,82.0,1e-05,1035.991602629,0.7454690933227539,81,
0.17792068595927116,1.2030689716339111,0.799363523721695,1765930590.1859276,12917873.0,83.0,1e-05,1046.841391604,0.7703031301498413,82,
0.18006430868167203,2.9500203132629395,0.8024997413158417,1765930600.4144418,13056173.0,84.0,1e-05,1057.069883505,0.760841965675354,83,
0.18220793140407288,2.7818706035614014,0.7873548418283463,1765930612.5735824,13211326.0,85.0,1e-05,1069.229031047,0.8175108432769775,84,
0.18435155412647375,2.6759135723114014,0.7914998978376389,1765930623.8302913,13369675.0,86.0,1e-05,1080.485710165,0.8075554966926575,85,
0.1864951768488746,2.1287240982055664,0.8015446960926056,1765930635.4884508,13509971.0,87.0,1e-05,1092.143893687,0.7542006373405457,86,
0.18863879957127547,2.1398563385009766,0.7946641147136688,1765930649.7389698,13673080.0,88.0,1e-05,1106.394394917,0.7944725751876831,87,
0.1907824222936763,2.1231558322906494,0.7826913148164749,1765930662.086633,13838935.0,89.0,1e-05,1118.742084324,0.8339227437973022,88,
0.19292604501607716,2.1237683296203613,0.7878468185663223,1765930676.7643712,14002150.0,90.0,1e-05,1133.419797344,0.8121311664581299,89,
0.19506966773847803,1.8968596458435059,0.7983632534742355,1765930689.2343063,14156247.0,91.0,1e-05,1145.889748441,0.7811993360519409,90,
0.19721329046087888,1.794293999671936,0.7950238287448883,1765930702.8199859,14323035.0,92.0,1e-05,1159.475421655,0.787811279296875,91,
0.19935691318327975,2.0452651977539062,0.7875968664884567,1765930717.761336,14490759.0,93.0,1e-05,1174.416762045,0.8283933401107788,92,
0.2015005359056806,2.155524253845215,0.7956327795982361,1765930729.4549215,14642384.0,94.0,1e-05,1186.11035396,0.7835853099822998,93,
0.20364415862808147,0.7835497260093689,0.8001204431056976,1765930740.284277,14786158.0,95.0,1e-05,1196.939713854,0.7633002996444702,94,
0.2057877813504823,1.9325335025787354,0.8015926778316498,1765930751.4573965,14929253.0,96.0,1e-05,1208.112835648,0.753976583480835,95,
0.20793140407288319,1.9732398986816406,0.8076627254486084,1765930764.5297062,15078062.0,97.0,1e-05,1221.185118033,0.7234957218170166,96,
0.21007502679528403,1.8282396793365479,0.7907163202762604,1765930777.2722812,15227850.0,98.0,1e-05,1233.927701894,0.8021332025527954,97,
0.21221864951768488,0.49488431215286255,0.7963666468858719,1765930790.6145568,15385692.0,99.0,1e-05,1247.269981105,0.7784435153007507,98,
0.21436227224008575,1.7894657850265503,0.8072249591350555,1765930805.3104985,15540223.0,100.0,1e-05,1261.965929732,0.7428592443466187,99,
0.2165058949624866,1.9152259826660156,0.8080955445766449,1765930906.0557992,15695591.0,101.0,1e-05,1362.71125537,0.7363452315330505,100,
0.21864951768488747,1.5466508865356445,0.799543172121048,1765930918.4715483,15855000.0,102.0,1e-05,1375.126998802,0.7768456339836121,101,
0.2207931404072883,0.7196465730667114,0.7924671322107315,1765930930.3612242,16010570.0,103.0,1e-05,1387.016667438,0.789573073387146,102,
0.22293676312968919,1.3821247816085815,0.7969528883695602,1765930942.5742075,16175156.0,104.0,1e-05,1399.229641905,0.7716199159622192,103,
0.22508038585209003,1.0669865608215332,0.7939014881849289,1765930957.3102899,16345184.0,105.0,1e-05,1413.965713415,0.7941970825195312,104,
0.22722400857449088,0.6110622882843018,0.7969487607479095,1765930970.4179318,16496673.0,106.0,1e-05,1427.073369092,0.7834556102752686,105,
0.22936763129689175,1.3911131620407104,0.7955540716648102,1765930982.6842802,16650964.0,107.0,1e-05,1439.33972338,0.7924032807350159,106,
0.2315112540192926,0.9339540600776672,0.7924047708511353,1765930995.032161,16806131.0,108.0,1e-05,1451.687576625,0.7972642183303833,107,
0.23365487674169347,0.9506364464759827,0.7924812883138657,1765931007.9517586,16971757.0,109.0,1e-05,1464.607185514,0.8083234429359436,108,
0.2357984994640943,1.2272368669509888,0.8029704242944717,1765931021.082699,17125261.0,110.0,1e-05,1477.738139426,0.7556767463684082,109,
0.2379421221864952,0.5644673705101013,0.802637979388237,1765931034.2253747,17285808.0,111.0,1e-05,1490.880795091,0.7536079287528992,110,
0.24008574490889603,1.1345767974853516,0.804277315735817,1765931047.560273,17436207.0,112.0,1e-05,1504.215727062,0.7499474883079529,111,
0.2422293676312969,0.9470306038856506,0.7931754142045975,1765931060.5016928,17609651.0,113.0,1e-05,1517.157107043,0.7845742702484131,112,
0.24437299035369775,0.4519895911216736,0.7972255051136017,1765931074.150986,17764531.0,114.0,1e-05,1530.806379228,0.7753640413284302,113,
0.2465166130760986,0.9627566337585449,0.8092599660158157,1765931087.4140825,17923936.0,115.0,1e-05,1544.069521358,0.7318427562713623,114,
0.24866023579849947,0.5073211193084717,0.8042215257883072,1765931100.9471416,18080869.0,116.0,1e-05,1557.602594202,0.74470454454422,115,
0.2508038585209003,0.817742109298706,0.7950457334518433,1765931112.7333436,18244414.0,117.0,1e-05,1569.388775899,0.7844139337539673,116,
0.2529474812433012,0.7750639915466309,0.7940660268068314,1765931127.3177347,18401734.0,118.0,1e-05,1583.973167995,0.7911683320999146,117,
0.25509110396570206,0.5189126133918762,0.80399189889431,1765931139.4860048,18555213.0,119.0,1e-05,1596.141440569,0.7456141710281372,118,
0.2572347266881029,0.7705196738243103,0.7780092656612396,1765931155.96056,18729596.0,120.0,1e-05,1612.616009376,0.8536728024482727,119,
0.25937834941050375,0.48549893498420715,0.802322581410408,1765931166.6439657,18874599.0,121.0,1e-05,1623.299400418,0.750454306602478,120,
0.2615219721329046,0.7728460431098938,0.7914929986000061,1765931180.6236176,19043580.0,122.0,1e-05,1637.279048232,0.7854539752006531,121,
0.26366559485530544,0.6329679489135742,0.799142986536026,1765931192.0413826,19188254.0,123.0,1e-05,1648.696830247,0.7660603523254395,122,
0.2658092175777063,0.7495536208152771,0.8054694384336472,1765931203.817242,19336517.0,124.0,1e-05,1660.472688994,0.7351350784301758,123,
0.2679528403001072,0.5198765993118286,0.8032830208539963,1765931216.899139,19494094.0,125.0,1e-05,1673.554567048,0.7504591941833496,124,
0.27009646302250806,0.4075341522693634,0.7987986356019974,1765931228.8051279,19648425.0,126.0,1e-05,1685.460548878,0.7671539783477783,125,
0.2722400857449089,0.782712459564209,0.7966457158327103,1765931241.2922833,19798344.0,127.0,1e-05,1697.947710129,0.7732894420623779,126,
0.27438370846730975,0.3913629949092865,0.7980513125658035,1765931253.4481752,19955841.0,128.0,1e-05,1710.103592739,0.7639029622077942,127,
0.2765273311897106,0.650290846824646,0.8038673847913742,1765931264.5427587,20107598.0,129.0,1e-05,1721.198191821,0.7503259181976318,128,
0.27867095391211144,0.5398591160774231,0.8038385659456253,1765931275.329822,20258362.0,130.0,1e-05,1731.985255698,0.7510571479797363,129,
0.2808145766345123,0.3275240659713745,0.7884330302476883,1765931288.039684,20412165.0,131.0,1e-05,1744.695104356,0.79953932762146,130,
0.2829581993569132,0.6942378282546997,0.8080899119377136,1765931299.099116,20561798.0,132.0,1e-05,1755.754538294,0.7271652817726135,131,
0.28510182207931406,0.37834063172340393,0.7941160351037979,1765931311.1282403,20720111.0,133.0,1e-05,1767.78367268,0.7782912254333496,132,
0.2872454448017149,0.5150648951530457,0.8034721463918686,1765931323.0348394,20876095.0,134.0,1e-05,1779.690266423,0.7467371225357056,133,
0.28938906752411575,0.36944136023521423,0.7984213829040527,1765931335.6678984,21031975.0,135.0,1e-05,1792.323331468,0.7665377855300903,134,
0.2915326902465166,0.3485206067562103,0.8061484098434448,1765931349.1731436,21180614.0,136.0,1e-05,1805.828553065,0.7303515672683716,135,
0.2936763129689175,0.3685266077518463,0.784162163734436,1765931364.9377317,21349138.0,137.0,1e-05,1821.593136316,0.8293734192848206,136,
0.2958199356913183,0.3629651367664337,0.7862516194581985,1765931379.246419,21511590.0,138.0,1e-05,1835.901866235,0.8067035675048828,137,
0.2979635584137192,0.6526260375976562,0.7986930906772614,1765931390.5741026,21656819.0,139.0,1e-05,1847.229530519,0.7632108926773071,138,
0.30010718113612006,0.28669077157974243,0.7937757819890976,1765931402.2699513,21811238.0,140.0,1e-05,1858.925385176,0.784974217414856,139,
0.3022508038585209,0.4369940757751465,0.7843025177717209,1765931414.8996925,21980388.0,141.0,1e-05,1871.555118206,0.8226090669631958,140,
0.30439442658092175,0.38040924072265625,0.7861503064632416,1765931429.9820306,22142594.0,142.0,1e-05,1886.637472689,0.81278395652771,141,
0.3065380493033226,0.49272704124450684,0.7904782444238663,1765931442.5703926,22299845.0,143.0,1e-05,1899.225821067,0.7994934916496277,142,
0.3086816720257235,0.554384171962738,0.800558403134346,1765931456.8322093,22465527.0,144.0,1e-05,1913.487627013,0.7638998031616211,143,
0.3108252947481243,0.3883480429649353,0.8070766627788544,1765931470.1261256,22618289.0,145.0,1e-05,1926.781550342,0.72928786277771,144,
0.3129689174705252,0.5812148451805115,0.8029593676328659,1765931482.3863544,22770622.0,146.0,1e-05,1939.041779297,0.7489408850669861,145,
0.31511254019292606,0.40825316309928894,0.808582216501236,1765931494.2942674,22922597.0,147.0,1e-05,1950.949671129,0.7225518822669983,146,
0.3172561629153269,0.5114641189575195,0.8013098984956741,1765931507.2697031,23075685.0,148.0,1e-05,1963.925137606,0.7548632621765137,147,
0.31939978563772775,0.6050640344619751,0.8014100193977356,1765931519.900345,23239973.0,149.0,1e-05,1976.555760793,0.757335364818573,148,
0.3215434083601286,0.5581645369529724,0.7910066545009613,1765931535.667731,23407446.0,150.0,1e-05,1992.323145519,0.7989703416824341,149,
0.3236870310825295,0.5224171280860901,0.8103211671113968,1765931547.5733743,23555395.0,151.0,1e-05,2004.228859839,0.7205283641815186,150,
0.3258306538049303,0.5494788289070129,0.8012559860944748,1765931559.7816484,23712167.0,152.0,1e-05,2016.437067295,0.7653795480728149,151,
0.3279742765273312,0.6778711676597595,0.7951613962650299,1765931572.2966256,23869562.0,153.0,1e-05,2028.952082022,0.7779898047447205,152,
0.33011789924973206,0.4210205674171448,0.7938466966152191,1765931585.6245012,24027568.0,154.0,1e-05,2042.280005904,0.7784707546234131,153,
0.3322615219721329,0.704099178314209,0.7960290759801865,1765931598.1291182,24183451.0,155.0,1e-05,2054.784536826,0.786599338054657,154,
0.33440514469453375,0.4989478588104248,0.8000973463058472,1765931611.7507267,24342400.0,156.0,1e-05,2068.406354303,0.7586367130279541,155,
0.3365487674169346,0.5203652381896973,0.7922074943780899,1765931627.0974472,24500736.0,157.0,1e-05,2083.752867973,0.795158863067627,156,
0.3386923901393355,0.6169019937515259,0.8033148944377899,1765931641.4516554,24652820.0,158.0,1e-05,2098.107099746,0.7462080121040344,157,
0.3408360128617363,0.6875447630882263,0.7972530424594879,1765931654.0457861,24810632.0,159.0,1e-05,2110.701217389,0.7626826763153076,158,
0.3429796355841372,0.36400291323661804,0.8002573400735855,1765931668.2441323,24968589.0,160.0,1e-05,2124.899567158,0.748573899269104,159,
0.34512325830653806,0.5244866609573364,0.7936830669641495,1765931682.4668498,25125017.0,161.0,1e-05,2139.122282413,0.7849959135055542,160,
0.34726688102893893,0.45359864830970764,0.8077208250761032,1765931695.6187525,25277188.0,162.0,1e-05,2152.274174166,0.723542332649231,161,
0.34941050375133975,0.7630164623260498,0.8121577203273773,1765931707.0901968,25430057.0,163.0,1e-05,2163.745619727,0.7109814882278442,162,
0.3515541264737406,0.5197760462760925,0.8108157813549042,1765931721.6418009,25583830.0,164.0,1e-05,2178.297237724,0.72216796875,163,
0.3536977491961415,0.7613092660903931,0.7972429543733597,1765931734.664672,25742285.0,165.0,1e-05,2191.320099685,0.7713141441345215,164,
0.3558413719185423,0.4045342803001404,0.8004599660634995,1765931749.190066,25907065.0,166.0,1e-05,2205.845482592,0.7540021538734436,165,
0.3579849946409432,0.964691698551178,0.8058574497699738,1765931760.0294943,26051750.0,167.0,1e-05,2216.684929914,0.7304608821868896,166,
0.36012861736334406,0.6818689703941345,0.7999734878540039,1765931772.1768184,26204362.0,168.0,1e-05,2228.832264079,0.7637414932250977,167,
0.36227224008574493,0.5538415908813477,0.7929704785346985,1765931785.9293854,26364857.0,169.0,1e-05,2242.58482103,0.7835717797279358,168,
0.36441586280814575,0.4153260886669159,0.8035868406295776,1765931796.5905654,26513585.0,170.0,1e-05,2253.245996786,0.7464035749435425,169,
0.3665594855305466,0.4812036156654358,0.7941971123218536,1765931810.7500315,26680409.0,171.0,1e-05,2267.405471597,0.7849109172821045,170,
0.3687031082529475,0.500361979007721,0.812456026673317,1765931821.8860788,26817383.0,172.0,1e-05,2278.541521068,0.7136257886886597,171,
0.3708467309753483,0.540117084980011,0.8000772446393967,1765931833.856585,26962206.0,173.0,1e-05,2290.51202923,0.7640954256057739,172,
0.3729903536977492,0.5246118307113647,0.8040712475776672,1765931847.406392,27123276.0,174.0,1e-05,2304.061798985,0.7449710369110107,173,
0.37513397642015006,0.49648046493530273,0.7950628399848938,1765931861.7788277,27290681.0,175.0,1e-05,2318.434291628,0.7784178256988525,174,
0.37727759914255093,0.2880304455757141,0.794282004237175,1765931874.0063198,27449673.0,176.0,1e-05,2330.66176078,0.7795090675354004,175,
0.37942122186495175,0.5247158408164978,0.8032930344343185,1765931885.8119996,27601441.0,177.0,1e-05,2342.467414853,0.7461129426956177,176,
0.3815648445873526,0.42781755328178406,0.8018294721841812,1765931898.953223,27748300.0,178.0,1e-05,2355.608644571,0.7589142918586731,177,
0.3837084673097535,0.6447083950042725,0.8122588098049164,1765931911.4552867,27900973.0,179.0,1e-05,2368.11071291,0.716350793838501,178,
0.3858520900321543,0.6167445182800293,0.8001476377248764,1765931924.3244197,28057386.0,180.0,1e-05,2380.979832402,0.7607604265213013,179,
0.3879957127545552,0.5242670774459839,0.7988075911998749,1765931937.237869,28218433.0,181.0,1e-05,2393.893284819,0.7674649953842163,180,
0.39013933547695606,0.5312849879264832,0.8013518005609512,1765931952.0516407,28378531.0,182.0,1e-05,2408.707084755,0.7569499611854553,181,
0.39228295819935693,0.895861804485321,0.8176640868186951,1765931961.901276,28517567.0,183.0,1e-05,2418.556696705,0.6885053515434265,182,
0.39442658092175775,0.44435572624206543,0.8078135997056961,1765931973.3358166,28678245.0,184.0,1e-05,2429.991252651,0.7227574586868286,183,
0.3965702036441586,0.6054987907409668,0.7968191355466843,1765931987.0896716,28847748.0,185.0,1e-05,2443.745123219,0.779238224029541,184,
0.3987138263665595,0.41554492712020874,0.8016785532236099,1765931998.4322755,29003477.0,186.0,1e-05,2455.087793308,0.7564818263053894,185,
0.4008574490889603,0.5591430068016052,0.8014622628688812,1765932012.001931,29163981.0,187.0,1e-05,2468.657388328,0.7547886371612549,186,
0.4030010718113612,0.6292775869369507,0.8039090633392334,1765932024.7395897,29313769.0,188.0,1e-05,2481.395102031,0.7382636666297913,187,
0.40514469453376206,0.7123653888702393,0.8038796335458755,1765932037.8770647,29474111.0,189.0,1e-05,2494.532597821,0.7352852821350098,188,
0.40728831725616294,0.44112229347229004,0.7934231758117676,1765932050.862428,29641339.0,190.0,1e-05,2507.517883801,0.7935588359832764,189,
0.40943193997856375,0.5654463171958923,0.8090576678514481,1765932063.270044,29795124.0,191.0,1e-05,2519.925484574,0.726054310798645,190,
0.4115755627009646,0.42796018719673157,0.7986370772123337,1765932075.2560594,29956920.0,192.0,1e-05,2531.911516183,0.7666301131248474,191,
0.4137191854233655,0.6775065064430237,0.7955685406923294,1765932088.1707542,30113790.0,193.0,1e-05,2544.826280292,0.769418478012085,192,
0.41586280814576637,0.42818474769592285,0.8026090115308762,1765932102.2345734,30267060.0,194.0,1e-05,2558.890027189,0.7419394254684448,193,
0.4180064308681672,0.7823472023010254,0.8001459240913391,1765932114.0646155,30420733.0,195.0,1e-05,2570.720059101,0.7561830878257751,194,
0.42015005359056806,0.31448793411254883,0.7995033711194992,1765932127.0262477,30582338.0,196.0,1e-05,2583.681665205,0.7595999836921692,195,
0.42229367631296894,0.6428393721580505,0.8111143708229065,1765932137.6845784,30735043.0,197.0,1e-05,2594.340006517,0.7214016318321228,196,
0.42443729903536975,0.4619651138782501,0.8013741225004196,1765932149.2735023,30885025.0,198.0,1e-05,2605.929049586,0.7551400065422058,197,
0.4265809217577706,0.853398859500885,0.8027513772249222,1765932161.0449822,31036663.0,199.0,1e-05,2617.700500361,0.7444690465927124,198,
0.4287245444801715,0.4452316462993622,0.813501313328743,1765932172.327036,31184340.0,200.0,1e-05,2628.982478376,0.7060816287994385,199,
0.43086816720257237,0.6775422692298889,0.8003577440977097,1765932277.619687,31345142.0,201.0,1e-05,2734.275245053,0.7566843032836914,200,
0.4330117899249732,0.34217342734336853,0.7949621826410294,1765932290.0479722,31495847.0,202.0,1e-05,2746.703449623,0.7737596035003662,201,
0.43515541264737406,0.6340324282646179,0.802724301815033,1765932303.5092382,31654749.0,203.0,1e-05,2760.164713848,0.7446556687355042,202,
0.43729903536977494,0.48192551732063293,0.8018603473901749,1765932313.747157,31808152.0,204.0,1e-05,2770.402626271,0.7516192197799683,203,
0.43944265809217575,0.3838651776313782,0.7972321212291718,1765932326.92541,31977458.0,205.0,1e-05,2783.580991651,0.7713375687599182,204,
0.4415862808145766,0.40850013494491577,0.803421214222908,1765932338.0700681,32129990.0,206.0,1e-05,2794.72554986,0.7381682991981506,205,
0.4437299035369775,0.627691924571991,0.7920422255992889,1765932352.9332128,32295318.0,207.0,1e-05,2809.588693939,0.7942706346511841,206,
0.44587352625937837,0.43740299344062805,0.794906884431839,1765932365.6830332,32458576.0,208.0,1e-05,2822.338529689,0.7773114442825317,207,
0.4480171489817792,0.3080398738384247,0.7992448210716248,1765932379.5255291,32617496.0,209.0,1e-05,2836.181009333,0.7567092776298523,208,
0.45016077170418006,0.43784528970718384,0.8033948093652725,1765932394.1125839,32779172.0,210.0,1e-05,2850.768073624,0.7465461492538452,209,
0.45230439442658094,0.3682782053947449,0.8041818886995316,1765932407.0416033,32931223.0,211.0,1e-05,2863.697090196,0.7335724830627441,210,
0.45444801714898175,0.34788405895233154,0.8023440390825272,1765932421.444924,33081708.0,212.0,1e-05,2878.100395728,0.7437528967857361,211,
0.4565916398713826,0.348769873380661,0.8024792373180389,1765932433.606207,33234519.0,213.0,1e-05,2890.261688495,0.7498500347137451,212,
0.4587352625937835,0.3789505660533905,0.805804893374443,1765932445.168304,33380554.0,214.0,1e-05,2901.823772839,0.7341269254684448,213,
0.4608788853161844,0.4254896640777588,0.7961696833372116,1765932459.3425567,33541078.0,215.0,1e-05,2915.998022513,0.779090404510498,214,
0.4630225080385852,0.449494868516922,0.8023556917905807,1765932473.2703054,33702070.0,216.0,1e-05,2929.925779255,0.74904465675354,215,
0.46516613076098606,0.4931270480155945,0.8143490850925446,1765932484.3449428,33851344.0,217.0,1e-05,2941.000434213,0.7022609710693359,216,
0.46730975348338694,0.4615103602409363,0.8047178089618683,1765932497.0379343,34005428.0,218.0,1e-05,2953.693428107,0.7386901378631592,217,
0.4694533762057878,0.4745166301727295,0.8026332706212997,1765932507.777167,34142448.0,219.0,1e-05,2964.432663451,0.747231662273407,218,
0.4715969989281886,0.3942634165287018,0.8134780526161194,1765932519.063981,34293582.0,220.0,1e-05,2975.719474059,0.6996426582336426,219,
0.4737406216505895,0.3144887387752533,0.7970774471759796,1765932532.028883,34448802.0,221.0,1e-05,2988.684369423,0.7797189950942993,220,
0.4758842443729904,0.3960665166378021,0.8041032701730728,1765932545.104718,34608650.0,222.0,1e-05,3001.760200875,0.7349879741668701,221,
0.4780278670953912,0.30280306935310364,0.8085341453552246,1765932558.6852949,34765848.0,223.0,1e-05,3015.341037147,0.7216267585754395,222,
0.48017148981779206,0.4038955867290497,0.8110310584306717,1765932570.743986,34923587.0,224.0,1e-05,3027.399583483,0.7245367169380188,223,
0.48231511254019294,0.3201014995574951,0.8156721591949463,1765932580.1646504,35061736.0,225.0,1e-05,3036.820154073,0.6924989223480225,224,
0.4844587352625938,0.2971332371234894,0.7973269522190094,1765932592.800452,35224947.0,226.0,1e-05,3049.456049231,0.7577599883079529,225,
0.4866023579849946,0.428015798330307,0.7878525406122208,1765932607.0836606,35383552.0,227.0,1e-05,3063.739222522,0.807834267616272,226,
0.4887459807073955,0.553776204586029,0.8039125800132751,1765932621.6112285,35537848.0,228.0,1e-05,3078.266741853,0.7450694441795349,227,
0.4908896034297964,0.3152110278606415,0.8041011244058609,1765932632.4851384,35694801.0,229.0,1e-05,3089.140661207,0.7370129227638245,228,
0.4930332261521972,0.4330182671546936,0.8038324117660522,1765932645.8920205,35847389.0,230.0,1e-05,3102.547524801,0.7370111346244812,229,
0.49517684887459806,0.4056176245212555,0.803345263004303,1765932657.780183,36001061.0,231.0,1e-05,3114.435670229,0.7433032393455505,230,
0.49732047159699894,0.39352625608444214,0.8041079193353653,1765932670.74379,36153435.0,232.0,1e-05,3127.399356808,0.7489140033721924,231,
0.4994640943193998,0.30661657452583313,0.8067799508571625,1765932682.9738834,36308551.0,233.0,1e-05,3139.629470638,0.733059287071228,232,
0.5016077170418006,0.3290003836154938,0.8066004514694214,1765932694.8176756,36451452.0,234.0,1e-05,3151.473325939,0.7331637144088745,233,
0.5037513397642015,0.39034581184387207,0.8136870265007019,1765932704.7635384,36596648.0,235.0,1e-05,3161.419147792,0.7007840871810913,234,
0.5058949624866024,0.49703019857406616,0.8004118949174881,1765932718.12571,36751665.0,236.0,1e-05,3174.781241142,0.7417166233062744,235,
0.5080385852090032,0.4768020808696747,0.8039972633123398,1765932732.2146823,36908485.0,237.0,1e-05,3188.870189993,0.745019793510437,236,
0.5101822079314041,0.399955689907074,0.8157401382923126,1765932744.2298987,37064151.0,238.0,1e-05,3200.885406681,0.7007735967636108,237,
0.5123258306538049,0.42417609691619873,0.8036639541387558,1765932756.1936293,37217517.0,239.0,1e-05,3212.849150754,0.7431402802467346,238,
0.5144694533762058,0.413285493850708,0.8155541718006134,1765932766.5643315,37367961.0,240.0,1e-05,3223.219905242,0.6896380186080933,239,
0.5166130760986066,0.5350443124771118,0.8055964559316635,1765932779.9433835,37526897.0,241.0,1e-05,3236.598878161,0.7303981781005859,240,
0.5187566988210075,0.7233281135559082,0.792156308889389,1765932792.3175147,37685668.0,242.0,1e-05,3248.973025491,0.7858397364616394,241,
0.5209003215434084,0.33825576305389404,0.8051769137382507,1765932804.0084007,37839489.0,243.0,1e-05,3260.663891409,0.7378466725349426,242,
0.5230439442658092,0.6026623249053955,0.7980565577745438,1765932816.5411372,37997238.0,244.0,1e-05,3273.196813774,0.7648259997367859,243,
0.5251875669882101,0.5274398326873779,0.787288710474968,1765932832.4064064,38168011.0,245.0,1e-05,3289.061926605,0.8071956634521484,244,
0.5273311897106109,0.7376502156257629,0.8018013387918472,1765932844.8602061,38326230.0,246.0,1e-05,3301.515704048,0.7554890513420105,245,
0.5294748124330118,0.42699769139289856,0.8153508305549622,1765932857.2822871,38478252.0,247.0,1e-05,3313.937760307,0.6999543309211731,246,
0.5316184351554126,0.6559152603149414,0.8098216503858566,1765932868.1121204,38625546.0,248.0,1e-05,3324.767635378,0.7173442840576172,247,
0.5337620578778135,0.4610288739204407,0.8047875165939331,1765932880.690435,38771391.0,249.0,1e-05,3337.346005018,0.7322588562965393,248,
0.5359056806002144,0.284320205450058,0.8008657991886139,1765932894.9773843,38929652.0,250.0,1e-05,3351.63300421,0.7481003403663635,249,
0.5380493033226152,0.4695422649383545,0.7987716794013977,1765932906.7206805,39078825.0,251.0,1e-05,3363.376226118,0.7513750791549683,250,
0.5401929260450161,0.40128591656684875,0.7962055206298828,1765932920.7242606,39250764.0,252.0,1e-05,3377.379991393,0.7682881951332092,251,
0.5423365487674169,0.4791609048843384,0.8080107867717743,1765932932.9716659,39401652.0,253.0,1e-05,3389.627164232,0.7221956253051758,252,
0.5444801714898178,0.3740731179714203,0.8053874969482422,1765932945.8223178,39556368.0,254.0,1e-05,3402.477811317,0.7386138439178467,253,
0.5466237942122186,0.6524032950401306,0.8088149577379227,1765932957.4868119,39716091.0,255.0,1e-05,3414.142324879,0.7155694961547852,254,
0.5487674169346195,0.3937460482120514,0.804372102022171,1765932968.6378984,39864668.0,256.0,1e-05,3425.293380317,0.7431902885437012,255,
0.5509110396570204,0.547592282295227,0.7926716804504395,1765932980.7030501,40026842.0,257.0,1e-05,3437.358553944,0.7757277488708496,256,
0.5530546623794212,0.40087589621543884,0.8046475648880005,1765932993.483007,40185219.0,258.0,1e-05,3450.138493816,0.7371646761894226,257,
0.5551982851018221,0.5233640074729919,0.7989646196365356,1765933005.7662418,40338073.0,259.0,1e-05,3462.421818597,0.7564399242401123,258,
0.5573419078242229,0.32120296359062195,0.7958455234766006,1765933018.6742494,40501465.0,260.0,1e-05,3475.329714544,0.7708655595779419,259,
0.5594855305466238,0.4210541546344757,0.8015981018543243,1765933031.8904784,40657227.0,261.0,1e-05,3488.545976077,0.7496922612190247,260,
0.5616291532690246,0.4384903907775879,0.8105044513940811,1765933044.7088816,40807442.0,262.0,1e-05,3501.364375806,0.7184762954711914,261,
0.5637727759914255,0.627646803855896,0.7993880063295364,1765933056.9482887,40956359.0,263.0,1e-05,3513.60376972,0.7514582872390747,262,
0.5659163987138264,0.4173581898212433,0.8019763380289078,1765933071.040835,41113297.0,264.0,1e-05,3527.696401112,0.7424962520599365,263,
0.5680600214362272,0.4789368212223053,0.8015771210193634,1765933084.0889828,41267327.0,265.0,1e-05,3540.744502143,0.7456391453742981,264,
0.5702036441586281,0.3590523600578308,0.813124880194664,1765933093.8127043,41416137.0,266.0,1e-05,3550.468199766,0.7068243026733398,265,
0.572347266881029,0.3458316922187805,0.805624395608902,1765933106.380383,41572626.0,267.0,1e-05,3563.035884392,0.7320594787597656,266,
0.5744908896034298,0.3700750172138214,0.8116685599088669,1765933117.9851408,41724870.0,268.0,1e-05,3574.640642464,0.7157989740371704,267,
0.5766345123258306,0.43752166628837585,0.8120546936988831,1765933130.9731557,41882397.0,269.0,1e-05,3587.628755594,0.7085661888122559,268,
0.5787781350482315,0.45977726578712463,0.7960588037967682,1765933143.2010942,42044695.0,270.0,1e-05,3599.856678802,0.755987286567688,269,
0.5809217577706324,0.40950658917427063,0.79759481549263,1765933156.0611768,42195750.0,271.0,1e-05,3612.716645978,0.7657504081726074,270,
0.5830653804930332,0.4952571392059326,0.8020937144756317,1765933168.687811,42347658.0,272.0,1e-05,3625.34341029,0.7582497596740723,271,
0.5852090032154341,0.3475089967250824,0.7967844605445862,1765933181.740164,42499617.0,273.0,1e-05,3638.395752513,0.7590337991714478,272,
0.587352625937835,0.3994298279285431,0.810134693980217,1765933194.4626744,42648060.0,274.0,1e-05,3651.118275554,0.715498685836792,273,
0.5894962486602358,0.4795653223991394,0.8047225922346115,1765933206.7889867,42799438.0,275.0,1e-05,3663.44454665,0.7282048463821411,274,
0.5916398713826366,0.37405163049697876,0.8090671002864838,1765933219.1826115,42945465.0,276.0,1e-05,3675.838200758,0.7210333347320557,275,
0.5937834941050375,0.3304148018360138,0.8097399324178696,1765933230.243913,43089377.0,277.0,1e-05,3686.899574201,0.7120648622512817,276,
0.5959271168274384,0.4687967002391815,0.7966489195823669,1765933246.5004332,43253006.0,278.0,1e-05,3703.155983271,0.7735821008682251,277,
0.5980707395498392,0.4416821300983429,0.8045887798070908,1765933260.035733,43420433.0,279.0,1e-05,3716.69124909,0.7351828217506409,278,
0.6002143622722401,0.7926084995269775,0.804869532585144,1765933272.419465,43577695.0,280.0,1e-05,3729.07505269,0.7368619441986084,279,
0.602357984994641,0.4712866246700287,0.8047937005758286,1765933287.3870034,43738482.0,281.0,1e-05,3744.042478576,0.7321009635925293,280,
0.6045016077170418,0.62019282579422,0.8036379516124725,1765933301.6665418,43895774.0,282.0,1e-05,3758.322038088,0.735753059387207,281,
0.6066452304394426,0.32478803396224976,0.8065483421087265,1765933313.217675,44045728.0,283.0,1e-05,3769.873159602,0.7317425012588501,282,
0.6087888531618435,0.4597073495388031,0.8006275743246078,1765933326.916703,44207082.0,284.0,1e-05,3783.572198835,0.7348835468292236,283,
0.6109324758842444,0.43116822838783264,0.8003034144639969,1765933339.9740167,44360492.0,285.0,1e-05,3796.629483478,0.7521415948867798,284,
0.6130760986066452,0.4266466200351715,0.8152397125959396,1765933352.523743,44507249.0,286.0,1e-05,3809.179244936,0.6913200616836548,285,
0.6152197213290461,0.6376347541809082,0.8097250461578369,1765933365.5472322,44657380.0,287.0,1e-05,3822.202715215,0.7267158031463623,286,
0.617363344051447,0.37729257345199585,0.8058158159255981,1765933377.5701554,44809690.0,288.0,1e-05,3834.225634673,0.7290037870407104,287,
0.6195069667738478,0.39842334389686584,0.8113525211811066,1765933388.5556617,44958006.0,289.0,1e-05,3845.211129504,0.7034106254577637,288,
0.6216505894962486,0.3814636766910553,0.8028224557638168,1765933401.7025473,45127484.0,290.0,1e-05,3858.358013587,0.7472600936889648,289,
0.6237942122186495,0.3099766671657562,0.7941311001777649,1765933414.4880767,45288670.0,291.0,1e-05,3871.143563664,0.7788267135620117,290,
0.6259378349410504,0.551255464553833,0.8086052983999252,1765933424.3262727,45435435.0,292.0,1e-05,3880.981770091,0.7109038829803467,291,
0.6280814576634512,0.37673142552375793,0.8064473569393158,1765933436.0863729,45582758.0,293.0,1e-05,3892.741894986,0.7268466353416443,292,
0.6302250803858521,0.36925578117370605,0.8126023262739182,1765933446.643561,45724786.0,294.0,1e-05,3903.299089957,0.7063642740249634,293,
0.632368703108253,0.34811845421791077,0.809456005692482,1765933458.2248085,45875653.0,295.0,1e-05,3914.880301245,0.7215883135795593,294,
0.6345123258306538,0.42007502913475037,0.8098874986171722,1765933469.7203333,46026612.0,296.0,1e-05,3926.37594599,0.7144194841384888,295,
0.6366559485530546,0.5763244032859802,0.8102589100599289,1765933480.1645744,46173537.0,297.0,1e-05,3936.820082118,0.7190148830413818,296,
0.6387995712754555,0.36370450258255005,0.7997794300317764,1765933493.0822818,46337020.0,298.0,1e-05,3949.737830834,0.758991003036499,297,
0.6409431939978564,0.37661391496658325,0.8067093342542648,1765933504.602353,46484878.0,299.0,1e-05,3961.25791507,0.7387959957122803,298,
0.6430868167202572,0.3582747280597687,0.8031465113162994,1765933517.4799652,46638837.0,300.0,1e-05,3974.135449531,0.7319766283035278,299,
0.6452304394426581,0.4086223542690277,0.8064944744110107,1765933618.6162534,46792654.0,301.0,1e-05,4075.271782116,0.7323490977287292,300,
0.647374062165059,0.4286527931690216,0.7990559786558151,1765933630.4015577,46956735.0,302.0,1e-05,4087.057027291,0.7535784840583801,301,
0.6495176848874598,0.35325148701667786,0.797280952334404,1765933643.7755225,47119017.0,303.0,1e-05,4100.431023258,0.7767190933227539,302,
0.6516613076098606,0.4440820515155792,0.8050675839185715,1765933658.198812,47277064.0,304.0,1e-05,4114.85435018,0.7377886772155762,303,
0.6538049303322615,0.3803391754627228,0.8024190217256546,1765933671.9873974,47425177.0,305.0,1e-05,4128.642972237,0.733698844909668,304,
0.6559485530546624,0.41750118136405945,0.8141322731971741,1765933682.636485,47567815.0,306.0,1e-05,4139.291993531,0.6986227035522461,305,
0.6580921757770632,0.4809967875480652,0.8140577226877213,1765933694.0048375,47711542.0,307.0,1e-05,4150.660383231,0.6863712072372437,306,
0.6602357984994641,0.3954210579395294,0.8050842136144638,1765933707.066856,47867963.0,308.0,1e-05,4163.722394127,0.7457393407821655,307,
0.662379421221865,0.6817460060119629,0.8080888241529465,1765933719.3693252,48027087.0,309.0,1e-05,4176.024906774,0.719161868095398,308,
0.6645230439442658,0.4048345685005188,0.796330913901329,1765933732.4269552,48181216.0,310.0,1e-05,4189.08252618,0.7629446983337402,309,
0.6666666666666666,0.4586895704269409,0.7936654835939407,1765933746.438146,48346653.0,311.0,1e-05,4203.093683066,0.783624529838562,310,
0.6688102893890675,0.39334404468536377,0.7951870858669281,1765933758.845618,48515202.0,312.0,1e-05,4215.501096539,0.7779375314712524,311,
0.6709539121114684,0.3796870708465576,0.8024550527334213,1765933772.6598046,48681596.0,313.0,1e-05,4229.315378333,0.7500874996185303,312,
0.6730975348338692,0.3489344120025635,0.8190799057483673,1765933785.5655892,48830511.0,314.0,1e-05,4242.221141954,0.6794384121894836,313,
0.6752411575562701,0.46564391255378723,0.799630418419838,1765933799.238642,48979750.0,315.0,1e-05,4255.894152932,0.7583755254745483,314,
0.677384780278671,0.34946081042289734,0.807808592915535,1765933812.712256,49140486.0,316.0,1e-05,4269.367751789,0.7279789447784424,315,
0.6795284030010718,0.5309755802154541,0.8071884959936142,1765933826.8614726,49297672.0,317.0,1e-05,4283.517093378,0.729195237159729,316,
0.6816720257234726,0.38762232661247253,0.806838646531105,1765933838.4842787,49448662.0,318.0,1e-05,4295.139816359,0.7268669605255127,317,
0.6838156484458735,0.39891713857650757,0.8065162599086761,1765933851.3729944,49615721.0,319.0,1e-05,4308.028580217,0.732151210308075,318,
0.6859592711682744,0.44667714834213257,0.8116423636674881,1765933863.2692878,49770136.0,320.0,1e-05,4319.924822092,0.7002127170562744,319,
0.6881028938906752,0.48489412665367126,0.8029808104038239,1765933876.6051152,49932945.0,321.0,1e-05,4333.260612463,0.7446388006210327,320,
0.6902465166130761,0.41063064336776733,0.8128780424594879,1765933889.0118828,50079045.0,322.0,1e-05,4345.667402261,0.7037335634231567,321,
0.692390139335477,0.2968509793281555,0.8007646650075912,1765933903.6201968,50243726.0,323.0,1e-05,4360.27575878,0.7452929019927979,322,
0.6945337620578779,0.3540351688861847,0.8085928708314896,1765933918.8486593,50404071.0,324.0,1e-05,4375.504173651,0.7262279987335205,323,
0.6966773847802786,0.4084058701992035,0.8014322817325592,1765933931.2296588,50557944.0,325.0,1e-05,4387.885204292,0.7495049238204956,324,
0.6988210075026795,0.5135801434516907,0.8025954961776733,1765933946.049536,50723566.0,326.0,1e-05,4402.705160465,0.7484723329544067,325,
0.7009646302250804,0.2760899066925049,0.8208879083395004,1765933957.4852765,50868735.0,327.0,1e-05,4414.14083858,0.6690607070922852,326,
0.7031082529474812,0.29770949482917786,0.802209198474884,1765933969.6902115,51027679.0,328.0,1e-05,4426.345801412,0.7448076009750366,327,
0.7052518756698821,0.37700730562210083,0.7957490682601929,1765933985.1659825,51188474.0,329.0,1e-05,4441.821575488,0.7692573070526123,328,
0.707395498392283,0.4664197266101837,0.8116723001003265,1765933996.864715,51334182.0,330.0,1e-05,4453.520204562,0.6998523473739624,329,
0.7095391211146839,0.298805832862854,0.8036585748195648,1765934009.7939417,51499899.0,331.0,1e-05,4466.449579455,0.7389722466468811,330,
0.7116827438370846,0.3606037199497223,0.8128411918878555,1765934021.1528893,51645111.0,332.0,1e-05,4477.808460386,0.7049707770347595,331,
0.7138263665594855,0.28220412135124207,0.8122688233852386,1765934032.6812527,51795720.0,333.0,1e-05,4489.336766754,0.6970536708831787,332,
0.7159699892818864,0.4165169894695282,0.8195553123950958,1765934044.4242973,51934189.0,334.0,1e-05,4501.079868827,0.6666635870933533,333,
0.7181136120042872,0.4054994583129883,0.8027661293745041,1765934057.4078417,52086111.0,335.0,1e-05,4514.063421496,0.7539956569671631,334,
0.7202572347266881,0.5008257031440735,0.8053938299417496,1765934068.6326501,52241632.0,336.0,1e-05,4525.288138934,0.7322313785552979,335,
0.722400857449089,0.4197705388069153,0.8045813292264938,1765934083.4492953,52403245.0,337.0,1e-05,4540.104882366,0.7323640584945679,336,
0.7245444801714899,0.459283709526062,0.7988533079624176,1765934096.7760015,52567275.0,338.0,1e-05,4553.431601355,0.7638047337532043,337,
0.7266881028938906,0.3452683389186859,0.802318885922432,1765934110.5343153,52733506.0,339.0,1e-05,4567.189791084,0.7468189597129822,338,
0.7288317256162915,0.4559195637702942,0.8050591349601746,1765934123.6563601,52884795.0,340.0,1e-05,4580.311856281,0.7348238229751587,339,
0.7309753483386924,0.49179407954216003,0.8041529059410095,1765934136.03969,53039775.0,341.0,1e-05,4592.695189353,0.7323259115219116,340,
0.7331189710610932,0.4891931414604187,0.7993088662624359,1765934150.1864512,53204226.0,342.0,1e-05,4606.841944961,0.7534248232841492,341,
0.7352625937834941,0.3944413661956787,0.8091596066951752,1765934161.048296,53357002.0,343.0,1e-05,4617.703781352,0.7138035297393799,342,
0.737406216505895,0.3417380452156067,0.8051337152719498,1765934172.7382686,53512592.0,344.0,1e-05,4629.393754761,0.7312636375427246,343,
0.7395498392282959,0.37081924080848694,0.7947130650281906,1765934186.4243557,53675222.0,345.0,1e-05,4643.07983816,0.7817206382751465,344,
0.7416934619506966,0.4266461431980133,0.7880572378635406,1765934202.3656542,53837794.0,346.0,1e-05,4659.021124568,0.7945778965950012,345,
0.7438370846730975,0.3832404911518097,0.8049650192260742,1765934216.1659887,53990810.0,347.0,1e-05,4672.821470726,0.7378925085067749,346,
0.7459807073954984,0.42416155338287354,0.8098734766244888,1765934229.082366,54142452.0,348.0,1e-05,4685.737918301,0.7174230813980103,347,
0.7481243301178992,0.4095264971256256,0.8099657148122787,1765934243.417837,54294279.0,349.0,1e-05,4700.073328254,0.7093515396118164,348,
0.7502679528403001,0.4350224435329437,0.8152509480714798,1765934254.733824,54445597.0,350.0,1e-05,4711.389471503,0.7023201584815979,349,
0.752411575562701,0.4100615978240967,0.8044174909591675,1765934268.531706,54603343.0,351.0,1e-05,4725.187206992,0.746234118938446,350,
0.7545551982851019,0.5786141157150269,0.8153291195631027,1765934281.7497532,54759468.0,352.0,1e-05,4738.405252933,0.6944566369056702,351,
0.7566988210075026,0.5618324875831604,0.8073041439056396,1765934295.414242,54913059.0,353.0,1e-05,4752.069820023,0.7159237265586853,352,
0.7588424437299035,0.5135902762413025,0.805022194981575,1765934309.3700979,55070490.0,354.0,1e-05,4766.025597349,0.7287807464599609,353,
0.7609860664523044,0.5512751936912537,0.7999078780412674,1765934323.6077738,55234816.0,355.0,1e-05,4780.263283561,0.7575082778930664,354,
0.7631296891747053,0.5522080063819885,0.8033022433519363,1765934334.4633498,55387388.0,356.0,1e-05,4791.118837749,0.7376255989074707,355,
0.7652733118971061,0.5252383351325989,0.814145028591156,1765934347.4799833,55538411.0,357.0,1e-05,4804.135470705,0.7040730714797974,356,
0.767416934619507,0.5475794672966003,0.8081828951835632,1765934360.21109,55688433.0,358.0,1e-05,4816.866657233,0.7203865051269531,357,
0.7695605573419079,0.4018499255180359,0.8071961998939514,1765934371.5991843,55839265.0,359.0,1e-05,4828.254688935,0.7215135097503662,358,
0.7717041800643086,0.4993240535259247,0.818544551730156,1765934384.186548,55990505.0,360.0,1e-05,4840.842052136,0.6837702989578247,359,
0.7738478027867095,0.442262202501297,0.800444483757019,1765934397.6737168,56160090.0,361.0,1e-05,4854.32939324,0.7566457986831665,360,
0.7759914255091104,0.6343826651573181,0.8097008317708969,1765934408.6833408,56315482.0,362.0,1e-05,4865.338891858,0.7191625237464905,361,
0.7781350482315113,0.34947100281715393,0.7980843484401703,1765934422.2666047,56478778.0,363.0,1e-05,4878.922215185,0.7620025873184204,362,
0.7802786709539121,0.5594605803489685,0.8004275560379028,1765934437.2455308,56640621.0,364.0,1e-05,4893.901114239,0.743573009967804,363,
0.782422293676313,0.5947367548942566,0.804200753569603,1765934452.2747376,56808271.0,365.0,1e-05,4908.930321227,0.7432407736778259,364,
0.7845659163987139,0.5250880718231201,0.8047146946191788,1765934464.6823123,56962569.0,366.0,1e-05,4921.337807129,0.7344593405723572,365,
0.7867095391211146,0.38702312111854553,0.805306151509285,1765934475.7649698,57113382.0,367.0,1e-05,4932.420528424,0.7246984839439392,366,
0.7888531618435155,0.47183260321617126,0.7958976030349731,1765934489.6128488,57283115.0,368.0,1e-05,4946.268349212,0.7619179487228394,367,
0.7909967845659164,0.39437294006347656,0.8093947172164917,1765934502.9087336,57431980.0,369.0,1e-05,4959.56418695,0.7065513134002686,368,
0.7931404072883173,0.525967538356781,0.8040758520364761,1765934516.872134,57593151.0,370.0,1e-05,4973.527799887,0.7386159896850586,369,
0.7952840300107181,0.571569561958313,0.8025646805763245,1765934533.318468,57769554.0,371.0,1e-05,4989.9739669,0.7473527789115906,370,
0.797427652733119,0.4517611861228943,0.8097701370716095,1765934546.906742,57930187.0,372.0,1e-05,5003.56233164,0.72551429271698,371,
0.7995712754555199,0.5119468569755554,0.8092188984155655,1765934561.5514195,58089895.0,373.0,1e-05,5018.206930201,0.7195037603378296,372,
0.8017148981779206,0.3341823220252991,0.8138945996761322,1765934572.0616512,58237921.0,374.0,1e-05,5028.717163256,0.6986116170883179,373,
0.8038585209003215,0.3727886974811554,0.81185083091259,1765934583.7945266,58386574.0,375.0,1e-05,5040.450035915,0.7064849734306335,374,
0.8060021436227224,0.33320435881614685,0.8140508979558945,1765934595.1576436,58531794.0,376.0,1e-05,5051.813135562,0.6999965906143188,375,
0.8081457663451233,0.48162132501602173,0.8094975054264069,1765934606.5568254,58679304.0,377.0,1e-05,5063.212531951,0.7138069868087769,376,
0.8102893890675241,0.5656524896621704,0.8016797751188278,1765934619.4402804,58827963.0,378.0,1e-05,5076.095755564,0.7487331032752991,377,
0.812433011789925,0.5419843792915344,0.8160661160945892,1765934630.6473746,58968065.0,379.0,1e-05,5087.302963509,0.7031880617141724,378,
0.8145766345123259,0.459023654460907,0.8094927966594696,1765934642.7468297,59119596.0,380.0,1e-05,5099.402337047,0.7242709398269653,379,
0.8167202572347267,0.36468273401260376,0.8119069933891296,1765934656.3410406,59282269.0,381.0,1e-05,5112.996509326,0.7034761309623718,380,
0.8188638799571275,0.33400318026542664,0.8085964024066925,1765934672.5052454,59449069.0,382.0,1e-05,5129.160746025,0.7253844738006592,381,
0.8210075026795284,0.5312891006469727,0.8054787665605545,1765934684.6469097,59602942.0,383.0,1e-05,5141.302467296,0.726776123046875,382,
0.8231511254019293,0.48886290192604065,0.8041096478700638,1765934696.9551592,59763486.0,384.0,1e-05,5153.611669974,0.7361907958984375,383,
0.8252947481243301,0.3199984133243561,0.8112241327762604,1765934709.2648573,59914007.0,385.0,1e-05,5165.92038329,0.7109095454216003,384,
0.827438370846731,0.36777135729789734,0.8170778751373291,1765934719.89171,60056933.0,386.0,1e-05,5176.547292113,0.6770577430725098,385,
0.8295819935691319,0.41394487023353577,0.8052761107683182,1765934732.4772596,60219888.0,387.0,1e-05,5189.1327797,0.7321007251739502,386,
0.8317256162915327,0.33631956577301025,0.8079017251729965,1765934747.2121453,60373832.0,388.0,1e-05,5203.867706228,0.7194966077804565,387,
0.8338692390139335,0.31351229548454285,0.8125346004962921,1765934758.7066224,60526958.0,389.0,1e-05,5215.362207113,0.7089889645576477,388,
0.8360128617363344,0.3600804805755615,0.8123706728219986,1765934770.1677172,60680957.0,390.0,1e-05,5226.823187227,0.7050336003303528,389,
0.8381564844587353,0.2849466800689697,0.8030609786510468,1765934784.517224,60844353.0,391.0,1e-05,5241.172720749,0.7337422370910645,390,
0.8403001071811361,0.5040260553359985,0.8182434737682343,1765934794.3422225,60988093.0,392.0,1e-05,5250.997828887,0.6836749315261841,391,
0.842443729903537,0.3306118845939636,0.8083814531564713,1765934805.63481,61139257.0,393.0,1e-05,5262.29041893,0.7162083387374878,392,
0.8445873526259379,0.5622658133506775,0.8044929653406143,1765934819.2875915,61294373.0,394.0,1e-05,5275.943107727,0.7348885536193848,393,
0.8467309753483387,0.39966413378715515,0.7942685633897781,1765934832.652108,61460962.0,395.0,1e-05,5289.307696161,0.7725127339363098,394,
0.8488745980707395,0.3063112199306488,0.8211474865674973,1765934846.5123644,61610443.0,396.0,1e-05,5303.167907125,0.6673510074615479,395,
0.8510182207931404,0.7811307907104492,0.8117536306381226,1765934859.372186,61767622.0,397.0,1e-05,5316.027758273,0.7121179699897766,396,
0.8531618435155413,0.31555846333503723,0.8062728345394135,1765934869.859071,61927294.0,398.0,1e-05,5326.51465635,0.7309228181838989,397,
0.8553054662379421,0.3768351376056671,0.8090995848178864,1765934881.9602373,62087657.0,399.0,1e-05,5338.615730838,0.7247763872146606,398,
0.857449088960343,0.33051228523254395,0.8032376617193222,1765934895.385654,62242685.0,400.0,1e-05,5352.041150355,0.7458622455596924,399,
0.8595927116827439,0.27740997076034546,0.815035954117775,1765934990.8512318,62393085.0,401.0,1e-05,5447.506865249,0.692107081413269,400,
0.8617363344051447,0.462913453578949,0.816934660077095,1765935001.1042905,62538285.0,402.0,1e-05,5457.759895731,0.6884480118751526,401,
0.8638799571275455,0.3856409192085266,0.8025978654623032,1765935014.523174,62701391.0,403.0,1e-05,5471.178689868,0.7509923577308655,402,
0.8660235798499464,0.3540099859237671,0.8030277639627457,1765935027.9731095,62848535.0,404.0,1e-05,5484.628682814,0.7405194640159607,403,
0.8681672025723473,0.4047272503376007,0.8095307946205139,1765935040.7634058,63001586.0,405.0,1e-05,5497.418925965,0.7095855474472046,404,
0.8703108252947481,0.43874382972717285,0.8056896030902863,1765935053.4681144,63162806.0,406.0,1e-05,5510.123608935,0.7321215867996216,405,
0.872454448017149,0.42231321334838867,0.8053618371486664,1765935064.7704747,63324619.0,407.0,1e-05,5521.425962025,0.7282207608222961,406,
0.8745980707395499,0.36551806330680847,0.8033859580755234,1765935076.515992,63484446.0,408.0,1e-05,5533.171475041,0.7445988655090332,407,
0.8767416934619507,0.3617737889289856,0.7957735806703568,1765935091.1512434,63657343.0,409.0,1e-05,5547.80671854,0.7635497450828552,408,
0.8788853161843515,0.34114301204681396,0.7948749363422394,1765935105.8973799,63815011.0,410.0,1e-05,5562.552854689,0.7811801433563232,409,
0.8810289389067524,0.36654484272003174,0.8110360950231552,1765935119.190947,63974464.0,411.0,1e-05,5575.846427576,0.7069401741027832,410,
0.8831725616291533,0.34844133257865906,0.8098451048135757,1765935133.0400815,64130517.0,412.0,1e-05,5589.695546461,0.7239797115325928,411,
0.8853161843515541,0.4106423258781433,0.8090105652809143,1765935145.0461245,64283106.0,413.0,1e-05,5601.701601478,0.7178950309753418,412,
0.887459807073955,0.38822999596595764,0.8079549968242645,1765935156.892636,64430594.0,414.0,1e-05,5613.548134182,0.7152576446533203,413,
0.8896034297963559,0.36261293292045593,0.7975691556930542,1765935170.2408433,64603713.0,415.0,1e-05,5626.896352285,0.7662296295166016,414,
0.8917470525187567,0.3704816401004791,0.8020374327898026,1765935183.4926693,64760293.0,416.0,1e-05,5640.148291966,0.7402464151382446,415,
0.8938906752411575,0.32963889837265015,0.8052271604537964,1765935195.1772773,64923933.0,417.0,1e-05,5651.832771636,0.7313730716705322,416,
0.8960342979635584,0.49242833256721497,0.8001216650009155,1765935209.965246,65087097.0,418.0,1e-05,5666.620866919,0.753174901008606,417,
0.8981779206859593,0.2849011719226837,0.8122159242630005,1765935222.676705,65242953.0,419.0,1e-05,5679.332339404,0.7112669944763184,418,
0.9003215434083601,0.4539329409599304,0.8046100288629532,1765935238.2392874,65403795.0,420.0,1e-05,5694.894901562,0.7321068644523621,419,
0.902465166130761,0.3856928050518036,0.8016464561223984,1765935251.5813143,65567087.0,421.0,1e-05,5708.236799095,0.7574815154075623,420,
0.9046087888531619,0.5289018154144287,0.810552790760994,1765935264.9144201,65727717.0,422.0,1e-05,5721.57001777,0.7075338363647461,421,
0.9067524115755627,0.36060914397239685,0.8001765459775925,1765935277.7553816,65883913.0,423.0,1e-05,5734.410918031,0.7502301931381226,422,
0.9088960342979635,0.4300593435764313,0.8220017105340958,1765935290.2247932,66040928.0,424.0,1e-05,5746.880323962,0.6608376502990723,423,
0.9110396570203644,0.4613828659057617,0.8158379197120667,1765935299.6746764,66182158.0,425.0,1e-05,5756.330229482,0.6785035133361816,424,
0.9131832797427653,0.5104517340660095,0.8045569360256195,1765935312.206966,66333993.0,426.0,1e-05,5768.862511091,0.7262229323387146,425,
0.9153269024651661,0.4559713900089264,0.7971320152282715,1765935326.3807864,66494673.0,427.0,1e-05,5783.036308002,0.7657013535499573,426,
0.917470525187567,0.3116952180862427,0.7968015968799591,1765935340.791332,66655725.0,428.0,1e-05,5797.44680458,0.7640584707260132,427,
0.9196141479099679,0.35357415676116943,0.8059099614620209,1765935353.6138868,66812443.0,429.0,1e-05,5810.269393448,0.7233933210372925,428,
0.9217577706323687,0.4961259365081787,0.8033796399831772,1765935367.1556513,66967415.0,430.0,1e-05,5823.811219863,0.7393559217453003,429,
0.9239013933547695,0.3015187978744507,0.7987411469221115,1765935380.650325,67121525.0,431.0,1e-05,5837.305816885,0.7572691440582275,430,
0.9260450160771704,0.3463534414768219,0.8040297329425812,1765935393.8013382,67280398.0,432.0,1e-05,5850.45683321,0.7355858087539673,431,
0.9281886387995713,0.39157217741012573,0.8046070784330368,1765935406.6816595,67430621.0,433.0,1e-05,5863.337154567,0.7339382171630859,432,
0.9303322615219721,0.32915186882019043,0.8151493668556213,1765935419.6162174,67586335.0,434.0,1e-05,5876.27170469,0.6956591606140137,433,
0.932475884244373,0.2747778296470642,0.8086099028587341,1765935431.5372906,67746263.0,435.0,1e-05,5888.192882447,0.7194538712501526,434,
0.9346195069667739,0.4059740900993347,0.8075569272041321,1765935443.5120425,67898321.0,436.0,1e-05,5900.167517072,0.7210636138916016,435,
0.9367631296891747,0.43020159006118774,0.8121733069419861,1765935455.0482574,68043187.0,437.0,1e-05,5911.703760351,0.7053688168525696,436,
0.9389067524115756,0.4528028964996338,0.8067161440849304,1765935464.5820105,68188476.0,438.0,1e-05,5921.237476214,0.7226399183273315,437,
0.9410503751339764,0.4142952859401703,0.8089974820613861,1765935477.6762555,68339622.0,439.0,1e-05,5934.331755769,0.7082420587539673,438,
0.9431939978563773,0.4184681475162506,0.8117601871490479,1765935489.7659302,68495777.0,440.0,1e-05,5946.421467951,0.7037419080734253,439,
0.9453376205787781,0.4529768228530884,0.7993720322847366,1765935504.2502983,68660269.0,441.0,1e-05,5960.905773332,0.7525272369384766,440,
0.947481243301179,0.281881719827652,0.8210719525814056,1765935514.8705928,68808933.0,442.0,1e-05,5971.526087747,0.6732959747314453,441,
0.9496248660235799,0.49526408314704895,0.806545689702034,1765935528.2253106,68971728.0,443.0,1e-05,5984.880825595,0.7301962375640869,442,
0.9517684887459807,0.3453448414802551,0.803223580121994,1765935541.3075118,69132008.0,444.0,1e-05,5997.963073156,0.739172101020813,443,
0.9539121114683816,0.41573765873908997,0.8084632307291031,1765935553.2710364,69278688.0,445.0,1e-05,6009.92660189,0.7066018581390381,444,
0.9560557341907824,0.4937221109867096,0.8113670200109482,1765935568.680536,69432305.0,446.0,1e-05,6025.336119764,0.6975750923156738,445,
0.9581993569131833,0.43716925382614136,0.8017316162586212,1765935582.332438,69591761.0,447.0,1e-05,6038.988009442,0.7461997270584106,446,
0.9603429796355841,0.5311217308044434,0.8007204532623291,1765935593.4415452,69743971.0,448.0,1e-05,6050.097034875,0.7467517852783203,447,
0.962486602357985,0.3322560787200928,0.8035135418176651,1765935607.62767,69898458.0,449.0,1e-05,6064.283253608,0.7351646423339844,448,
0.9646302250803859,0.46215981245040894,0.7998857796192169,1765935622.4942117,70067672.0,450.0,1e-05,6079.149780272,0.7540410757064819,449,
0.9667738478027867,0.34889546036720276,0.8153526484966278,1765935634.1537967,70220457.0,451.0,1e-05,6090.809485308,0.6876342296600342,450,
0.9689174705251876,0.5358096361160278,0.8062929213047028,1765935646.086434,70371898.0,452.0,1e-05,6102.741970099,0.7226935029029846,451,
0.9710610932475884,0.3395618796348572,0.7954775542020798,1765935659.4350874,70531855.0,453.0,1e-05,6116.090581265,0.7662943601608276,452,
0.9732047159699893,0.7127342820167542,0.8233605772256851,1765935670.0492377,70671343.0,454.0,1e-05,6126.70471462,0.6582674980163574,453,
0.9753483386923901,0.43407267332077026,0.8127486705780029,1765935680.9005241,70824566.0,455.0,1e-05,6137.556014069,0.7087374925613403,454,
0.977491961414791,0.6074007749557495,0.8137168437242508,1765935693.6947868,70978442.0,456.0,1e-05,6150.350362648,0.702415943145752,455,
0.9796355841371919,0.505298376083374,0.8072375655174255,1765935706.2141018,71138566.0,457.0,1e-05,6162.869682721,0.7270437479019165,456,
0.9817792068595927,0.5579674243927002,0.8139794915914536,1765935718.9394915,71297085.0,458.0,1e-05,6175.595117722,0.7031646966934204,457,
0.9839228295819936,0.42626282572746277,0.8022209852933884,1765935733.5870066,71450804.0,459.0,1e-05,6190.242481848,0.7542060613632202,458,
0.9860664523043944,0.48430073261260986,0.8149833530187607,1765935745.1441257,71611452.0,460.0,1e-05,6201.799716055,0.6892902851104736,459,
0.9882100750267953,0.4556865990161896,0.8095591366291046,1765935756.0303867,71764514.0,461.0,1e-05,6212.686021607,0.7074679732322693,460,
0.9903536977491961,0.5088171362876892,0.8022099137306213,1765935769.255652,71924545.0,462.0,1e-05,6225.911098318,0.7478339672088623,461,
0.992497320471597,0.3868515193462372,0.7950545698404312,1765935782.5942163,72084518.0,463.0,1e-05,6239.249824731,0.766970157623291,462,
0.9946409431939979,0.41707465052604675,0.8109822273254395,1765935794.4322164,72247869.0,464.0,1e-05,6251.08774655,0.7064468264579773,463,
0.9967845659163987,0.3771275579929352,0.8070644587278366,1765935808.6592445,72411161.0,465.0,1e-05,6265.314863114,0.7205507755279541,464,
0.9989281886387996,0.48435768485069275,0.8145367354154587,1765935821.7280335,72572058.0,466.0,1e-05,6278.383508068,0.6991564035415649,465,
1.0,0.48435768485069275,0.8173232674598694,1765935827.6777263,72643344.0,467.0,1e-05,6284.333219023,0.6757630705833435,466,
1.0,,,1765935920.1430802,,467.0,,6376.798471535,,467,
,,,1766156524.7058587,,,,6392.107662339,,468,0.810335887538169
