train/learning_rate,_timestamp,train/grad_norm,train/num_tokens,train/global_step,train/loss,train/mean_token_accuracy,_step,_runtime,train/epoch,eval/accuracy
1e-05,1765916577.584897,0.35600221157073975,136605.0,1.0,1.670913815498352,0.6688115298748016,0,43.105348234,0.0021436227224008574,
1e-05,1765916612.0924194,0.3474505543708801,292128.0,2.0,1.6690125465393066,0.6600407361984253,1,77.612683178,0.004287245444801715,
1e-05,1765916640.7111588,0.3488936424255371,444535.0,3.0,1.6169894933700562,0.674010843038559,2,106.231402579,0.006430868167202572,
1e-05,1765916666.8321493,0.38676899671554565,592263.0,4.0,1.6747828722000122,0.6615467071533203,3,132.352375704,0.00857449088960343,
1e-05,1765916693.8069391,0.40041232109069824,737019.0,5.0,1.661846399307251,0.6668195426464081,4,159.327201749,0.010718113612004287,
1e-05,1765916724.5403118,0.40509921312332153,896813.0,6.0,1.6008286476135254,0.6734677851200104,5,190.060593014,0.012861736334405145,
1e-05,1765916759.7951207,0.40753504633903503,1062679.0,7.0,1.623075246810913,0.6663292944431305,6,225.315359074,0.015005359056806002,
1e-05,1765916789.7422707,0.46082013845443726,1212566.0,8.0,1.6637822389602661,0.6588532626628876,7,255.26250698,0.01714898177920686,
1e-05,1765916826.727112,0.43736132979393005,1373797.0,9.0,1.5639021396636963,0.676112711429596,8,292.247345865,0.01929260450160772,
1e-05,1765916859.071388,0.46002084016799927,1516877.0,10.0,1.6539928913116455,0.664038211107254,9,324.591619975,0.021436227224008574,
1e-05,1765916888.900155,0.47845685482025146,1663977.0,11.0,1.631347417831421,0.6641407012939453,10,354.420393468,0.023579849946409433,
1e-05,1765916918.0537488,0.4543871581554413,1815907.0,12.0,1.559412956237793,0.678513914346695,11,383.573971706,0.02572347266881029,
1e-05,1765916951.841233,0.45026159286499023,1971911.0,13.0,1.534182071685791,0.6809864342212677,12,417.361470076,0.027867095391211148,
1e-05,1765916984.8067439,0.4282257556915283,2135596.0,14.0,1.5328423976898193,0.6757605671882629,13,450.326935545,0.030010718113612004,
1e-05,1765917015.174743,0.42117398977279663,2285621.0,15.0,1.5382614135742188,0.6742470264434814,14,480.694988453,0.03215434083601286,
1e-05,1765917046.64643,0.39289745688438416,2441090.0,16.0,1.5052461624145508,0.6795405447483063,15,512.166671155,0.03429796355841372,
1e-05,1765917076.9746485,0.37660303711891174,2591858.0,17.0,1.4898991584777832,0.6826119422912598,16,542.494897414,0.03644158628081458,
1e-05,1765917109.337315,0.3384992182254791,2754012.0,18.0,1.45547616481781,0.6848093867301941,17,574.857557377,0.03858520900321544,
1e-05,1765917141.7846513,0.3260399401187897,2916829.0,19.0,1.44270920753479,0.6856591999530792,18,607.304898997,0.04072883172561629,
1e-05,1765917172.0025246,0.3400505483150482,3061305.0,20.0,1.5197677612304688,0.6708353757858276,19,637.522792817,0.04287245444801715,
1e-05,1765917200.6631756,0.3110319674015045,3219127.0,21.0,1.430246114730835,0.6863057315349579,20,666.183424985,0.04501607717041801,
1e-05,1765917234.8099136,0.2915216386318207,3380158.0,22.0,1.4073193073272705,0.687580943107605,21,700.330108739,0.04715969989281887,
1e-05,1765917264.0532875,0.2825676500797272,3539898.0,23.0,1.397015929222107,0.6902318000793457,22,729.573536869,0.04930332261521972,
1e-05,1765917285.697746,0.2889157831668854,3689574.0,24.0,1.4074604511260986,0.6878975927829742,23,751.217986734,0.05144694533762058,
1e-05,1765917322.35058,0.25318005681037903,3855970.0,25.0,1.378560185432434,0.6893283724784851,24,787.870835333,0.05359056806002144,
1e-05,1765917351.7458344,0.24444657564163208,4018658.0,26.0,1.3318984508514404,0.7022980153560638,25,817.266101918,0.055734190782422297,
1e-05,1765917384.8314192,0.25075864791870117,4171160.0,27.0,1.4213318824768066,0.6811980903148651,26,850.351618015,0.05787781350482315,
1e-05,1765917407.8399227,0.259699285030365,4314298.0,28.0,1.3518998622894287,0.6976426541805267,27,873.360168809,0.06002143622722401,
1e-05,1765917435.2113042,0.238473042845726,4468546.0,29.0,1.3277177810668945,0.70048788189888,28,900.731520596,0.06216505894962487,
1e-05,1765917469.527443,0.22502391040325165,4635984.0,30.0,1.3245147466659546,0.6979118585586548,29,935.047700494,0.06430868167202572,
1e-05,1765917494.735148,0.23350472748279572,4790352.0,31.0,1.290548324584961,0.7079589068889618,30,960.255404476,0.06645230439442658,
1e-05,1765917525.7450397,0.21235688030719757,4956096.0,32.0,1.2939316034317017,0.7032370269298553,31,991.265298626,0.06859592711682744,
1e-05,1765917550.1348746,0.22708427906036377,5107640.0,33.0,1.2721796035766602,0.708446741104126,32,1015.655146724,0.0707395498392283,
1e-05,1765917581.1059918,0.2132570743560791,5265237.0,34.0,1.2476307153701782,0.7116789817810059,33,1046.626265334,0.07288317256162916,
1e-05,1765917611.0200644,0.21257451176643372,5419378.0,35.0,1.238959550857544,0.7136768102645874,34,1076.540326744,0.07502679528403002,
1e-05,1765917637.9688106,0.20169545710086823,5576075.0,36.0,1.23735511302948,0.7125294208526611,35,1103.489066005,0.07717041800643087,
1e-05,1765917662.0524282,0.2140968143939972,5720029.0,37.0,1.2631208896636963,0.70924311876297,36,1127.572687758,0.07931404072883172,
1e-05,1765917694.8255978,0.1838066726922989,5884915.0,38.0,1.2053964138031006,0.7174241840839386,37,1160.345802436,0.08145766345123258,
1e-05,1765917725.8665967,0.20190788805484772,6032758.0,39.0,1.2329599857330322,0.7120599746704102,38,1191.386825397,0.08360128617363344,
1e-05,1765917754.4235654,0.19084367156028748,6187550.0,40.0,1.2117278575897217,0.7153088450431824,39,1219.943818713,0.0857449088960343,
1e-05,1765917788.83493,0.17534315586090088,6355408.0,41.0,1.1842628717422485,0.7179670929908752,40,1254.355218266,0.08788853161843516,
1e-05,1765917819.8370383,0.1814374029636383,6519771.0,42.0,1.1780409812927246,0.7200911045074463,41,1285.357285364,0.09003215434083602,
1e-05,1765917846.97081,0.19736282527446747,6672296.0,43.0,1.157657504081726,0.7260023057460785,42,1312.491068077,0.09217577706323687,
1e-05,1765917884.5165777,0.18878838419914246,6843136.0,44.0,1.1558274030685425,0.7224972248077393,43,1350.036810177,0.09431939978563773,
1e-05,1765917921.3307457,0.2204907089471817,6993296.0,45.0,1.1613539457321167,0.7202451825141907,44,1386.850991258,0.09646302250803858,
1e-05,1765917954.3162558,0.22949446737766266,7142356.0,46.0,1.1057947874069214,0.7374499142169952,45,1419.836490293,0.09860664523043944,
1e-05,1765917980.381748,0.231490358710289,7294167.0,47.0,1.0848407745361328,0.7416339218616486,46,1445.902014252,0.1007502679528403,
1e-05,1765918018.0450625,0.20323513448238373,7470762.0,48.0,1.116671085357666,0.7309622764587402,47,1483.565332891,0.10289389067524116,
1e-05,1765918054.5430992,0.23219451308250427,7629052.0,49.0,1.048816442489624,0.7485285699367523,48,1520.063350937,0.10503751339764202,
1e-05,1765918077.7712176,0.24454514682292938,7779609.0,50.0,1.0236599445343018,0.7546666264533997,49,1543.291480828,0.10718113612004287,
1e-05,1765918110.0694926,0.24392695724964142,7927458.0,51.0,1.0356192588806152,0.7495749294757843,50,1575.589719559,0.10932475884244373,
1e-05,1765918136.112621,0.24248391389846802,8078023.0,52.0,0.9992064237594604,0.7598314881324768,51,1601.632877295,0.11146838156484459,
1e-05,1765918163.4891334,0.23147974908351898,8230483.0,53.0,0.9864578247070312,0.762164980173111,52,1629.009398671,0.11361200428724544,
1e-05,1765918191.570821,0.23653355240821838,8375984.0,54.0,0.9581665992736816,0.7702580690383911,53,1657.091060763,0.1157556270096463,
1e-05,1765918224.2898326,0.19622887670993805,8547262.0,55.0,1.0057708024978638,0.7563439011573792,54,1689.810093285,0.11789924973204716,
1e-05,1765918255.9306695,0.21066370606422424,8704936.0,56.0,0.9840047955513,0.764537513256073,55,1721.450913799,0.12004287245444802,
1e-05,1765918287.9332488,0.1857701539993286,8867795.0,57.0,0.9325520396232605,0.7765079438686371,56,1753.45351786,0.12218649517684887,
1e-05,1765918314.431318,0.16777271032333374,9019339.0,58.0,0.9421876668930054,0.7752739489078522,57,1779.951573274,0.12433011789924973,
1e-05,1765918347.5448008,0.13159899413585663,9189045.0,59.0,0.9308606386184692,0.777519166469574,58,1813.06506366,0.1264737406216506,
1e-05,1765918375.5374901,0.12802456319332123,9353955.0,60.0,0.912310779094696,0.780455470085144,59,1841.057717447,0.12861736334405144,
1e-05,1765918409.455309,0.13678988814353943,9504744.0,61.0,0.8775673508644104,0.7932364344596863,60,1874.975558994,0.1307609860664523,
1e-05,1765918441.5031936,0.13013796508312225,9662901.0,62.0,0.9488855004310608,0.7701299786567688,61,1907.023448271,0.13290460878885316,
1e-05,1765918467.7933354,0.13103167712688446,9809122.0,63.0,0.8512188196182251,0.7962314784526825,62,1933.313561859,0.13504823151125403,
1e-05,1765918502.7396665,0.11829301714897156,9968473.0,64.0,0.8832069635391235,0.7873390316963196,63,1968.259943133,0.13719185423365488,
1e-05,1765918536.7848902,0.125282883644104,10119334.0,65.0,0.9112505316734314,0.7809991538524628,64,2002.30513346,0.13933547695605572,
1e-05,1765918558.5339475,0.1361463963985443,10259437.0,66.0,0.8706785440444946,0.7906450033187866,65,2024.054202243,0.1414790996784566,
1e-05,1765918596.0390182,0.12176167219877243,10416011.0,67.0,0.9058898687362671,0.7794409096240997,66,2061.559267571,0.14362272240085744,
1e-05,1765918622.404895,0.129456028342247,10566185.0,68.0,0.8928338289260864,0.7812897861003876,67,2087.925170492,0.1457663451232583,
1e-05,1765918649.1102521,0.13696296513080597,10715715.0,69.0,0.8584986925125122,0.7900041043758392,68,2114.630525223,0.14790996784565916,
1e-05,1765918683.9505084,0.13142980635166168,10880059.0,70.0,0.8581444621086121,0.7858931124210358,69,2149.470778212,0.15005359056806003,
1e-05,1765918709.1489954,0.12831421196460724,11036249.0,71.0,0.8485579490661621,0.7884378433227539,70,2174.669237462,0.15219721329046088,
1e-05,1765918739.1102862,0.12861475348472595,11186751.0,72.0,0.8641027212142944,0.785539448261261,71,2204.630523886,0.15434083601286175,
1e-05,1765918771.4015892,0.11256501078605652,11356082.0,73.0,0.8694918155670166,0.7812708020210266,72,2236.921848823,0.1564844587352626,
1e-05,1765918800.642731,0.12191901355981827,11514483.0,74.0,0.8568928241729736,0.7865800261497498,73,2266.162993646,0.15862808145766344,
1e-05,1765918827.4584394,0.12101119756698608,11663606.0,75.0,0.842620849609375,0.7874081432819366,74,2292.978675926,0.1607717041800643,
1e-05,1765918860.623709,0.09924548119306564,11816781.0,76.0,0.8453522324562073,0.7878538370132446,75,2326.143951862,0.16291532690246516,
1e-05,1765918887.9918442,0.09317886829376221,11978438.0,77.0,0.8493039608001709,0.7864111959934235,76,2353.51208096,0.16505894962486603,
1e-05,1765918915.145039,0.09299027919769287,12137976.0,78.0,0.8176497220993042,0.7930544912815094,77,2380.665258861,0.16720257234726688,
1e-05,1765918944.7378154,0.08940111845731735,12295505.0,79.0,0.8430924415588379,0.7907907664775848,78,2410.25807011,0.16934619506966775,
1e-05,1765918974.70617,0.08835357427597046,12452019.0,80.0,0.8524138331413269,0.7843402326107025,79,2440.226435193,0.1714898177920686,
1e-05,1765919008.5865824,0.08706912398338318,12611435.0,81.0,0.8574352264404297,0.7829132676124573,80,2474.10682561,0.17363344051446947,
1e-05,1765919042.5624018,0.08557647466659546,12770621.0,82.0,0.7923094630241394,0.7995313704013824,81,2508.082664141,0.1757770632368703,
1e-05,1765919067.7024348,0.08733021467924118,12917873.0,83.0,0.8274326324462891,0.7913058698177338,82,2533.222694126,0.17792068595927116,
1e-05,1765919091.0855513,0.09008093178272247,13056173.0,84.0,0.8111317157745361,0.7961371839046478,83,2556.605808658,0.18006430868167203,
1e-05,1765919119.5363622,0.07650312781333923,13211326.0,85.0,0.8574771881103516,0.7811038792133331,84,2585.056618127,0.18220793140407288,
1e-05,1765919146.0731952,0.0734846368432045,13369675.0,86.0,0.8388320207595825,0.7867038547992706,85,2611.593438809,0.18435155412647375,
1e-05,1765919178.3949149,0.07787125557661057,13509971.0,87.0,0.7994132041931152,0.7946219742298126,86,2643.915184133,0.1864951768488746,
1e-05,1765919210.4653516,0.07057695835828781,13673080.0,88.0,0.8235695362091064,0.7901401817798615,87,2675.985620608,0.18863879957127547,
1e-05,1765919242.9270692,0.06848376989364624,13838935.0,89.0,0.859250545501709,0.7795880138874054,88,2708.447321062,0.1907824222936763,
1e-05,1765919279.6762245,0.06911583244800568,14002150.0,90.0,0.8404171466827393,0.7830831408500671,89,2745.196454816,0.19292604501607716,
1e-05,1765919311.3318968,0.07188361138105392,14156247.0,91.0,0.8141863346099854,0.7927556037902832,90,2776.852146874,0.19506966773847803,
1e-05,1765919342.9400287,0.06876399368047714,14323035.0,92.0,0.8099148273468018,0.791615217924118,91,2808.460266884,0.19721329046087888,
1e-05,1765919377.1032827,0.07002248615026474,14490759.0,93.0,0.8470391035079956,0.7844747006893158,92,2842.623527983,0.19935691318327975,
1e-05,1765919405.3739452,0.07390133291482925,14642384.0,94.0,0.8065106868743896,0.7928608655929565,93,2870.894170001,0.2015005359056806,
1e-05,1765919432.4095836,0.07957732677459717,14786158.0,95.0,0.8005910515785217,0.7946657538414001,94,2897.929835978,0.20364415862808147,
1e-05,1765919457.963012,0.34413886070251465,14929253.0,96.0,0.7877895832061768,0.7968826293945312,95,2923.48323897,0.2057877813504823,
1e-05,1765919492.192843,0.15823125839233398,15078062.0,97.0,0.7460709810256958,0.8059704303741455,96,2957.713076661,0.20793140407288319,
1e-05,1765919524.5179195,0.08247824758291245,15227850.0,98.0,0.8262313604354858,0.7871213853359222,97,2990.038193051,0.21007502679528403,
1e-05,1765919560.0717165,0.07135497033596039,15385692.0,99.0,0.7958664298057556,0.7943694293498993,98,3025.591959398,0.21221864951768488,
1e-05,1765919593.8788013,0.4633755385875702,15540223.0,100.0,0.7664816975593567,0.8032211065292358,99,3059.399042493,0.21436227224008575,
1e-05,1765919632.3254023,0.08020235598087311,15695591.0,101.0,0.7569709420204163,0.8044050931930542,100,3097.84565607,0.2165058949624866,
1e-05,1765919662.2043056,0.06773824244737625,15855000.0,102.0,0.7906357049942017,0.7963753640651703,101,3127.724556434,0.21864951768488747,
1e-05,1765919690.5474176,0.06079431250691414,16010570.0,103.0,0.8106420040130615,0.7903805077075958,102,3156.067667416,0.2207931404072883,
1e-05,1765919720.8817432,0.06028108298778534,16175156.0,104.0,0.7894209623336792,0.7950589060783386,103,3186.402030293,0.22293676312968919,
1e-05,1765919757.7968552,0.054600585252046585,16345184.0,105.0,0.7999456524848938,0.7944469451904297,104,3223.317113323,0.22508038585209003,
1e-05,1765919789.180318,0.060400620102882385,16496673.0,106.0,0.7981511354446411,0.7953996658325195,105,3254.700577856,0.22722400857449088,
1e-05,1765919821.477528,0.06089415028691292,16650964.0,107.0,0.8059836626052856,0.7936645746231079,106,3286.997791919,0.22936763129689175,
1e-05,1765919857.1284182,0.06025738641619682,16806131.0,108.0,0.8116358518600464,0.7900235652923584,107,3322.64866127,0.2315112540192926,
1e-05,1765919887.7219777,0.062489140778779984,16971757.0,109.0,0.8159584999084473,0.7918640375137329,108,3353.242255911,0.23365487674169347,
1e-05,1765919922.780689,0.06622545421123505,17125261.0,110.0,0.7722004652023315,0.800254225730896,109,3388.300945881,0.2357984994640943,
1e-05,1765919954.1413622,0.06508186459541321,17285808.0,111.0,0.7681682109832764,0.8005917370319366,110,3419.661635977,0.2379421221864952,
1e-05,1765919991.1682432,0.06577447056770325,17436207.0,112.0,0.7559790015220642,0.8046012222766876,111,3456.688503801,0.24008574490889603,
1e-05,1765920023.722811,0.05620238184928894,17609651.0,113.0,0.7858359217643738,0.7943248152732849,112,3489.243072485,0.2422293676312969,
1e-05,1765920057.0073583,0.06020151823759079,17764531.0,114.0,0.7819502949714661,0.7974247634410858,113,3522.52758344,0.24437299035369775,
1e-05,1765920088.9506278,0.055020153522491455,17923936.0,115.0,0.7342469096183777,0.8097849786281586,114,3554.470857098,0.2465166130760986,
1e-05,1765920123.1089854,0.053205378353595734,18080869.0,116.0,0.7500371932983398,0.8050413131713867,115,3588.629251948,0.24866023579849947,
1e-05,1765920153.7943294,0.0499701052904129,18244414.0,117.0,0.7905839681625366,0.7949520945549011,116,3619.314578649,0.2508038585209003,
1e-05,1765920186.5728645,0.05139024183154106,18401734.0,118.0,0.7954714298248291,0.7931638956069946,117,3652.093138499,0.2529474812433012,
1e-05,1765920218.8906548,0.05314827337861061,18555213.0,119.0,0.7510964870452881,0.802819699048996,118,3684.410926796,0.25509110396570206,
1e-05,1765920256.1409464,0.0507611408829689,18729596.0,120.0,0.8419871926307678,0.779749721288681,119,3721.661179916,0.2572347266881029,
1e-05,1765920280.4561887,0.058678943663835526,18874599.0,121.0,0.7582312822341919,0.8004032075405121,120,3745.976440455,0.25937834941050375,
1e-05,1765920312.5104203,0.05090632289648056,19043580.0,122.0,0.7764310836791992,0.7955893874168396,121,3778.030694069,0.2615219721329046,
1e-05,1765920338.9986231,0.05844076722860336,19188254.0,123.0,0.7684800624847412,0.7995549440383911,122,3804.518885903,0.26366559485530544,
1e-05,1765920366.8934853,0.05198908969759941,19336517.0,124.0,0.739296555519104,0.804905116558075,123,3832.413701475,0.2658092175777063,
1e-05,1765920396.203375,0.04801763966679573,19494094.0,125.0,0.7539435625076294,0.8028928935527802,124,3861.72361992,0.2679528403001072,
1e-05,1765920424.9398935,0.050280965864658356,19648425.0,126.0,0.7688146829605103,0.7994720935821533,125,3890.460096051,0.27009646302250806,
1e-05,1765920455.0964882,0.050816066563129425,19798344.0,127.0,0.770560622215271,0.7978193759918213,126,3920.616715879,0.2722400857449089,
1e-05,1765920481.9738772,0.04699372500181198,19955841.0,128.0,0.7630560398101807,0.7998777627944946,127,3947.494155921,0.27438370846730975,
1e-05,1765920509.7447712,0.052298132330179214,20107598.0,129.0,0.7495184540748596,0.8039008378982544,128,3975.26504083,0.2765273311897106,
1e-05,1765920534.83281,0.04902162030339241,20258362.0,130.0,0.7457230091094971,0.8051672577857971,129,4000.353048168,0.27867095391211144,
1e-05,1765920567.3300676,0.05011657997965813,20412165.0,131.0,0.792150616645813,0.7906961739063263,130,4032.850313159,0.2808145766345123,
1e-05,1765920591.3603835,0.04852995276451111,20561798.0,132.0,0.724088728427887,0.809516578912735,131,4056.880628371,0.2829581993569132,
1e-05,1765920620.8268688,0.04684751480817795,20720111.0,133.0,0.7763700485229492,0.794704407453537,132,4086.347114507,0.28510182207931406,
1e-05,1765920649.8882875,0.04428565129637718,20876095.0,134.0,0.7434459924697876,0.804319441318512,133,4115.408548822,0.2872454448017149,
1e-05,1765920679.4812589,0.0433768704533577,21031975.0,135.0,0.7631925940513611,0.7991285026073456,134,4145.00150524,0.28938906752411575,
1e-05,1765920715.986298,0.046243004500865936,21180614.0,136.0,0.7303783297538757,0.8067698776721954,135,4181.506640014,0.2915326902465166,
1e-05,1765920752.2022755,0.04203302413225174,21349138.0,137.0,0.8188201785087585,0.7856481075286865,136,4217.722526418,0.2936763129689175,
1e-05,1765920784.1093624,0.045507919043302536,21511590.0,138.0,0.8009101152420044,0.7882907688617706,137,4249.629611193,0.2958199356913183,
1e-05,1765920813.1088388,0.046939581632614136,21656819.0,139.0,0.7643783092498779,0.7980068922042847,138,4278.62906675,0.2979635584137192,
1e-05,1765920840.1362138,0.044675882905721664,21811238.0,140.0,0.7843943238258362,0.7921894490718842,139,4305.656433098,0.30010718113612006,
1e-05,1765920869.375179,0.040593039244413376,21980388.0,141.0,0.8142170906066895,0.785988837480545,140,4334.89554234,0.3022508038585209,
1e-05,1765920904.7472904,0.04299958795309067,22142594.0,142.0,0.8025308847427368,0.7885664105415344,141,4370.267640222,0.30439442658092175,
1e-05,1765920935.7164674,0.042706362903118134,22299845.0,143.0,0.7976823449134827,0.7904742658138275,142,4401.236682688,0.3065380493033226,
1e-05,1765920969.8913875,0.0450463630259037,22465527.0,144.0,0.7561488151550293,0.8031452298164368,143,4435.411654113,0.3086816720257235,
1e-05,1765921001.1081321,0.04217936843633652,22618289.0,145.0,0.7346906661987305,0.8064078986644745,144,4466.62836539,0.3108252947481243,
1e-05,1765921031.2360377,0.04190688580274582,22770622.0,146.0,0.7477795481681824,0.8024513125419617,145,4496.756300529,0.3129689174705252,
1e-05,1765921059.8986764,0.04268242418766022,22922597.0,147.0,0.7187813520431519,0.8093412816524506,146,4525.41892794,0.31511254019292606,
1e-05,1765921090.6344025,0.042232636362314224,23075685.0,148.0,0.7489922642707825,0.8025191426277161,147,4556.154738728,0.3172561629153269,
1e-05,1765921118.3946445,0.040327925235033035,23239973.0,149.0,0.7515733242034912,0.8022210896015167,148,4583.914939264,0.31939978563772775,
1e-05,1765921155.8706207,0.038988176733255386,23407446.0,150.0,0.7893974781036377,0.7924663126468658,149,4621.390997052,0.3215434083601286,
1e-05,1765921187.104519,0.0421452522277832,23555395.0,151.0,0.7147270441055298,0.8113673031330109,150,4652.624799721,0.3236870310825295,
1e-05,1765921215.0531206,0.0398329421877861,23712167.0,152.0,0.7596569061279297,0.8019696176052094,151,4680.573398702,0.3258306538049303,
1e-05,1765921246.5441866,0.04304518178105354,23869562.0,153.0,0.772336483001709,0.7960010468959808,152,4712.064428283,0.3279742765273312,
1e-05,1765921277.6724513,0.044228289276361465,24027568.0,154.0,0.7663092017173767,0.796757847070694,153,4743.192794091,0.33011789924973206,
1e-05,1765921308.0915666,0.042546000331640244,24183451.0,155.0,0.7802178859710693,0.7965683937072754,154,4773.611817993,0.3322615219721329,
1e-05,1765921339.7907217,0.04095221683382988,24342400.0,156.0,0.749793291091919,0.8024303913116455,155,4805.311000234,0.33440514469453375,
1e-05,1765921376.9079552,0.04034886881709099,24500736.0,157.0,0.7883874177932739,0.79358771443367,156,4842.428192667,0.3365487674169346,
1e-05,1765921410.1692145,0.04334793612360954,24652820.0,158.0,0.7383266687393188,0.8044256567955017,157,4875.689440496,0.3386923901393355,
1e-05,1765921437.9674158,0.04358513653278351,24810632.0,159.0,0.7550678253173828,0.7995222210884094,158,4903.487666826,0.3408360128617363,
1e-05,1765921473.8648407,0.04549144208431244,24968589.0,160.0,0.7450981736183167,0.8016873896121979,159,4939.385130852,0.3429796355841372,
1e-05,1765921507.234535,0.040970202535390854,25125017.0,161.0,0.775650143623352,0.794679582118988,160,4972.754779224,0.34512325830653806,
1e-05,1765921539.3391526,0.040114451199769974,25277188.0,162.0,0.7166447639465332,0.8096687197685242,161,5004.859378534,0.34726688102893893,
1e-05,1765921568.619695,0.04008420184254646,25430057.0,163.0,0.7065176963806152,0.8130397796630859,162,5034.140013553,0.34941050375133975,
1e-05,1765921602.7233663,0.041081901639699936,25583830.0,164.0,0.7133623361587524,0.8126078248023987,163,5068.24364094,0.3515541264737406,
1e-05,1765921635.5979886,0.04210991412401199,25742285.0,165.0,0.7628830671310425,0.7982211112976074,164,5101.118223164,0.3536977491961415,
1e-05,1765921672.752976,0.04326026514172554,25907065.0,166.0,0.7451057434082031,0.8017161786556244,165,5138.273216023,0.3558413719185423,
1e-05,1765921696.7333632,0.043823469430208206,26051750.0,167.0,0.7293089032173157,0.8072298467159271,166,5162.253605046,0.3579849946409432,
1e-05,1765921725.9983282,0.04294411838054657,26204362.0,168.0,0.7551907300949097,0.800781637430191,167,5191.518578281,0.36012861736334406,
1e-05,1765921759.6373646,0.042025916278362274,26364857.0,169.0,0.7805696725845337,0.7940567433834076,168,5225.157623146,0.36227224008574493,
1e-05,1765921783.5814385,0.042700424790382385,26513585.0,170.0,0.7408288717269897,0.804198831319809,169,5249.101696407,0.36441586280814575,
1e-05,1765921816.5362008,0.038680776953697205,26680409.0,171.0,0.7779000997543335,0.7954018414020538,170,5282.056463244,0.3665594855305466,
1e-05,1765921843.9046822,0.05027841031551361,26817383.0,172.0,0.7102190852165222,0.8128257691860199,171,5309.42508895,0.3687031082529475,
1e-05,1765921873.1901174,0.04888538643717766,26962206.0,173.0,0.7553735971450806,0.8015009760856628,172,5338.710370479,0.3708467309753483,
1e-05,1765921909.6886904,0.04004347696900368,27123276.0,174.0,0.732795774936676,0.8052787482738495,173,5375.208948117,0.3729903536977492,
1e-05,1765921944.0300128,0.042635295540094376,27290681.0,175.0,0.768388032913208,0.7954265773296356,174,5409.550274231,0.37513397642015006,
1e-05,1765921973.5968466,0.04098265618085861,27449673.0,176.0,0.7674500346183777,0.7979378700256348,175,5439.117096418,0.37727759914255093,
1e-05,1765922001.082685,0.042179908603429794,27601441.0,177.0,0.7411478757858276,0.8033248782157898,176,5466.602956531,0.37942122186495175,
1e-05,1765922031.1752923,0.041546497493982315,27748300.0,178.0,0.7526427507400513,0.8026162385940552,177,5496.695549994,0.3815648445873526,
1e-05,1765922066.3937,0.04536736384034157,27900973.0,179.0,0.7093560695648193,0.8129401504993439,178,5531.914038708,0.3837084673097535,
1e-05,1765922101.0029373,0.044582538306713104,28057386.0,180.0,0.7508999109268188,0.8015190064907074,179,5566.523188809,0.3858520900321543,
1e-05,1765922134.3273506,0.039481379091739655,28218433.0,181.0,0.7585344314575195,0.7991878986358643,180,5599.847577025,0.3879957127545552,
1e-05,1765922171.5578392,0.041011177003383636,28378531.0,182.0,0.7487883567810059,0.8024393916130066,181,5637.078078705,0.39013933547695606,
1e-05,1765922194.619117,0.04299437999725342,28517567.0,183.0,0.6848558187484741,0.8185723423957825,182,5660.139358445,0.39228295819935693,
1e-05,1765922221.1891718,0.041624512523412704,28678245.0,184.0,0.7144591808319092,0.8095597624778748,183,5686.70941856,0.39442658092175775,
1e-05,1765922254.696855,0.03877406194806099,28847748.0,185.0,0.7601615190505981,0.8000486493110657,184,5720.217122208,0.3965702036441586,
1e-05,1765922281.733063,0.038306381553411484,29003477.0,186.0,0.7505306005477905,0.8020480275154114,185,5747.253292048,0.3987138263665595,
1e-05,1765922319.3864458,0.04090625047683716,29163981.0,187.0,0.744890570640564,0.8017451763153076,186,5784.906665644,0.4008574490889603,
1e-05,1765922348.5235498,0.03910879045724869,29313769.0,188.0,0.7334412932395935,0.8047503530979156,187,5814.043779702,0.4030010718113612,
1e-05,1765922378.8258572,0.03863684460520744,29474111.0,189.0,0.7309640645980835,0.8039773106575012,188,5844.346120856,0.40514469453376206,
1e-05,1765922409.224455,0.038452696055173874,29641339.0,190.0,0.7796734571456909,0.7951490879058838,189,5874.744693662,0.40728831725616294,
1e-05,1765922439.3729117,0.040777839720249176,29795124.0,191.0,0.7143418192863464,0.8109630346298218,190,5904.893163808,0.40943193997856375,
1e-05,1765922469.7377923,0.04008069634437561,29956920.0,192.0,0.7568336725234985,0.7999314665794373,191,5935.25803077,0.4115755627009646,
1e-05,1765922501.6045175,0.04209645092487335,30113790.0,193.0,0.7689251899719238,0.7938421964645386,192,5967.124753061,0.4137191854233655,
1e-05,1765922538.5518863,0.0446135513484478,30267060.0,194.0,0.7334694862365723,0.8044624626636505,193,6004.07214915,0.41586280814576637,
1e-05,1765922565.1356711,0.03921711817383766,30420733.0,195.0,0.7519190907478333,0.80100017786026,194,6030.655883777,0.4180064308681672,
1e-05,1765922599.1905582,0.03894983232021332,30582338.0,196.0,0.7525771260261536,0.7998192608356476,195,6064.710777842,0.42015005359056806,
1e-05,1765922623.3322134,0.04064568504691124,30735043.0,197.0,0.7148285508155823,0.812297910451889,196,6088.852474029,0.42229367631296894,
1e-05,1765922650.130806,0.042386092245578766,30885025.0,198.0,0.7410662770271301,0.8043158054351807,197,6115.651063427,0.42443729903536975,
1e-05,1765922676.6208074,0.03883975371718407,31036663.0,199.0,0.7416657209396362,0.8032003045082092,198,6142.141114078,0.4265809217577706,
1e-05,1765922702.0711646,0.040842313319444656,31184340.0,200.0,0.7024726867675781,0.8133103251457214,199,6167.591420616,0.4287245444801715,
1e-05,1765922738.637234,0.038708336651325226,31345142.0,201.0,0.7488106489181519,0.79982128739357,200,6204.157616755,0.43086816720257237,
1e-05,1765922765.8642056,0.04078689590096474,31495847.0,202.0,0.7664067149162292,0.7965167164802551,201,6231.384463776,0.4330117899249732,
1e-05,1765922800.2433476,0.04346556216478348,31654749.0,203.0,0.7372408509254456,0.8042003810405731,202,6265.763594374,0.43515541264737406,
1e-05,1765922823.7248435,0.03991609066724777,31808152.0,204.0,0.7481563091278076,0.8017534017562866,203,6289.245102225,0.43729903536977494,
1e-05,1765922855.1682842,0.04008730128407478,31977458.0,205.0,0.7654289603233337,0.7974706590175629,204,6320.688492625,0.43944265809217575,
1e-05,1765922880.9663405,0.04048449546098709,32129990.0,206.0,0.7337592244148254,0.8050945997238159,205,6346.486583525,0.4415862808145766,
1e-05,1765922916.7806404,0.03901730105280876,32295318.0,207.0,0.7851669788360596,0.7931149899959564,206,6382.300883409,0.4437299035369775,
1e-05,1765922949.3458734,0.039336878806352615,32458576.0,208.0,0.7685794830322266,0.7966486215591431,207,6414.866228815,0.44587352625937837,
1e-05,1765922980.459036,0.03942427039146423,32617496.0,209.0,0.7446837425231934,0.8013102412223816,208,6445.97946577,0.4480171489817792,
1e-05,1765923017.3819978,0.03967586159706116,32779172.0,210.0,0.7391766309738159,0.8040962815284729,209,6482.902326648,0.45016077170418006,
1e-05,1765923050.1073546,0.040246088057756424,32931223.0,211.0,0.7231388092041016,0.8060469329357147,210,6515.627716875,0.45230439442658094,
1e-05,1765923082.3274524,0.041359793394804,33081708.0,212.0,0.7360906004905701,0.8024320006370544,211,6547.847814533,0.45444801714898175,
1e-05,1765923110.2607684,0.040853362530469894,33234519.0,213.0,0.7438496351242065,0.8022303581237793,212,6575.781029626,0.4565916398713826,
1e-05,1765923137.6619222,0.04272786155343056,33380554.0,214.0,0.7295082807540894,0.805510938167572,213,6603.182188533,0.4587352625937835,
1e-05,1765923174.7521322,0.04000910371541977,33541078.0,215.0,0.7683924436569214,0.7961931228637695,214,6640.272560685,0.4608788853161844,
1e-05,1765923208.6183538,0.043968502432107925,33702070.0,216.0,0.7427417039871216,0.8025636076927185,215,6674.138697107,0.4630225080385852,
1e-05,1765923237.2086236,0.042575445026159286,33851344.0,217.0,0.6987667679786682,0.8146307170391083,216,6702.728851076,0.46516613076098606,
1e-05,1765923269.3422232,0.04173485189676285,34005428.0,218.0,0.7401237487792969,0.8039023578166962,217,6734.862494252,0.46730975348338694,
1e-05,1765923295.654933,0.04777654632925987,34142448.0,219.0,0.7411129474639893,0.801836758852005,218,6761.175194635,0.4694533762057878,
1e-05,1765923323.1091845,0.04119735211133957,34293582.0,220.0,0.7026879787445068,0.8121735751628876,219,6788.629464548,0.4715969989281886,
1e-05,1765923354.7255611,0.04161522909998894,34448802.0,221.0,0.7702364921569824,0.7976202964782715,220,6820.245817463,0.4737406216505895,
1e-05,1765923386.0658216,0.04071541503071785,34608650.0,222.0,0.7304025888442993,0.8031856417655945,221,6851.586055033,0.4758842443729904,
1e-05,1765923418.9946516,0.042876455932855606,34765848.0,223.0,0.7202035188674927,0.8078168034553528,222,6884.514921335,0.4780278670953912,
1e-05,1765923450.2705421,0.042733512818813324,34923587.0,224.0,0.7142006158828735,0.8105584383010864,223,6915.79078083,0.48017148981779206,
1e-05,1765923471.0688472,0.044920023530721664,35061736.0,225.0,0.6903771162033081,0.8156845569610596,224,6936.589106788,0.48231511254019294,
1e-05,1765923498.653831,0.03984809294342995,35224947.0,226.0,0.7507346868515015,0.7996423244476318,225,6964.174088629,0.4844587352625938,
1e-05,1765923531.1160672,0.04058491811156273,35383552.0,227.0,0.7914007902145386,0.7890791594982147,226,6996.636322562,0.4866023579849946,
1e-05,1765923567.9923656,0.041313719004392624,35537848.0,228.0,0.7395431995391846,0.803525298833847,227,7033.51262386,0.4887459807073955,
1e-05,1765923593.9517698,0.041909970343112946,35694801.0,229.0,0.7312625646591187,0.8052880465984344,228,7059.472031371,0.4908896034297964,
1e-05,1765923626.6287134,0.040602050721645355,35847389.0,230.0,0.733252763748169,0.8051148056983948,229,7092.148963244,0.4930332261521972,
1e-05,1765923657.7675638,0.04159422591328621,36001061.0,231.0,0.7431520223617554,0.8030574321746826,230,7123.287818603,0.49517684887459806,
1e-05,1765923687.8000236,0.04370906576514244,36153435.0,232.0,0.7456253170967102,0.8041488826274872,231,7153.320272387,0.49732047159699894,
1e-05,1765923715.9158332,0.042331621050834656,36308551.0,233.0,0.7290704250335693,0.8070253133773804,232,7181.436041327,0.4994640943193998,
1e-05,1765923743.3017724,0.04376470670104027,36451452.0,234.0,0.7262722849845886,0.8071844279766083,233,7208.822029113,0.5016077170418006,
1e-05,1765923768.312192,0.042823001742362976,36596648.0,235.0,0.6988879442214966,0.8125165104866028,234,7233.832438841,0.5037513397642015,
1e-05,1765923803.9139314,0.041623152792453766,36751665.0,236.0,0.7399534583091736,0.8005006015300751,235,7269.434196736,0.5058949624866024,
1e-05,1765923841.1484883,0.04253927990794182,36908485.0,237.0,0.7437201738357544,0.8035674393177032,236,7306.668741166,0.5080385852090032,
1e-05,1765923868.1976407,0.04236922040581703,37064151.0,238.0,0.6942826509475708,0.8167027533054352,237,7333.717867592,0.5101822079314041,
1e-05,1765923895.732098,0.043554455041885376,37217517.0,239.0,0.7417857646942139,0.8020899891853333,238,7361.252359101,0.5123258306538049,
1e-05,1765923920.5537229,0.04460882395505905,37367961.0,240.0,0.692333459854126,0.8150654733181,239,7386.073976707,0.5144694533762058,
1e-05,1765923956.3300316,0.04394795000553131,37526897.0,241.0,0.7286337614059448,0.8050655424594879,240,7421.850245399,0.5166130760986066,
1e-05,1765923984.0049448,0.04382840171456337,37685668.0,242.0,0.7780839204788208,0.7923856973648071,241,7449.525231399,0.5187566988210075,
1e-05,1765924014.7874575,0.04163992777466774,37839489.0,243.0,0.7294139862060547,0.8058337271213531,242,7480.307709379,0.5209003215434084,
1e-05,1765924043.4324822,0.04580216854810715,37997238.0,244.0,0.755607008934021,0.7990589439868927,243,7508.952736388,0.5230439442658092,
1e-05,1765924080.3449173,0.04068998992443085,38168011.0,245.0,0.7981594800949097,0.7882620692253113,244,7545.865154221,0.5251875669882101,
1e-05,1765924109.0577378,0.041219014674425125,38326230.0,246.0,0.7458587884902954,0.8019608855247498,245,7574.578086915,0.5273311897106109,
1e-05,1765924139.347539,0.04246601089835167,38478252.0,247.0,0.6961251497268677,0.815702497959137,246,7604.867816353,0.5294748124330118,
1e-05,1765924164.2743263,0.04320754483342171,38625546.0,248.0,0.7179315090179443,0.8081096410751343,247,7629.79457447,0.5316184351554126,
1e-05,1765924197.8677473,0.04526630789041519,38771391.0,249.0,0.7278004288673401,0.8041236102581024,248,7663.388084104,0.5337620578778135,
1e-05,1765924230.6483405,0.042582444846630096,38929652.0,250.0,0.7419153451919556,0.8011946380138397,249,7696.168586705,0.5359056806002144,
1e-05,1765924257.4175885,0.04289112240076065,39078825.0,251.0,0.7449946403503418,0.7987154722213745,250,7722.937940276,0.5380493033226152,
1e-05,1765924290.2516441,0.042092278599739075,39250764.0,252.0,0.7591828107833862,0.7969968914985657,251,7755.771917545,0.5401929260450161,
1e-05,1765924322.2967842,0.04704553261399269,39401652.0,253.0,0.7140665054321289,0.8083741664886475,252,7787.817053753,0.5423365487674169,
1e-05,1765924352.4726932,0.03747938945889473,39556368.0,254.0,0.7284401059150696,0.8061661422252655,253,7817.993102359,0.5444801714898178,
1e-05,1765924379.5572774,0.043506890535354614,39716091.0,255.0,0.7115725874900818,0.8091455399990082,254,7845.077527622,0.5466237942122186,
1e-05,1765924405.8678284,0.041603799909353256,39864668.0,256.0,0.733874499797821,0.8046586811542511,255,7871.388100005,0.5487674169346195,
1e-05,1765924435.7096786,0.0421997532248497,40026842.0,257.0,0.7670480012893677,0.7931844890117645,256,7901.230008264,0.5509110396570204,
1e-05,1765924468.0333424,0.04105405882000923,40185219.0,258.0,0.73203444480896,0.8045102655887604,257,7933.553599745,0.5530546623794212,
1e-05,1765924496.1464772,0.04107214882969856,40338073.0,259.0,0.750983715057373,0.7994137406349182,258,7961.666728785,0.5551982851018221,
1e-05,1765924528.6323674,0.036988671869039536,40501465.0,260.0,0.762539267539978,0.7958419024944305,259,7994.152606577,0.5573419078242229,
1e-05,1765924561.9287744,0.038223911076784134,40657227.0,261.0,0.7363424897193909,0.8018782138824463,260,8027.449037775,0.5594855305466238,
1e-05,1765924593.8976028,0.03835926949977875,40807442.0,262.0,0.7112441062927246,0.8102838695049286,261,8059.41786516,0.5616291532690246,
1e-05,1765924624.4474425,0.04112971946597099,40956359.0,263.0,0.746922492980957,0.8000866174697876,262,8089.967716688,0.5637727759914255,
1e-05,1765924656.866507,0.041732750833034515,41113297.0,264.0,0.7414097785949707,0.8010168671607971,263,8122.386734438,0.5659163987138264,
1e-05,1765924694.1830719,0.045034948736429214,41267327.0,265.0,0.73878014087677,0.8018203675746918,264,8159.703329491,0.5680600214362272,
1e-05,1765924716.735106,0.04562462866306305,41416137.0,266.0,0.7110775709152222,0.8108818233013153,265,8182.255344229,0.5702036441586281,
1e-05,1765924746.1409783,0.04660884663462639,41572626.0,267.0,0.7252835035324097,0.8066708445549011,266,8211.661214862,0.572347266881029,
1e-05,1765924774.3834665,0.037821073085069656,41724870.0,268.0,0.709579348564148,0.811193585395813,267,8239.90373091,0.5744908896034298,
1e-05,1765924808.519529,0.04238881170749664,41882397.0,269.0,0.702648401260376,0.8118468821048737,268,8274.039810249,0.5766345123258306,
1e-05,1765924837.781978,0.038391709327697754,42044695.0,270.0,0.7499707937240601,0.796413779258728,269,8303.302285912,0.5787781350482315,
1e-05,1765924867.3036969,0.055446259677410126,42195750.0,271.0,0.7600517272949219,0.7973324358463287,270,8332.824015887,0.5809217577706324,
1e-05,1765924898.5580313,0.03928332403302193,42347658.0,272.0,0.7515294551849365,0.8012549579143524,271,8364.078298284,0.5830653804930332,
1e-05,1765924928.288267,0.08140480518341064,42499617.0,273.0,0.7584492564201355,0.7956684231758118,272,8393.808670189,0.5852090032154341,
1e-05,1765924958.102221,0.04435141384601593,42648060.0,274.0,0.7035523653030396,0.8115006685256958,273,8423.622459524,0.587352625937835,
1e-05,1765924987.2001665,0.039724837988615036,42799438.0,275.0,0.7248636484146118,0.8054748177528381,274,8452.720394562,0.5894962486602358,
1e-05,1765925020.0899603,0.05003826692700386,42945465.0,276.0,0.7217841744422913,0.8073681890964508,275,8485.610208521,0.5916398713826366,
1e-05,1765925048.4235606,0.04159170016646385,43089377.0,277.0,0.7067466974258423,0.809810221195221,276,8513.943995607,0.5937834941050375,
1e-05,1765925086.3862972,0.04250894859433174,43253006.0,278.0,0.7703882455825806,0.794796496629715,277,8551.906661269,0.5959271168274384,
1e-05,1765925121.19317,0.10072267800569534,43420433.0,279.0,0.7296525239944458,0.8044359982013702,278,8586.713522158,0.5980707395498392,
1e-05,1765925149.2508419,0.12569740414619446,43577695.0,280.0,0.7285720109939575,0.8057708442211151,279,8614.771200965,0.6002143622722401,
1e-05,1765925185.97024,0.10911884158849716,43738482.0,281.0,0.7197349071502686,0.8059068024158478,280,8651.490482623,0.602357984994641,
1e-05,1765925221.8924172,0.14116939902305603,43895774.0,282.0,0.732699990272522,0.8033984899520874,281,8687.412669516,0.6045016077170418,
1e-05,1765925248.114843,0.13821832835674286,44045728.0,283.0,0.7334578037261963,0.8043602705001831,282,8713.635132138,0.6066452304394426,
1e-05,1765925281.7994924,0.12653331458568573,44207082.0,284.0,0.7372137308120728,0.7994963228702545,283,8747.319726876,0.6087888531618435,
1e-05,1765925314.2188487,0.036864832043647766,44360492.0,285.0,0.7519934177398682,0.7990245223045349,284,8779.739107536,0.6109324758842444,
1e-05,1765925346.064601,0.1469586193561554,44507249.0,286.0,0.6919161081314087,0.8143240213394165,285,8811.584844517,0.6130760986066452,
1e-05,1765925377.8476539,0.048753395676612854,44657380.0,287.0,0.7270712852478027,0.8091739118099213,286,8843.367913066,0.6152197213290461,
1e-05,1765925404.2705188,0.11535994708538055,44809690.0,288.0,0.7226295471191406,0.8059067130088806,287,8869.790791753,0.617363344051447,
1e-05,1765925429.0321722,0.18344463407993317,44958006.0,289.0,0.6996886730194092,0.812184751033783,288,8894.552434759,0.6195069667738478,
1e-05,1765925459.0663745,0.13110607862472534,45127484.0,290.0,0.7504206299781799,0.7999258637428284,289,8924.586645227,0.6216505894962486,
1e-05,1765925492.4478962,0.14843644201755524,45288670.0,291.0,0.7749204635620117,0.7950673997402191,290,8957.968188934,0.6237942122186495,
1e-05,1765925516.1079118,0.1806601583957672,45435435.0,292.0,0.7118498086929321,0.8090715408325195,291,8981.62814617,0.6259378349410504,
1e-05,1765925545.6376693,0.07181784510612488,45582758.0,293.0,0.7242780923843384,0.8054555654525757,292,9011.157899467,0.6280814576634512,
1e-05,1765925574.5652864,0.0532272532582283,45724786.0,294.0,0.7028002738952637,0.81146439909935,293,9040.085542759,0.6302250803858521,
1e-05,1765925601.244183,0.10207032412290573,45875653.0,295.0,0.7146100997924805,0.808527022600174,294,9066.76446334,0.632368703108253,
1e-05,1765925629.7472236,0.12842513620853424,46026612.0,296.0,0.7120505571365356,0.8086515665054321,295,9095.267487952,0.6345123258306538,
1e-05,1765925656.6314635,0.1473061442375183,46173537.0,297.0,0.7187700271606445,0.8074039816856384,296,9122.151720236,0.6366559485530546,
1e-05,1765925687.58503,0.035573869943618774,46337020.0,298.0,0.751615583896637,0.8000494241714478,297,9153.105435077,0.6387995712754555,
1e-05,1765925716.1352417,0.13685934245586395,46484878.0,299.0,0.7372509241104126,0.805452972650528,298,9181.65550078,0.6409431939978564,
1e-05,1765925744.9954484,0.14639702439308167,46638837.0,300.0,0.7335699796676636,0.8019830882549286,299,9210.515692711,0.6430868167202572,
1e-05,1765925779.8947713,0.1593463271856308,46792654.0,301.0,0.7233096361160278,0.8060604333877563,300,9245.415046113,0.6452304394426581,
1e-05,1765925808.0512028,0.08895162492990494,46956735.0,302.0,0.7465070486068726,0.7982861995697021,301,9273.571441704,0.647374062165059,
1e-05,1765925844.9184885,0.14774587750434875,47119017.0,303.0,0.7691942453384399,0.7965188324451447,302,9310.438687792,0.6495176848874598,
1e-05,1765925880.3212235,0.14673763513565063,47277064.0,304.0,0.7249902486801147,0.805861234664917,303,9345.841446957,0.6516613076098606,
1e-05,1765925917.1990445,0.035669099539518356,47425177.0,305.0,0.7305212020874023,0.8022986650466919,304,9382.7192847,0.6538049303322615,
1e-05,1765925941.2447982,0.04883887618780136,47567815.0,306.0,0.6969826221466064,0.8134357333183289,305,9406.765073788,0.6559485530546624,
1e-05,1765925968.6116486,0.10753761231899261,47711542.0,307.0,0.6847397089004517,0.8139550089836121,306,9434.131916603,0.6580921757770632,
1e-05,1765925998.5936794,0.1487741470336914,47867963.0,308.0,0.7403690814971924,0.8045811355113983,307,9464.113912983,0.6602357984994641,
1e-05,1765926031.2293,0.04386815056204796,48027087.0,309.0,0.7161087989807129,0.8072124719619751,308,9496.749559088,0.662379421221865,
1e-05,1765926061.074635,0.043168552219867706,48181216.0,310.0,0.7590529918670654,0.7962749600410461,309,9526.594873062,0.6645230439442658,
1e-05,1765926093.6860623,0.1400085687637329,48346653.0,311.0,0.7800890207290649,0.7934385538101196,310,9559.206326627,0.6666666666666666,
1e-05,1765926123.7176359,0.13004595041275024,48515202.0,312.0,0.7694951295852661,0.7962613999843597,311,9589.237885541,0.6688102893890675,
1e-05,1765926154.2013857,0.07062512636184692,48681596.0,313.0,0.7517719864845276,0.8003641068935394,312,9619.721635235,0.6709539121114684,
1e-05,1765926185.852297,0.08682744950056076,48830511.0,314.0,0.6799750328063965,0.8167332708835602,313,9651.37254211,0.6730975348338692,
1e-05,1765926220.7429554,0.15925046801567078,48979750.0,315.0,0.7504235506057739,0.8015962541103363,314,9686.263212301,0.6752411575562701,
1e-05,1765926256.8858213,0.14402858912944794,49140486.0,316.0,0.7240191698074341,0.8086535930633545,315,9722.406145319,0.677384780278671,
1e-05,1765926294.056892,0.04886465147137642,49297672.0,317.0,0.7231173515319824,0.8069921433925629,316,9759.577234004,0.6795284030010718,
1e-05,1765926321.2637699,0.09890168160200119,49448662.0,318.0,0.724281907081604,0.8074520826339722,317,9786.784042283,0.6816720257234726,
1e-05,1765926352.228562,0.12812456488609314,49615721.0,319.0,0.7228657007217407,0.8075066804885864,318,9817.748809203,0.6838156484458735,
1e-05,1765926381.1259673,0.1236906573176384,49770136.0,320.0,0.7039886713027954,0.8110153377056122,319,9846.64624316,0.6859592711682744,
1e-05,1765926412.220557,0.05479001998901367,49932945.0,321.0,0.7411953210830688,0.8031501770019531,320,9877.740814135,0.6881028938906752,
1e-05,1765926442.9803245,0.0816652923822403,50079045.0,322.0,0.7014197111129761,0.8112256526947021,321,9908.500593541,0.6902465166130761,
1e-05,1765926476.442484,0.1066548302769661,50243726.0,323.0,0.7451306581497192,0.800061970949173,322,9941.962714726,0.692390139335477,
1e-05,1765926513.2364964,0.096380814909935,50404071.0,324.0,0.7294774651527405,0.8067671656608582,323,9978.756896783,0.6945337620578779,
1e-05,1765926545.9084833,0.05203719064593315,50557944.0,325.0,0.750159740447998,0.7992329895496368,324,10011.428808523,0.6966773847802786,
1e-05,1765926578.0133724,0.05828576534986496,50723566.0,326.0,0.7393753528594971,0.8027763962745667,325,10043.533709869,0.6988210075026795,
1e-05,1765926606.9891279,0.1021498441696167,50868735.0,327.0,0.6669159531593323,0.8198210299015045,326,10072.509382198,0.7009646302250804,
1e-05,1765926636.223705,0.0873287245631218,51027679.0,328.0,0.7422071099281311,0.8018863201141357,327,10101.743944728,0.7031082529474812,
1e-05,1765926673.3277152,0.04183393716812134,51188474.0,329.0,0.7656503915786743,0.7961236238479614,328,10138.847972262,0.7052518756698821,
1e-05,1765926701.9471908,0.06423041969537735,51334182.0,330.0,0.7003249526023865,0.8111327588558197,329,10167.467452452,0.707395498392283,
1e-05,1765926734.9617748,0.07549245655536652,51499899.0,331.0,0.73728346824646,0.8033212721347809,330,10200.482010991,0.7095391211146839,
1e-05,1765926763.586211,0.07230237126350403,51645111.0,332.0,0.7121574878692627,0.8095102906227112,331,10229.106653358,0.7116827438370846,
1e-05,1765926791.1460834,0.03756619244813919,51795720.0,333.0,0.6989126205444336,0.8122473061084747,332,10256.666438568,0.7138263665594855,
1e-05,1765926819.0126379,0.0659453347325325,51934189.0,334.0,0.6696303486824036,0.8179619610309601,333,10284.533006032,0.7159699892818864,
1e-05,1765926854.2531462,0.07308583706617355,52086111.0,335.0,0.7555904388427734,0.7974769473075867,334,10319.773369498,0.7181136120042872,
1e-05,1765926879.1008236,0.05094152316451073,52241632.0,336.0,0.7297286987304688,0.8047186434268951,335,10344.621061452,0.7202572347266881,
1e-05,1765926914.5729914,0.03956183046102524,52403245.0,337.0,0.7350906729698181,0.8023490309715271,336,10380.093233826,0.722400857449089,
1e-05,1765926944.761998,0.061931852251291275,52567275.0,338.0,0.747923731803894,0.8010535538196564,337,10410.282207134,0.7245444801714899,
1e-05,1765926976.4676442,0.05954859033226967,52733506.0,339.0,0.7415319085121155,0.801446944475174,338,10441.988066252,0.7266881028938906,
1e-05,1765927007.9169855,0.04141528159379959,52884795.0,340.0,0.7347795963287354,0.8047631084918976,339,10473.437305677,0.7288317256162915,
1e-05,1765927036.9311059,0.04288121685385704,53039775.0,341.0,0.7312103509902954,0.803390383720398,340,10502.45137759,0.7309753483386924,
1e-05,1765927070.935552,0.05753842368721962,53204226.0,342.0,0.7546268701553345,0.7978218495845795,341,10536.455798817,0.7331189710610932,
1e-05,1765927097.4696486,0.04991522058844566,53357002.0,343.0,0.7158483266830444,0.8080592751502991,342,10562.989900237,0.7352625937834941,
1e-05,1765927124.4324877,0.03673916682600975,53512592.0,344.0,0.7322240471839905,0.8037218749523163,343,10589.952923239,0.737406216505895,
1e-05,1765927158.3817933,0.054399728775024414,53675222.0,345.0,0.7738087177276611,0.7948373556137085,344,10623.902066294,0.7395498392282959,
1e-05,1765927195.1851528,0.0527910478413105,53837794.0,346.0,0.7864968180656433,0.7885061204433441,345,10660.705390247,0.7416934619506966,
1e-05,1765927228.8000991,0.0408792681992054,53990810.0,347.0,0.7363836169242859,0.8043818771839142,346,10694.32042142,0.7438370846730975,
1e-05,1765927263.2822416,0.050515346229076385,54142452.0,348.0,0.7112588882446289,0.8096296787261963,347,10728.802505441,0.7459807073954984,
1e-05,1765927298.0140553,0.057526491582393646,54294279.0,349.0,0.7089569568634033,0.8100155293941498,348,10763.534294664,0.7481243301178992,
1e-05,1765927323.6252158,0.045289747416973114,54445597.0,350.0,0.7038275003433228,0.8136374950408936,349,10789.145632497,0.7502679528403001,
1e-05,1765927357.6909733,0.037377722561359406,54603343.0,351.0,0.7362833619117737,0.8046976029872894,350,10823.211182194,0.752411575562701,
1e-05,1765927388.5564232,0.06351900845766068,54759468.0,352.0,0.6916134357452393,0.8146770298480988,351,10854.076696811,0.7545551982851019,
1e-05,1765927419.7248833,0.04097376763820648,54913059.0,353.0,0.7131921052932739,0.8069881200790405,352,10885.245121625,0.7566988210075026,
1e-05,1765927454.0870001,0.12750180065631866,55070490.0,354.0,0.7261660695075989,0.8059014081954956,353,10919.607243582,0.7588424437299035,
1e-05,1765927486.802713,0.10758025199174881,55234816.0,355.0,0.747054398059845,0.8006744980812073,354,10952.322962738,0.7609860664523044,
1e-05,1765927511.0239053,0.054466888308525085,55387388.0,356.0,0.7361301183700562,0.8021746873855591,355,10976.544157425,0.7631296891747053,
1e-05,1765927543.2674243,0.08889222890138626,55538411.0,357.0,0.7061482667922974,0.8120145201683044,356,11008.787669219,0.7652733118971061,
1e-05,1765927577.4112177,0.15966548025608063,55688433.0,358.0,0.7182832956314087,0.8072825968265533,357,11042.931570256,0.767416934619507,
1e-05,1765927602.8392098,0.13114914298057556,55839265.0,359.0,0.723522961139679,0.8061653077602386,358,11068.359610013,0.7695605573419079,
1e-05,1765927635.174389,0.04733488708734512,55990505.0,360.0,0.685908317565918,0.8167509436607361,359,11100.694610074,0.7717041800643086,
1e-05,1765927670.958077,0.1395496279001236,56160090.0,361.0,0.752032995223999,0.7997959852218628,360,11136.478458283,0.7738478027867095,
1e-05,1765927698.36138,0.15936386585235596,56315482.0,362.0,0.7247673273086548,0.8064748644828796,361,11163.881821299,0.7759914255091104,
1e-05,1765927733.0104747,0.1296185553073883,56478778.0,363.0,0.7530848979949951,0.7986270487308502,362,11198.530879182,0.7781350482315113,
1e-05,1765927767.626579,0.04813624545931816,56640621.0,364.0,0.7426239252090454,0.7983893156051636,363,11233.146825448,0.7802786709539121,
1e-05,1765927803.494284,0.10954940319061279,56808271.0,365.0,0.743034839630127,0.8011198937892914,364,11269.01452606,0.782422293676313,
1e-05,1765927837.0355718,0.14048407971858978,56962569.0,366.0,0.7315348386764526,0.804100900888443,365,11302.555812679,0.7845659163987139,
1e-05,1765927864.89563,0.12417212873697281,57113382.0,367.0,0.7304337024688721,0.8035092055797577,366,11330.415836882,0.7867095391211146,
1e-05,1765927901.9713209,0.06838712841272354,57283115.0,368.0,0.7533750534057617,0.7971483170986176,367,11367.491582787,0.7888531618435155,
1e-05,1765927934.4765956,0.08881530165672302,57431980.0,369.0,0.7075012922286987,0.8094934821128845,368,11399.99704475,0.7909967845659164,
1e-05,1765927971.3137186,0.11626796424388885,57593151.0,370.0,0.7381435632705688,0.8026731014251709,369,11436.834048385,0.7931404072883173,
1e-05,1765928008.8682368,0.08886086940765381,57769554.0,371.0,0.7361918091773987,0.8037733137607574,370,11474.38854907,0.7952840300107181,
1e-05,1765928046.1546469,0.07673951238393784,57930187.0,372.0,0.7264281511306763,0.8073724508285522,371,11511.674914908,0.797427652733119,
1e-05,1765928083.1387954,0.04618329182267189,58089895.0,373.0,0.7157930135726929,0.8084478378295898,372,11548.659156046,0.7995712754555199,
1e-05,1765928107.2384589,0.09009137749671936,58237921.0,374.0,0.7030187249183655,0.8122024834156036,373,11572.758854251,0.8017148981779206,
1e-05,1765928138.2776241,0.10246109962463379,58386574.0,375.0,0.7112822532653809,0.8088635504245758,374,11603.797998864,0.8038585209003215,
1e-05,1765928166.6180978,0.07210341840982437,58531794.0,376.0,0.7028577327728271,0.8125947415828705,375,11632.138348281,0.8060021436227224,
1e-05,1765928194.6158438,0.03819512948393822,58679304.0,377.0,0.7152048945426941,0.8076383471488953,376,11660.13610307,0.8081457663451233,
1e-05,1765928224.6518967,0.07769911736249924,58827963.0,378.0,0.7476903796195984,0.8011689484119415,377,11690.172295284,0.8102893890675241,
1e-05,1765928251.6123576,0.11988513171672821,58968065.0,379.0,0.7028863430023193,0.8146612048149109,378,11717.132754455,0.812433011789925,
1e-05,1765928281.7621648,0.08226847648620605,59119596.0,380.0,0.7257760763168335,0.8072978854179382,379,11747.282462185,0.8145766345123259,
1e-05,1765928313.402103,0.037675611674785614,59282269.0,381.0,0.7210685014724731,0.8061186969280243,380,11778.922511036,0.8167202572347267,
1e-05,1765928351.8794503,0.07650710642337799,59449069.0,382.0,0.7186194062232971,0.8090055882930756,381,11817.399801923,0.8188638799571275,
1e-05,1765928378.5253453,0.09641024470329285,59602942.0,383.0,0.7247580289840698,0.8058259189128876,382,11844.045586936,0.8210075026795284,
1e-05,1765928407.1979632,0.07557938992977142,59763486.0,384.0,0.7379492521286011,0.8023021221160889,383,11872.718214679,0.8231511254019293,
1e-05,1765928440.2422233,0.04294734075665474,59914007.0,385.0,0.7047091126441956,0.8111951947212219,384,11905.762489931,0.8252947481243301,
1e-05,1765928464.594647,0.07301643490791321,60056933.0,386.0,0.6810851097106934,0.8151360154151917,385,11930.114908299,0.827438370846731,
1e-05,1765928497.5789235,0.08965133875608444,60219888.0,387.0,0.7264972925186157,0.8060235381126404,386,11963.099142131,0.8295819935691319,
1e-05,1765928534.1277976,0.07353771477937698,60373832.0,388.0,0.7144715785980225,0.8087506294250488,387,11999.648055777,0.8317256162915327,
1e-05,1765928558.9175718,0.045443303883075714,60526958.0,389.0,0.7090252637863159,0.8116286993026733,388,12024.437869028,0.8338692390139335,
1e-05,1765928583.6207144,0.053719356656074524,60680957.0,390.0,0.7099716663360596,0.8111622333526611,389,12049.140992729,0.8360128617363344,
1e-05,1765928620.3372571,0.05967525765299797,60844353.0,391.0,0.7322565317153931,0.8022621870040894,390,12085.857503916,0.8381564844587353,
1e-05,1765928645.1290498,0.05910710617899895,60988093.0,392.0,0.687873125076294,0.8159124255180359,391,12110.649510069,0.8403001071811361,
1e-05,1765928673.5201797,0.039520036429166794,61139257.0,393.0,0.7166002988815308,0.8078441619873047,392,12139.040443963,0.842443729903537,
1e-05,1765928705.1547632,0.04940756410360336,61294373.0,394.0,0.7463246583938599,0.801010936498642,393,12170.675042804,0.8445873526259379,
1e-05,1765928739.2370431,0.05704442784190178,61460962.0,395.0,0.7706100940704346,0.7937228977680206,394,12204.757371488,0.8467309753483387,
1e-05,1765928774.240035,0.05823707580566406,61610443.0,396.0,0.6692341566085815,0.8195386528968811,395,12239.760293017,0.8488745980707395,
1e-05,1765928804.3679738,0.03856031596660614,61767622.0,397.0,0.7160196304321289,0.8096900582313538,396,12269.888221777,0.8510182207931404,
1e-05,1765928829.0608337,0.05104179307818413,61927294.0,398.0,0.7283928394317627,0.8059808909893036,397,12294.581232384,0.8531618435155413,
1e-05,1765928859.351035,0.06329769641160965,62087657.0,399.0,0.7262624502182007,0.8062741160392761,398,12324.871276374,0.8553054662379421,
1e-05,1765928890.8960166,0.05311604589223862,62242685.0,400.0,0.7462788820266724,0.8014360070228577,399,12356.416301324,0.857449088960343,
1e-05,1765928923.970776,0.03935713320970535,62393085.0,401.0,0.6934390068054199,0.8132266402244568,400,12389.491169271,0.8595927116827439,
1e-05,1765928948.1770146,0.05814617872238159,62538285.0,402.0,0.6888422966003418,0.8153105676174164,401,12413.697266607,0.8617363344051447,
1e-05,1765928982.0453875,0.0528222993016243,62701391.0,403.0,0.7486724853515625,0.8019275367259979,402,12447.565651028,0.8638799571275455,
1e-05,1765929018.492206,0.044212840497493744,62848535.0,404.0,0.7378842830657959,0.8030129075050354,403,12484.012462515,0.8660235798499464,
1e-05,1765929051.3124216,0.04041958600282669,63001586.0,405.0,0.7121603488922119,0.8073630630970001,404,12516.832673222,0.8681672025723473,
1e-05,1765929081.295923,0.046884600073099136,63162806.0,406.0,0.7352643013000488,0.8035928010940552,405,12546.816201035,0.8703108252947481,
1e-05,1765929107.8210504,0.04887997359037399,63324619.0,407.0,0.7318664789199829,0.8030881881713867,406,12573.341305087,0.872454448017149,
1e-05,1765929138.9428723,0.04926329478621483,63484446.0,408.0,0.7443976402282715,0.800004631280899,407,12604.463127055,0.8745980707395499,
1e-05,1765929175.4975882,0.0420711487531662,63657343.0,409.0,0.765738844871521,0.7930991947650909,408,12641.017831379,0.8767416934619507,
1e-05,1765929210.1327403,0.03893183171749115,63815011.0,410.0,0.7803199291229248,0.7928948402404785,409,12675.652962243,0.8788853161843515,
1e-05,1765929244.6283188,0.06961223483085632,63974464.0,411.0,0.705161452293396,0.8102522790431976,410,12710.148585658,0.8810289389067524,
1e-05,1765929278.3250146,0.03888983279466629,64130517.0,412.0,0.7208767533302307,0.8094390332698822,411,12743.845390471,0.8831725616291533,
1e-05,1765929306.1807775,0.04259508103132248,64283106.0,413.0,0.7175033092498779,0.808582067489624,412,12771.701130144,0.8853161843515541,
1e-05,1765929335.4164464,0.03842419013381004,64430594.0,414.0,0.711816668510437,0.808343917131424,413,12800.936738863,0.887459807073955,
1e-05,1765929367.4882622,0.04880993440747261,64603713.0,415.0,0.7659388184547424,0.795305073261261,414,12833.008717313,0.8896034297963559,
1e-05,1765929401.3090577,0.04672875255346298,64760293.0,416.0,0.7359848022460938,0.8032498359680176,415,12866.829439256,0.8917470525187567,
1e-05,1765929428.404966,0.041582804173231125,64923933.0,417.0,0.7323395013809204,0.8041292726993561,416,12893.925285235,0.8938906752411575,
1e-05,1765929462.6192663,0.0360477939248085,65087097.0,418.0,0.758129358291626,0.7984102368354797,417,12928.139550939,0.8960342979635584,
1e-05,1765929494.1441417,0.05058345943689346,65242953.0,419.0,0.706797182559967,0.8120622038841248,418,12959.664409467,0.8981779206859593,
1e-05,1765929530.2072084,0.04261893779039383,65403795.0,420.0,0.7322672605514526,0.8031532168388367,419,12995.727620765,0.9003215434083601,
1e-05,1765929563.8923388,0.03782850131392479,65567087.0,421.0,0.7528574466705322,0.8003593683242798,420,13029.412763784,0.902465166130761,
1e-05,1765929599.2315414,0.03817616403102875,65727717.0,422.0,0.710899293422699,0.8093811571598053,421,13064.751785858,0.9046087888531619,
1e-05,1765929632.2137506,0.04104062169790268,65883913.0,423.0,0.758297324180603,0.796486496925354,422,13097.734000154,0.9067524115755627,
1e-05,1765929666.6392844,0.04228737950325012,66040928.0,424.0,0.6599379777908325,0.8217696845531464,423,13132.159538462,0.9088960342979635,
1e-05,1765929687.5799465,0.03827817738056183,66182158.0,425.0,0.6799237728118896,0.8145166635513306,424,13153.100192427,0.9110396570203644,
1e-05,1765929716.790511,0.04042978584766388,66333993.0,426.0,0.7296743988990784,0.8030784428119659,425,13182.310769761,0.9131832797427653,
1e-05,1765929752.939317,0.05246037244796753,66494673.0,427.0,0.7639183402061462,0.7961480617523193,426,13218.459568681,0.9153269024651661,
1e-05,1765929787.9048142,0.0468798391520977,66655725.0,428.0,0.7584413290023804,0.7965865731239319,427,13253.42508739,0.917470525187567,
1e-05,1765929819.0457566,0.05116920545697212,66812443.0,429.0,0.7257516384124756,0.8040747046470642,428,13284.566020425,0.9196141479099679,
1e-05,1765929852.5459669,0.04497578367590904,66967415.0,430.0,0.7426680326461792,0.8008347749710083,429,13318.066242744,0.9217577706323687,
1e-05,1765929884.7437336,0.03897323086857796,67121525.0,431.0,0.753728985786438,0.7978582084178925,430,13350.263983894,0.9239013933547695,
1e-05,1765929916.0131915,0.07107439637184143,67280398.0,432.0,0.7374300956726074,0.8023771047592163,431,13381.533429251,0.9260450160771704,
1e-05,1765929948.9688509,0.038309287279844284,67430621.0,433.0,0.7349464297294617,0.80171999335289,432,13414.489104884,0.9281886387995713,
1e-05,1765929980.8080344,0.04195132479071617,67586335.0,434.0,0.6965370774269104,0.8128592669963837,433,13446.328287053,0.9303322615219721,
1e-05,1765930010.312882,0.03768817335367203,67746263.0,435.0,0.7185451984405518,0.8079479038715363,434,13475.833141727,0.932475884244373,
1e-05,1765930037.49776,0.04032303765416145,67898321.0,436.0,0.7231212854385376,0.8069844245910645,435,13503.017995965,0.9346195069667739,
1e-05,1765930068.5531662,0.040175508707761765,68043187.0,437.0,0.7079517841339111,0.8103951811790466,436,13534.073447312,0.9367631296891747,
1e-05,1765930089.464326,0.038947343826293945,68188476.0,438.0,0.7268097400665283,0.8047644197940826,437,13554.984608483,0.9389067524115756,
1e-05,1765930126.7270563,0.03948065638542175,68339622.0,439.0,0.7174578905105591,0.8055278062820435,438,13592.247337833,0.9410503751339764,
1e-05,1765930156.733064,0.0415419340133667,68495777.0,440.0,0.7021139860153198,0.8107355535030365,439,13622.25331864,0.9431939978563773,
1e-05,1765930193.9052966,0.03666428104043007,68660269.0,441.0,0.7546491622924805,0.797982931137085,440,13659.425559787,0.9453376205787781,
1e-05,1765930218.623158,0.04340362176299095,68808933.0,442.0,0.6776107549667358,0.8184649050235748,441,13684.143424589,0.947481243301179,
1e-05,1765930252.051217,0.04027177020907402,68971728.0,443.0,0.7392891049385071,0.8026146292686462,442,13717.571496801,0.9496248660235799,
1e-05,1765930288.6893153,0.043181583285331726,69132008.0,444.0,0.7400379180908203,0.8017441630363464,443,13754.209578712,0.9517684887459807,
1e-05,1765930317.984711,0.04363171011209488,69278688.0,445.0,0.7180100679397583,0.805719792842865,444,13783.505077953,0.9539121114683816,
1e-05,1765930353.5189488,0.0815543606877327,69432305.0,446.0,0.7067998647689819,0.8084195554256439,445,13819.039336793,0.9560557341907824,
1e-05,1765930390.5196342,0.04916217550635338,69591761.0,447.0,0.746110200881958,0.8003585040569305,446,13856.039904954,0.9581993569131833,
1e-05,1765930416.4461246,0.04935111850500107,69743971.0,448.0,0.7467055320739746,0.7989751994609833,447,13881.966355235,0.9603429796355841,
1e-05,1765930451.2732952,0.043420445173978806,69898458.0,449.0,0.7439111471176147,0.8010534942150116,448,13916.793573543,0.962486602357985,
1e-05,1765930488.288384,0.04006988927721977,70067672.0,450.0,0.7503546476364136,0.7991290092468262,449,13953.808635716,0.9646302250803859,
1e-05,1765930518.7488923,0.05732957273721695,70220457.0,451.0,0.6953378319740295,0.811136931180954,450,13984.26915114,0.9667738478027867,
1e-05,1765930548.108612,0.050733279436826706,70371898.0,452.0,0.7255014181137085,0.8046822249889374,451,14013.628872983,0.9689174705251876,
1e-05,1765930582.4144268,0.04140905663371086,70531855.0,453.0,0.7626867294311523,0.7947522699832916,452,14047.934685658,0.9710610932475884,
1e-05,1765930608.6721783,0.048591554164886475,70671343.0,454.0,0.6657116413116455,0.8205411434173584,453,14074.192443619,0.9732047159699893,
1e-05,1765930634.4517841,0.08677421510219574,70824566.0,455.0,0.7117360234260559,0.8100813329219818,454,14099.972055893,0.9753483386923901,
1e-05,1765930666.5672054,0.04186513274908066,70978442.0,456.0,0.7071328163146973,0.8109022974967957,455,14132.087423462,0.977491961414791,
1e-05,1765930695.3990993,0.03736415505409241,71138566.0,457.0,0.727145791053772,0.8049477636814117,456,14160.919318875,0.9796355841371919,
1e-05,1765930728.1209974,0.09644638001918793,71297085.0,458.0,0.7087740898132324,0.8112851083278656,457,14193.641256143,0.9817792068595927,
1e-05,1765930760.4759035,0.07703877985477448,71450804.0,459.0,0.7500618696212769,0.8018864691257477,458,14225.996175196,0.9839228295819936,
1e-05,1765930786.8390238,0.06616299599409103,71611452.0,460.0,0.6904172897338867,0.8132886588573456,459,14252.359287137,0.9860664523043944,
1e-05,1765930811.2815206,0.08378203958272934,71764514.0,461.0,0.71234130859375,0.8082548379898071,460,14276.801815051,0.9882100750267953,
1e-05,1765930841.0645597,0.0649643987417221,71924545.0,462.0,0.750357449054718,0.8011061549186707,461,14306.584829502,0.9903536977491961,
1e-05,1765930873.0861104,0.04367091506719589,72084518.0,463.0,0.7700040340423584,0.7936879098415375,462,14338.606558834,0.992497320471597,
1e-05,1765930902.48369,0.10030515491962433,72247869.0,464.0,0.7047800421714783,0.8104255199432373,463,14368.003982336,0.9946409431939979,
1e-05,1765930935.6366482,0.04578062519431114,72411161.0,465.0,0.7258278131484985,0.8051367998123169,464,14401.156876236,0.9967845659163987,
1e-05,1765930965.5654922,0.04706856235861778,72572058.0,466.0,0.7051981091499329,0.8115877211093903,465,14431.085706433,0.9989281886387996,
1e-05,1765930979.6763444,0.04706856235861778,72643344.0,467.0,0.6824322938919067,0.8147206902503967,466,14445.196582189,1.0,
,1765930986.3340385,,,467.0,,,467,14451.854087064,1.0,
,1766156488.561179,,,,,,468,14458.110501702,,0.7798582704384398
