train/global_step,train/mean_token_accuracy,_runtime,_timestamp,train/loss,train/learning_rate,train/num_tokens,_step,train/epoch,train/grad_norm
1,0.6688115298748016,43.528577111,1765916603.1506317,1.670913815498352,0.0001,136605.0,0,0.0021436227224008574,0.127024307847023
2,0.665281355381012,80.863087644,1765916640.4853766,1.6214357614517212,0.0001,292128.0,1,0.004287245444801715,0.16035103797912598
3,0.6861129701137543,112.607293462,1765916672.229562,1.4836983680725098,0.0001,444535.0,2,0.006430868167202572,0.14734424650669098
4,0.6837480962276459,141.995462284,1765916701.617783,1.436396837234497,0.0001,592263.0,3,0.00857449088960343,0.11673226207494736
5,0.6988382339477539,171.306534721,1765916730.928833,1.339335560798645,0.0001,737019.0,4,0.010718113612004287,0.08482785522937775
6,0.7139585316181183,204.833830215,1765916764.4561033,1.245011568069458,0.0001,896813.0,5,0.012861736334405145,0.05766582116484642
7,0.7139500975608826,242.993692518,1765916802.6159894,1.239668369293213,0.0001,1062679.0,6,0.015005359056806002,0.058889348059892654
8,0.7201291024684906,276.171108037,1765916835.7933545,1.1975873708724976,0.0001,1212566.0,7,0.01714898177920686,0.07569669932126999
9,0.7414858043193817,316.792013981,1765916876.4143016,1.0798711776733398,0.0001,1373797.0,8,0.01929260450160772,0.09048649668693542
10,0.7337917983531952,352.083895628,1765916911.7062082,1.1021947860717773,0.0001,1516877.0,9,0.021436227224008574,0.2538353502750397
11,0.7587747573852539,384.278874162,1765916943.9011545,1.008859634399414,0.0001,1663977.0,10,0.023579849946409433,0.09878630936145782
12,0.7736576199531555,416.359932684,1765916975.982178,0.9226739406585693,0.0001,1815907.0,11,0.02572347266881029,0.11229341477155685
13,0.784892350435257,453.082318234,1765917012.7045872,0.8866734504699707,0.0001,1971911.0,12,0.027867095391211148,0.06194194406270981
14,0.778631865978241,489.457256956,1765917049.0795255,0.898820161819458,0.0001,2135596.0,13,0.030010718113612004,0.05763378366827965
15,0.7890302836894989,522.368906344,1765917081.9912028,0.8455026149749756,0.0001,2285621.0,14,0.03215434083601286,0.05878666788339615
16,0.7913227081298828,556.82882569,1765917116.451131,0.8394831418991089,0.0001,2441090.0,15,0.03429796355841372,0.03966381028294563
17,0.7980936765670776,590.500839498,1765917150.1230843,0.804905891418457,0.0001,2591858.0,16,0.03644158628081458,0.03488679602742195
18,0.7904472649097443,626.237242258,1765917185.8595543,0.8256485462188721,0.0001,2754012.0,17,0.03858520900321544,0.03267036750912666
19,0.7907314896583557,661.739597533,1765917221.36189,0.8212801218032837,0.0001,2916829.0,18,0.04072883172561629,0.036256637424230576
20,0.7878842353820801,694.769166997,1765917254.3914382,0.8326935768127441,0.0001,3061305.0,19,0.04287245444801715,0.03332659602165222
21,0.7938850522041321,726.326736847,1765917285.9490316,0.8052895665168762,0.0001,3219127.0,20,0.04501607717041801,0.025045285001397133
22,0.7920838594436646,763.975058256,1765917323.5973186,0.8033567667007446,0.0001,3380158.0,21,0.04715969989281887,0.02626168169081211
23,0.7933832108974457,795.654089277,1765917355.2764018,0.800078272819519,0.0001,3539898.0,22,0.04930332261521972,0.027494248002767563
24,0.7956364154815674,819.73200601,1765917379.354282,0.7804003953933716,0.0001,3689574.0,23,0.05144694533762058,0.026104066520929337
25,0.7867838740348816,860.562358801,1765917420.1846354,0.8203144073486328,0.0001,3855970.0,24,0.05359056806002144,0.02045290544629097
26,0.8003022968769073,893.238158564,1765917452.8604434,0.7696701884269714,0.0001,4018658.0,25,0.055734190782422297,0.020616259425878525
27,0.7855015993118286,930.189393432,1765917489.8116813,0.8328577280044556,0.0001,4171160.0,26,0.05787781350482315,0.024240843951702118
28,0.8079602122306824,955.962952143,1765917515.585215,0.7319777011871338,0.0001,4314298.0,27,0.06002143622722401,0.026319602504372597
29,0.8017465174198151,986.196708712,1765917545.8190048,0.7564186453819275,0.0001,4468546.0,28,0.06216505894962487,0.01998901180922985
30,0.7895362377166748,1023.944616429,1765917583.5668964,0.8086997270584106,0.0001,4635984.0,29,0.06430868167202572,0.019771872088313103
31,0.8062632977962494,1051.629906344,1765917611.252239,0.7381176948547363,0.0001,4790352.0,30,0.06645230439442658,0.024916965514421463
32,0.7938991189002991,1085.477786858,1765917645.1000652,0.7895064949989319,0.0001,4956096.0,31,0.06859592711682744,0.01708807796239853
33,0.8070966005325317,1112.612133787,1765917672.2344427,0.7275261878967285,0.0001,5107640.0,32,0.0707395498392283,0.012865433469414711
34,0.8056551218032837,1146.602108137,1765917706.2243512,0.7342737913131714,0.0001,5265237.0,33,0.07288317256162916,0.011200765147805214
35,0.809336245059967,1179.076530343,1765917738.6987917,0.7216141223907471,0.0001,5419378.0,34,0.07502679528403002,0.011476051062345505
36,0.8040877282619476,1209.109656881,1765917768.7318947,0.7381744980812073,0.0001,5576075.0,35,0.07717041800643087,0.012254482135176659
37,0.8075435161590576,1235.83456724,1765917795.45682,0.7313328385353088,0.0001,5720029.0,36,0.07931404072883172,0.012531991116702557
38,0.8021716475486755,1271.632591549,1765917831.254875,0.7506608963012695,0.0001,5884915.0,37,0.08145766345123258,0.010475083254277706
39,0.8039774000644684,1306.245502916,1765917865.8678215,0.7405569553375244,0.0001,6032758.0,38,0.08360128617363344,0.011607670225203037
40,0.8022060394287109,1337.694444862,1765917897.3167148,0.7506768703460693,0.0001,6187550.0,39,0.0857449088960343,0.011758907698094845
41,0.7962934374809265,1375.696554462,1765917935.3188157,0.7670797109603882,0.0001,6355408.0,40,0.08788853161843516,0.010616535320878029
42,0.7976684868335724,1409.275219426,1765917968.8974085,0.7624655961990356,0.0001,6519771.0,41,0.09003215434083602,0.009767958894371986
43,0.8062798380851746,1439.644163692,1765917999.2664409,0.7256965637207031,0.0001,6672296.0,42,0.09217577706323687,0.013673273846507072
44,0.792753666639328,1479.913693638,1765918039.535944,0.7818889021873474,0.0001,6843136.0,43,0.09431939978563773,0.009732459671795368
45,0.7967005670070648,1519.966337909,1765918079.588438,0.7564142942428589,0.0001,6993296.0,44,0.09646302250803858,0.011060482822358608
46,0.8102187216281891,1556.43267068,1765918116.0549507,0.7136592268943787,0.0001,7142356.0,45,0.09860664523043944,0.013082757592201233
47,0.8093328475952148,1585.138664253,1765918144.7609353,0.7152317762374878,0.0001,7294167.0,46,0.1007502679528403,0.01003677025437355
48,0.7861656546592712,1626.235161325,1765918185.8574336,0.8143430948257446,0.0001,7470762.0,47,0.10289389067524116,0.012408767826855183
49,0.8060386776924133,1665.67440383,1765918225.2966774,0.7286654710769653,0.0001,7629052.0,48,0.10503751339764202,0.01138198934495449
50,0.8120711147785187,1691.511447226,1765918251.133778,0.7068072557449341,0.0001,7779609.0,49,0.10718113612004287,0.011627733707427979
51,0.8050174713134766,1726.887859884,1765918286.5100875,0.7308353781700134,0.0001,7927458.0,50,0.10932475884244373,0.012047612108290195
52,0.8087444007396698,1755.737074261,1765918315.359306,0.7139840126037598,0.0001,8078023.0,51,0.11146838156484459,0.010839235037565231
53,0.8061106204986572,1786.293779396,1765918345.9160542,0.7213927507400513,0.0001,8230483.0,52,0.11361200428724544,0.010743665508925915
54,0.814271479845047,1817.301696744,1765918376.9240236,0.6960435509681702,0.0001,8375984.0,53,0.1157556270096463,0.010706312023103237
55,0.7900375425815582,1853.573326612,1765918413.1956306,0.7897733449935913,0.0001,8547262.0,54,0.11789924973204716,0.0219807717949152
56,0.7981146574020386,1887.918085795,1765918447.540228,0.7634199857711792,0.0001,8704936.0,55,0.12004287245444802,0.03280065581202507
57,0.8054106831550598,1923.43161961,1765918483.0537586,0.7265893816947937,0.0001,8867795.0,56,0.12218649517684887,0.021710241213440895
58,0.8035058081150055,1952.275969893,1765918511.8982902,0.7320476770401001,0.0001,9019339.0,57,0.12433011789924973,0.0128871975466609
59,0.8019639849662781,1988.654650506,1765918548.2767923,0.7449898719787598,0.0001,9189045.0,58,0.1264737406216506,0.029767271131277084
60,0.8048595190048218,2019.647315398,1765918579.2695367,0.7283195853233337,0.0001,9353955.0,59,0.12861736334405144,0.030178917571902275
61,0.8177442848682404,2056.99605662,1765918616.6182942,0.6844949722290039,0.0001,9504744.0,60,0.1307609860664523,0.011075764894485474
62,0.7930519580841064,2092.288466422,1765918651.9107711,0.7727586030960083,0.0001,9662901.0,61,0.13290460878885316,0.024196865037083626
63,0.8194944262504578,2121.889820791,1765918681.511876,0.6677226424217224,0.0001,9809122.0,62,0.13504823151125403,0.0503528006374836
64,0.8089916408061981,2160.16983474,1765918719.7920706,0.7182420492172241,0.0001,9968473.0,63,0.13719185423365488,0.04477415606379509
65,0.8016122877597809,2197.672018566,1765918757.2942557,0.743388295173645,0.0001,10119334.0,64,0.13933547695605572,0.008665262721478939
66,0.8127536475658417,2222.228859791,1765918781.8511662,0.6974513530731201,0.0001,10259437.0,65,0.1414790996784566,0.04299540817737579
67,0.8004445135593414,2262.731063624,1765918822.3533924,0.7536841630935669,0.0001,10416011.0,66,0.14362272240085744,0.047666341066360474
68,0.8026795387268066,2291.81128049,1765918851.4335067,0.7380357980728149,0.0001,10566185.0,67,0.1457663451232583,0.011574818752706051
69,0.8103290796279907,2321.182017101,1765918880.8041441,0.708701491355896,0.0001,10715715.0,68,0.14790996784565916,0.03561897203326225
70,0.8051348030567169,2358.703755261,1765918918.326043,0.7253310680389404,0.0001,10880059.0,69,0.15005359056806003,0.034782811999320984
71,0.8070700168609619,2386.630523738,1765918946.252688,0.7149762511253357,0.0001,11036249.0,70,0.15219721329046088,0.008842906914651394
72,0.8043569028377533,2418.866768901,1765918978.4889078,0.728940486907959,0.0001,11186751.0,71,0.15434083601286175,0.038693785667419434
73,0.7975554764270782,2454.532884857,1765919014.1550493,0.7555127739906311,0.0001,11356082.0,72,0.1564844587352626,0.040299952030181885
74,0.8034478724002838,2487.205717082,1765919046.827904,0.736491322517395,0.0001,11514483.0,73,0.15862808145766344,0.009730804711580276
75,0.8056925237178802,2517.068055389,1765919076.6901126,0.7199720144271851,0.0001,11663606.0,74,0.1607717041800643,0.04013325646519661
76,0.804337352514267,2553.558412752,1765919113.180633,0.7288074493408203,0.0001,11816781.0,75,0.16291532690246516,0.0479842908680439
77,0.8024353086948395,2583.998693302,1765919143.6208239,0.7384413480758667,0.0001,11978438.0,76,0.16505894962486603,0.009270490147173405
78,0.8088108897209167,2614.225056302,1765919173.847345,0.7080095410346985,0.0001,12137976.0,77,0.16720257234726688,0.03216354921460152
79,0.8057168126106262,2646.879070407,1765919206.5011575,0.7377813458442688,0.0001,12295505.0,78,0.16934619506966775,0.0381535068154335
80,0.7999696731567383,2680.359963355,1765919239.982074,0.7457466125488281,0.0001,12452019.0,79,0.1714898177920686,0.04451199620962143
81,0.7973231673240662,2717.955269313,1765919277.5775685,0.7553328275680542,0.0001,12611435.0,80,0.17363344051446947,0.03715415671467781
82,0.8150271773338318,2755.815704724,1765919315.4378426,0.6899644136428833,0.0001,12770621.0,81,0.1757770632368703,0.010719374753534794
83,0.8070856630802155,2783.904401368,1765919343.526681,0.7202882766723633,0.0001,12917873.0,82,0.17792068595927116,0.028868185356259346
84,0.8113538920879364,2809.957140095,1765919369.579325,0.7035799026489258,0.0001,13056173.0,83,0.18006430868167203,0.04484737664461136
85,0.7967638671398163,2841.259326577,1765919400.8815775,0.756678581237793,0.0001,13211326.0,84,0.18220793140407288,0.024503249675035477
86,0.8019428253173828,2871.029025794,1765919430.6511567,0.7442637085914612,0.0001,13369675.0,85,0.18435155412647375,0.019333845004439354
87,0.8107239603996277,2906.383928552,1765919466.0059924,0.6992993354797363,0.0001,13509971.0,86,0.1864951768488746,0.047552794218063354
88,0.8040977120399475,2941.729183594,1765919501.3513374,0.735228419303894,0.0001,13673080.0,87,0.18863879957127547,0.03009733371436596
89,0.7920730710029602,2977.041575795,1765919536.6637268,0.7729223966598511,0.0001,13838935.0,88,0.1907824222936763,0.025314167141914368
90,0.7965894341468811,3017.312569312,1765919576.9346461,0.754132866859436,0.0001,14002150.0,89,0.19292604501607716,0.02526506409049034
91,0.806470513343811,3052.212321448,1765919611.834437,0.7252641916275024,0.0001,14156247.0,90,0.19506966773847803,0.02880755439400673
92,0.8046696484088898,3086.502717145,1765919646.1249936,0.7286452054977417,0.0001,14323035.0,91,0.19721329046087888,0.03934238851070404
93,0.7977205514907837,3124.323238082,1765919683.9454522,0.7655866742134094,0.0001,14490759.0,92,0.19935691318327975,0.013073114678263664
94,0.8062320947647095,3155.477096249,1765919715.0992703,0.7222347259521484,0.0001,14642384.0,93,0.2015005359056806,0.03934378921985626
95,0.8073195219039917,3185.525423867,1765919745.1475978,0.7121745944023132,0.0001,14786158.0,94,0.20364415862808147,0.011893987655639648
96,0.8096290826797485,3213.924346419,1765919773.5465875,0.7016151547431946,0.0001,14929253.0,95,0.2057877813504823,0.047601014375686646
97,0.8173781931400299,3251.2827337,1765919810.904799,0.6667773723602295,0.0001,15078062.0,96,0.20793140407288319,0.011794296093285084
98,0.7995372712612152,3286.609678782,1765919846.231894,0.7458369731903076,0.0001,15227850.0,97,0.21007502679528403,0.04828253388404846
99,0.8061267733573914,3325.752150365,1765919885.374406,0.7204970717430115,0.0001,15385692.0,98,0.21221864951768488,0.027465496212244034
100,0.8157412707805634,3362.90906917,1765919922.5313811,0.6921497583389282,0.0001,15540223.0,99,0.21436227224008575,0.04887963458895683
101,0.8160687386989594,3419.13445236,1765919978.756726,0.6845968961715698,0.0001,15695591.0,100,0.2165058949624866,0.044295478612184525
102,0.8063926696777344,3452.146538607,1765920011.7686083,0.7212914824485779,0.0001,15855000.0,101,0.21864951768488747,0.043134406208992004
103,0.800519198179245,3483.026638921,1765920042.648892,0.7408338785171509,0.0001,16010570.0,102,0.2207931404072883,0.0460302010178566
104,0.8043144047260284,3516.573869759,1765920076.196018,0.7196431756019592,0.0001,16175156.0,103,0.22293676312968919,0.028332021087408066
105,0.8036174476146698,3556.088883548,1765920115.7110517,0.7357617020606995,0.0001,16345184.0,104,0.22508038585209003,0.0422884076833725
106,0.8043093681335449,3590.386162776,1765920150.0084171,0.7310991883277893,0.0001,16496673.0,105,0.22722400857449088,0.009438415989279747
107,0.804216742515564,3625.704296337,1765920185.3265316,0.7407223582267761,0.0001,16650964.0,106,0.22936763129689175,0.041692640632390976
108,0.8002512156963348,3664.569024541,1765920224.1913278,0.7473599314689636,0.0001,16806131.0,107,0.2315112540192926,0.031547147780656815
109,0.8017321228981018,3698.470253914,1765920258.0925248,0.7551631331443787,0.0001,16971757.0,108,0.23365487674169347,0.04252874478697777
110,0.8091361224651337,3737.114909798,1765920296.737055,0.7105317115783691,0.0001,17125261.0,109,0.2357984994640943,0.04606160894036293
111,0.8101921379566193,3771.737601414,1765920331.3598628,0.7073284387588501,0.0001,17285808.0,110,0.2379421221864952,0.016530074179172516
112,0.8136938214302063,3811.9878514,1765920371.6100636,0.6969512104988098,0.0001,17436207.0,111,0.24008574490889603,0.04478460177779198
113,0.8029590249061584,3847.811826242,1765920407.4340734,0.7304019331932068,0.0001,17609651.0,112,0.2422293676312969,0.025796735659241676
114,0.8065553903579712,3884.232590993,1765920443.854674,0.7224726676940918,0.0001,17764531.0,113,0.24437299035369775,0.03276992216706276
115,0.8178764879703522,3919.769783392,1765920479.3920188,0.6804150342941284,0.0001,17923936.0,114,0.2465166130760986,0.0394742414355278
116,0.8143163919448853,3957.248331246,1765920516.870481,0.6941335201263428,0.0001,18080869.0,115,0.24866023579849947,0.013978375121951103
117,0.8036236464977264,3990.81150535,1765920550.433656,0.7355095148086548,0.0001,18244414.0,116,0.2508038585209003,0.03582536056637764
118,0.8011615872383118,4026.628417667,1765920586.2506697,0.7401677370071411,0.0001,18401734.0,117,0.2529474812433012,0.016620265319943428
119,0.811834990978241,4062.225718071,1765920621.8479345,0.6957238912582397,0.0001,18555213.0,118,0.25509110396570206,0.032541126012802124
120,0.7881558537483215,4103.387141115,1765920663.0094697,0.7923721671104431,0.0001,18729596.0,119,0.2572347266881029,0.021737318485975266
121,0.8100921809673309,4129.243511212,1765920688.865606,0.7008346319198608,0.0001,18874599.0,120,0.25937834941050375,0.02043594792485237
122,0.8026866018772125,4164.462122153,1765920724.0844245,0.7287222146987915,0.0001,19043580.0,121,0.2615219721329046,0.021321941167116165
123,0.8085653781890869,4193.840615771,1765920753.4628685,0.7140972018241882,0.0001,19188254.0,122,0.26366559485530544,0.011675785295665264
124,0.8136471509933472,4224.956155399,1765920784.57842,0.6869929432868958,0.0001,19336517.0,123,0.2658092175777063,0.023950939998030663
125,0.811033308506012,4257.397086142,1765920817.0193613,0.7039225697517395,0.0001,19494094.0,124,0.2679528403001072,0.009150133468210697
126,0.8071385622024536,4289.201125807,1765920848.8233657,0.7169274091720581,0.0001,19648425.0,125,0.27009646302250806,0.024937676265835762
127,0.8060043752193451,4322.270528031,1765920881.892625,0.7199599146842957,0.0001,19798344.0,126,0.2722400857449089,0.013324955478310585
128,0.8068156540393829,4351.960256865,1765920911.582415,0.7152568697929382,0.0001,19955841.0,127,0.27438370846730975,0.014085345901548862
129,0.8118337988853455,4382.58303574,1765920942.2052999,0.6995287537574768,0.0001,20107598.0,128,0.2765273311897106,0.021345099434256554
130,0.8119659721851349,4410.434092179,1765920970.0562096,0.6989948153495789,0.0001,20258362.0,129,0.27867095391211144,0.014212564565241337
131,0.7985284626483917,4446.213033153,1765921005.8351977,0.7438564300537109,0.0001,20412165.0,130,0.2808145766345123,0.009681031107902527
132,0.817152351140976,4472.968961274,1765921032.591107,0.6779133677482605,0.0001,20561798.0,131,0.2829581993569132,0.009529607370495796
133,0.8027901351451874,4505.319638244,1765921064.9418042,0.7300336360931396,0.0001,20720111.0,132,0.28510182207931406,0.010949089191854
134,0.8118664026260376,4537.459834694,1765921097.0820117,0.6981145739555359,0.0001,20876095.0,133,0.2872454448017149,0.009940288960933685
135,0.8072110116481781,4570.041254105,1765921129.6633754,0.718806803226471,0.0001,21031975.0,134,0.28938906752411575,0.009569790214300156
136,0.8150297701358795,4610.24867161,1765921169.8709366,0.6834946870803833,0.0001,21180614.0,135,0.2915326902465166,0.009726176969707012
137,0.7934904098510742,4649.129487742,1765921208.751585,0.7743717432022095,0.0001,21349138.0,136,0.2936763129689175,0.00929353479295969
138,0.7963561117649078,4684.140777084,1765921243.7630801,0.754933774471283,0.0001,21511590.0,137,0.2958199356913183,0.009582352824509144
139,0.8067442178726196,4715.981253553,1765921275.6035442,0.7172467708587646,0.0001,21656819.0,138,0.2979635584137192,0.010789548978209496
140,0.8005855679512024,4745.543010599,1765921305.1652963,0.7382307052612305,0.0001,21811238.0,139,0.30010718113612006,0.009583096951246262
141,0.7929890155792236,4777.803354896,1765921337.4256356,0.7727539539337158,0.0001,21980388.0,140,0.3022508038585209,0.010751428082585335
142,0.7960564494132996,4816.531069114,1765921376.153325,0.7592064738273621,0.0001,22142594.0,141,0.30439442658092175,0.009844163432717323
143,0.7984195649623871,4850.521181747,1765921410.1434195,0.7527860403060913,0.0001,22299845.0,142,0.3065380493033226,0.010235350579023361
144,0.8094665110111237,4888.362351673,1765921447.984585,0.7165664434432983,0.0001,22465527.0,143,0.3086816720257235,0.00937464740127325
145,0.8137072920799255,4922.555926214,1765921482.1781683,0.6896766424179077,0.0001,22618289.0,144,0.3108252947481243,0.010298247449100018
146,0.8102727830410004,4955.745675872,1765921515.3679597,0.7040701508522034,0.0001,22770622.0,145,0.3129689174705252,0.01014153752475977
147,0.8173552453517914,4987.547407807,1765921547.1695063,0.6753664016723633,0.0001,22922597.0,146,0.31511254019292606,0.01125215645879507
148,0.809624433517456,5021.636133058,1765921581.2583985,0.70884108543396,0.0001,23075685.0,147,0.3172561629153269,0.010219801217317581
149,0.8091205358505249,5052.989440657,1765921612.611574,0.7112692594528198,0.0001,23239973.0,148,0.31939978563772775,0.011081383563578129
150,0.7990536987781525,5093.779916581,1765921653.4021647,0.7513484954833984,0.0001,23407446.0,149,0.3215434083601286,0.02076122909784317
151,0.8184770047664642,5128.020786246,1765921687.64304,0.6746616363525391,0.0001,23555395.0,150,0.3236870310825295,0.017697595059871674
152,0.8091694414615631,5159.345359434,1765921718.9675467,0.7199919819831848,0.0001,23712167.0,151,0.3258306538049303,0.014638555236160755
153,0.8023643493652344,5193.698768167,1765921753.320929,0.7314944267272949,0.0001,23869562.0,152,0.3279742765273312,0.019961237907409668
154,0.8029779195785522,5227.936324855,1765921787.5584447,0.7276595830917358,0.0001,24027568.0,153,0.33011789924973206,0.013938619755208492
155,0.8025745153427124,5261.37060968,1765921820.9927778,0.7390153408050537,0.0001,24183451.0,154,0.3322615219721329,0.013406536541879177
156,0.8081719279289246,5296.47054647,1765921856.0927927,0.7110753655433655,0.0001,24342400.0,155,0.33440514469453375,0.0188461784273386
157,0.7995014488697052,5337.419244874,1765921897.0415075,0.7502041459083557,0.0001,24500736.0,156,0.3365487674169346,0.011267119087278843
158,0.8118475675582886,5374.050180707,1765921933.6724734,0.6993213295936584,0.0001,24652820.0,157,0.3386923901393355,0.0320940800011158
159,0.805917501449585,5404.559320223,1765921964.181655,0.716496467590332,0.0001,24810632.0,158,0.3408360128617363,0.015341686084866524
160,0.8082815706729889,5444.779634774,1765922004.4019103,0.7057274580001831,0.0001,24968589.0,159,0.3429796355841372,0.014526475220918655
161,0.8018105030059814,5481.169066137,1765922040.7913961,0.7360067367553711,0.0001,25125017.0,160,0.34512325830653806,0.014248662628233433
162,0.8158449828624725,5516.689768934,1765922076.311995,0.6803671717643738,0.0001,25277188.0,161,0.34726688102893893,0.03200588375329971
163,0.8196746706962585,5549.089648296,1765922108.7118824,0.669670581817627,0.0001,25430057.0,162,0.34941050375133975,0.01555249560624361
164,0.8189580738544464,5586.663816945,1765922146.2861326,0.6752588152885437,0.0001,25583830.0,163,0.3515541264737406,0.013595765456557274
165,0.8048275411128998,5622.73746154,1765922182.3595579,0.7241348028182983,0.0001,25742285.0,164,0.3536977491961415,0.01173317153006792
166,0.8082252144813538,5663.580841262,1765922223.2031114,0.7090004682540894,0.0001,25907065.0,165,0.3558413719185423,0.027169248089194298
167,0.8129993081092834,5690.354344094,1765922249.9764414,0.689987063407898,0.0001,26051750.0,166,0.3579849946409432,0.024988893419504166
168,0.8068355023860931,5722.736114598,1765922282.3584125,0.7176929116249084,0.0001,26204362.0,167,0.36012861736334406,0.021412821486592293
169,0.8007351160049438,5760.190229485,1765922319.8123953,0.7428021430969238,0.0001,26364857.0,168,0.36227224008574493,0.010897244326770306
170,0.80978924036026,5786.414699347,1765922346.0368166,0.703915536403656,0.0001,26513585.0,169,0.36441586280814575,0.022680629044771194
171,0.8017467558383942,5821.778342911,1765922381.4004347,0.7421184182167053,0.0001,26680409.0,170,0.3665594855305466,0.01433319877833128
172,0.8190029263496399,5851.979452855,1765922411.6015797,0.6702032089233398,0.0001,26817383.0,171,0.3687031082529475,0.020941145718097687
173,0.8081774711608887,5884.36554461,1765922443.9876378,0.7170592546463013,0.0001,26962206.0,172,0.3708467309753483,0.020143914967775345
174,0.8114186525344849,5924.453517994,1765922484.0756152,0.6960445642471313,0.0001,27123276.0,173,0.3729903536977492,0.014968715608119965
175,0.8029877543449402,5962.466584575,1765922522.0886438,0.7325190305709839,0.0001,27290681.0,174,0.37513397642015006,0.01989414170384407
176,0.8039426803588867,5995.351765024,1765922554.9739435,0.7322008609771729,0.0001,27449673.0,175,0.37727759914255093,0.013387272134423256
177,0.8092600703239441,6026.249429711,1765922585.8716805,0.7055324912071228,0.0001,27601441.0,176,0.37942122186495175,0.020103970542550087
178,0.8086815774440765,6058.913537674,1765922618.5358016,0.7159067392349243,0.0001,27748300.0,177,0.3815648445873526,0.011393005028367043
179,0.8181350529193878,6097.473223976,1765922657.095446,0.6736437678337097,0.0001,27900973.0,178,0.3837084673097535,0.017530133947730064
180,0.8075193166732788,6135.376313926,1765922694.9985685,0.7145004272460938,0.0001,28057386.0,179,0.3858520900321543,0.020284995436668396
181,0.8055720031261444,6171.756848594,1765922731.3790884,0.7240688800811768,0.0001,28218433.0,180,0.3879957127545552,0.027305319905281067
182,0.8082927465438843,6212.974007815,1765922772.596267,0.7135798335075378,0.0001,28378531.0,181,0.39013933547695606,0.01120640430599451
183,0.8240879774093628,6238.772185721,1765922798.3943524,0.6483827829360962,0.0001,28517567.0,182,0.39228295819935693,0.02584398165345192
184,0.8154847025871277,6267.875928628,1765922827.498212,0.6807258725166321,0.0001,28678245.0,183,0.39442658092175775,0.011178637854754925
185,0.8061621785163879,6304.228981034,1765922863.8512223,0.7287290096282959,0.0001,28847748.0,184,0.3965702036441586,0.021495271474123
186,0.8078768253326416,6333.7745038,1765922893.396751,0.7167119383811951,0.0001,29003477.0,185,0.3987138263665595,0.012012194842100143
187,0.807761549949646,6374.107605409,1765922933.729905,0.7107383012771606,0.0001,29163981.0,186,0.4008574490889603,0.017031574621796608
188,0.8115401268005371,6406.16409334,1765922965.7863283,0.6969516277313232,0.0001,29313769.0,187,0.4030010718113612,0.013076546601951122
189,0.8110069036483765,6439.465714647,1765922999.0878725,0.6947402954101562,0.0001,29474111.0,188,0.40514469453376206,0.014018083922564983
190,0.802056759595871,6472.830168668,1765923032.4524236,0.7458131909370422,0.0001,29641339.0,189,0.40728831725616294,0.01816895231604576
191,0.8172167241573334,6505.964296675,1765923065.5865822,0.6800087690353394,0.0001,29795124.0,190,0.40943193997856375,0.014180905185639858
192,0.8058026134967804,6539.533102268,1765923099.1553283,0.722186803817749,0.0001,29956920.0,191,0.4115755627009646,0.02923431247472763
193,0.8000891208648682,6575.531019182,1765923135.1531386,0.7298859357833862,0.0001,30113790.0,192,0.4137191854233655,0.019184838980436325
194,0.8104918003082275,6615.574946082,1765923175.1972017,0.6987901329994202,0.0001,30267060.0,193,0.41586280814576637,0.015048868954181671
195,0.8063960671424866,6644.546026212,1765923204.1682484,0.7180618643760681,0.0001,30420733.0,194,0.4180064308681672,0.02321869321167469
196,0.8062157332897186,6682.110510592,1765923241.7326963,0.7175765633583069,0.0001,30582338.0,195,0.42015005359056806,0.023995498195290565
197,0.8181569874286652,6708.883771589,1765923268.506021,0.6801892518997192,0.0001,30735043.0,196,0.42229367631296894,0.010833117179572582
198,0.810328871011734,6738.798593655,1765923298.4208758,0.7060166001319885,0.0001,30885025.0,197,0.42443729903536975,0.029498806223273277
199,0.8093011379241943,6768.203219867,1765923327.8255057,0.7057651877403259,0.0001,31036663.0,198,0.4265809217577706,0.012140429578721523
200,0.8198308348655701,6796.771389996,1765923356.3936388,0.6685765981674194,0.0001,31184340.0,199,0.4287245444801715,0.029774842783808708
201,0.8064781725406647,6848.653249836,1765923408.2754276,0.7141085267066956,0.0001,31345142.0,200,0.43086816720257237,0.015077527612447739
202,0.8024688959121704,6878.599084315,1765923438.221177,0.7316508889198303,0.0001,31495847.0,201,0.4330117899249732,0.012766451574862003
203,0.8105732500553131,6915.693589815,1765923475.3157423,0.7016792893409729,0.0001,31654749.0,202,0.43515541264737406,0.011899762786924839
204,0.8076483905315399,6941.901167551,1765923501.5232878,0.7129669189453125,0.0001,31808152.0,203,0.43729903536977494,0.014300324954092503
205,0.8043294250965118,6976.489042899,1765923536.1112823,0.7298684120178223,0.0001,31977458.0,204,0.43944265809217575,0.021207965910434723
206,0.8110633194446564,7005.072290617,1765923564.6944864,0.698370099067688,0.0001,32129990.0,205,0.4415862808145766,0.018207972869277
207,0.7984412908554077,7044.577649003,1765923604.199731,0.7532925605773926,0.0001,32295318.0,206,0.4437299035369775,0.011915315873920918
208,0.8025014102458954,7080.664215595,1765923640.2864044,0.7350884675979614,0.0001,32458576.0,207,0.44587352625937837,0.026672471314668655
209,0.8073913156986237,7114.844387495,1765923674.4665155,0.7113963961601257,0.0001,32617496.0,208,0.4480171489817792,0.017139319330453873
210,0.8104679584503174,7154.879571529,1765923714.5016396,0.7066489458084106,0.0001,32779172.0,209,0.45016077170418006,0.03150135278701782
211,0.8127000629901886,7191.014108867,1765923750.6363492,0.6902135610580444,0.0001,32931223.0,210,0.45230439442658094,0.032724689692258835
212,0.8088085949420929,7226.476690283,1765923786.0990207,0.7010476589202881,0.0001,33081708.0,211,0.45444801714898175,0.024710725992918015
213,0.8087326288223267,7257.594307823,1765923817.2166338,0.7121784090995789,0.0001,33234519.0,212,0.4565916398713826,0.03842862322926521
214,0.812291294336319,7287.765157277,1765923847.3874068,0.6939460039138794,0.0001,33380554.0,213,0.4587352625937835,0.013410547748208046
215,0.8019295036792755,7328.156176039,1765923887.7784758,0.7368052005767822,0.0001,33541078.0,214,0.4608788853161844,0.03418594226241112
216,0.8086212873458862,7364.926430065,1765923924.5485632,0.7094407081604004,0.0001,33702070.0,215,0.4630225080385852,0.014163227751851082
217,0.8209823668003082,7397.552911589,1765923957.1751573,0.6659577488899231,0.0001,33851344.0,216,0.46516613076098606,0.034619830548763275
218,0.8110543489456177,7432.947995141,1765923992.5702496,0.7035001516342163,0.0001,34005428.0,217,0.46730975348338694,0.021107209846377373
219,0.8084648251533508,7461.788767094,1765924021.4108317,0.7065727710723877,0.0001,34142448.0,218,0.4694533762057878,0.02936577796936035
220,0.818953812122345,7491.960423505,1765924051.582657,0.667986273765564,0.0001,34293582.0,219,0.4715969989281886,0.027923496440052986
221,0.8036891222000122,7526.949938351,1765924086.5721636,0.737427294254303,0.0001,34448802.0,220,0.4737406216505895,0.024808421730995178
222,0.8097871541976929,7561.567072035,1765924121.1891809,0.6989506483078003,0.0001,34608650.0,221,0.4758842443729904,0.029481764882802963
223,0.8147354125976562,7597.032836323,1765924156.6549904,0.6849225163459778,0.0001,34765848.0,222,0.4780278670953912,0.010739751160144806
224,0.8159847855567932,7631.830451482,1765924191.4526005,0.6850680112838745,0.0001,34923587.0,223,0.48017148981779206,0.03626954182982445
225,0.8217035531997681,7654.920568786,1765924214.5428019,0.6555813550949097,0.0001,35061736.0,224,0.48231511254019294,0.02420630119740963
226,0.8050610721111298,7685.414664486,1765924245.036887,0.7201298475265503,0.0001,35224947.0,225,0.4844587352625938,0.037895768880844116
227,0.7951287925243378,7721.214749555,1765924280.8369877,0.761092483997345,0.0001,35383552.0,226,0.4866023579849946,0.030399443581700325
228,0.8101322650909424,7761.722230818,1765924321.3444796,0.7051814198493958,0.0001,35537848.0,227,0.4887459807073955,0.016945986077189445
229,0.8113930523395538,7790.474231082,1765924350.0963635,0.6979471445083618,0.0001,35694801.0,228,0.4908896034297964,0.03287334740161896
230,0.8111070692539215,7825.234346662,1765924384.8566296,0.7009405493736267,0.0001,35847389.0,229,0.4930332261521972,0.011898472905158997
231,0.8101913630962372,7859.901435919,1765924419.5236864,0.7074956297874451,0.0001,36001061.0,230,0.49517684887459806,0.02624640055000782
232,0.8097367584705353,7893.06420057,1765924452.6863554,0.7123447060585022,0.0001,36153435.0,231,0.49732047159699894,0.01971624791622162
233,0.8129590153694153,7925.228579948,1765924484.8507545,0.6960259079933167,0.0001,36308551.0,232,0.4994640943193998,0.01613585650920868
234,0.8135377168655396,7955.931486262,1765924515.553731,0.6940142512321472,0.0001,36451452.0,233,0.5016077170418006,0.02586515247821808
235,0.8189821243286133,7983.480185885,1765924543.1024537,0.6658183336257935,0.0001,36596648.0,234,0.5037513397642015,0.010684960521757603
236,0.8065078854560852,8022.281369481,1765924581.9035034,0.7079656720161438,0.0001,36751665.0,235,0.5058949624866024,0.026034174486994743
237,0.8097226321697235,8063.189026998,1765924622.811273,0.7112455368041992,0.0001,36908485.0,236,0.5080385852090032,0.01389515120536089
238,0.8227056562900543,8093.494572209,1765924653.1167412,0.6638364791870117,0.0001,37064151.0,237,0.5101822079314041,0.02154150791466236
239,0.8089434504508972,8123.692257744,1765924683.3144958,0.7074769735336304,0.0001,37217517.0,238,0.5123258306538049,0.01880316622555256
240,0.821530669927597,8151.045786498,1765924710.667928,0.6588513851165771,0.0001,37367961.0,239,0.5144694533762058,0.01610393077135086
241,0.8114329278469086,8188.665390888,1765924748.287654,0.696448802947998,0.0001,37526897.0,240,0.5166130760986066,0.02080535516142845
242,0.7992078363895416,8219.277325574,1765924778.8994694,0.744320273399353,0.0001,37685668.0,241,0.5187566988210075,0.011456421576440334
243,0.812213271856308,8253.381200584,1765924813.0034666,0.696605920791626,0.0001,37839489.0,242,0.5209003215434084,0.02183552458882332
244,0.8046100437641144,8284.586160116,1765924844.2084324,0.7239216566085815,0.0001,37997238.0,243,0.5230439442658092,0.011784178204834461
245,0.7943570017814636,8325.592073254,1765924885.2142746,0.7656219005584717,0.0001,38168011.0,244,0.5251875669882101,0.017756305634975433
246,0.807817667722702,8357.485072564,1765924917.107405,0.7166486382484436,0.0001,38326230.0,245,0.5273311897106109,0.018557820469141006
247,0.8220303952693939,8390.87760033,1765924950.4998431,0.6659328937530518,0.0001,38478252.0,246,0.5294748124330118,0.017861446365714073
248,0.814180463552475,8418.429519156,1765924978.0518212,0.6840676069259644,0.0001,38625546.0,247,0.5316184351554126,0.019126538187265396
249,0.8123349845409393,8455.059605885,1765925014.6817563,0.6914582848548889,0.0001,38771391.0,248,0.5337620578778135,0.016238262876868248
250,0.8072754740715027,8491.106075339,1765925050.728349,0.7110735177993774,0.0001,38929652.0,249,0.5359056806002144,0.016534600406885147
251,0.8047486245632172,8520.873167104,1765925080.4954634,0.7132263779640198,0.0001,39078825.0,250,0.5380493033226152,0.011700967326760292
252,0.8038555085659027,8556.856084081,1765925116.478373,0.7279484272003174,0.0001,39250764.0,251,0.5401929260450161,0.01749294251203537
253,0.8155790567398071,8592.35619627,1765925151.9783466,0.68216472864151,0.0001,39401652.0,252,0.5423365487674169,0.011868205852806568
254,0.8121893405914307,8625.721702506,1765925185.3439047,0.6985131502151489,0.0001,39556368.0,253,0.5444801714898178,0.015905100852251053
255,0.8152765929698944,8655.73576484,1765925215.3580446,0.6806862950325012,0.0001,39716091.0,254,0.5466237942122186,0.014043271541595459
256,0.8106911778450012,8684.967216125,1765925244.5893886,0.7033947110176086,0.0001,39864668.0,255,0.5487674169346195,0.015205292962491512
257,0.7993508279323578,8717.863240295,1765925277.485522,0.7377502918243408,0.0001,40026842.0,256,0.5509110396570204,0.016966048628091812
258,0.8109171688556671,8752.444790431,1765925312.067108,0.6995738744735718,0.0001,40185219.0,257,0.5530546623794212,0.015288196504116058
259,0.8053176403045654,8783.314510516,1765925342.9366808,0.7192732095718384,0.0001,40338073.0,258,0.5551982851018221,0.01654423028230667
260,0.8018515408039093,8819.072604887,1765925378.6948743,0.7340071797370911,0.0001,40501465.0,259,0.5573419078242229,0.01108646858483553
261,0.8085455596446991,8855.64088971,1765925415.2630527,0.7066788077354431,0.0001,40657227.0,260,0.5594855305466238,0.018957825377583504
262,0.8158847093582153,8890.973679256,1765925450.5959597,0.6821017265319824,0.0001,40807442.0,261,0.5616291532690246,0.01165798120200634
263,0.8063216209411621,8924.692663514,1765925484.314941,0.714323103427887,0.0001,40956359.0,262,0.5637727759914255,0.01728280447423458
264,0.8079972863197327,8959.482414715,1765925519.1045938,0.7077102065086365,0.0001,41113297.0,263,0.5659163987138264,0.012883980758488178
265,0.8074344992637634,9000.545930408,1765925560.1681662,0.7074768543243408,0.0001,41267327.0,264,0.5680600214362272,0.01279495656490326
266,0.817505270242691,9025.597381537,1765925585.2195356,0.6766959428787231,0.0001,41416137.0,265,0.5702036441586281,0.01371085923165083
267,0.8127282559871674,9057.998703577,1765925617.6209505,0.695389986038208,0.0001,41572626.0,266,0.572347266881029,0.011468552052974701
268,0.8166726231575012,9089.262822106,1765925648.8850074,0.6790428757667542,0.0001,41724870.0,267,0.5744908896034298,0.011712547391653061
269,0.8174542486667633,9126.115848678,1765925685.738061,0.673791229724884,0.0001,41882397.0,268,0.5766345123258306,0.012383897788822651
270,0.803449422121048,9158.466643205,1765925718.088974,0.7179211378097534,0.0001,42044695.0,269,0.5787781350482315,0.011878768913447857
271,0.8041608929634094,9190.952118974,1765925750.5743227,0.7265022993087769,0.0001,42195750.0,270,0.5809217577706324,0.012548101134598255
272,0.8071469962596893,9225.030896029,1765925784.6530776,0.7198361754417419,0.0001,42347658.0,271,0.5830653804930332,0.011330596171319485
273,0.8026805222034454,9257.908077428,1765925817.5302167,0.7237729430198669,0.0001,42499617.0,272,0.5852090032154341,0.012757015414536
274,0.8173345625400543,9290.34034918,1765925849.9624808,0.6761322021484375,0.0001,42648060.0,273,0.587352625937835,0.011418578214943409
275,0.813087522983551,9322.481121199,1765925882.1033797,0.6907119750976562,0.0001,42799438.0,274,0.5894962486602358,0.011548192240297794
276,0.8138261139392853,9358.788978553,1765925918.4112709,0.6896447539329529,0.0001,42945465.0,275,0.5916398713826366,0.012411070056259632
277,0.8168058395385742,9390.160784517,1765925949.7830188,0.6744542121887207,0.0001,43089377.0,276,0.5937834941050375,0.01142409909516573
278,0.802191287279129,9431.369186226,1765925990.991308,0.7389792799949646,0.0001,43253006.0,277,0.5959271168274384,0.010899804532527924
279,0.8103235065937042,9469.284877949,1765926028.9071307,0.6998636722564697,0.0001,43420433.0,278,0.5980707395498392,0.010462982580065727
280,0.8123053908348083,9500.524017073,1765926060.1462967,0.6992675065994263,0.0001,43577695.0,279,0.6002143622722401,0.012504367157816887
281,0.8123463094234467,9541.095042124,1765926100.717309,0.6919544339179993,0.0001,43738482.0,280,0.602357984994641,0.011754205450415611
282,0.8098165392875671,9580.605313146,1765926140.227584,0.7010008096694946,0.0001,43895774.0,281,0.6045016077170418,0.011106600053608418
283,0.8114925026893616,9609.743107406,1765926169.3654103,0.7002326846122742,0.0001,44045728.0,282,0.6066452304394426,0.011627299711108208
284,0.807061493396759,9646.413229825,1765926206.0353985,0.701675295829773,0.0001,44207082.0,283,0.6087888531618435,0.012181284837424755
285,0.8063422739505768,9682.142594206,1765926241.7648678,0.7192481756210327,0.0001,44360492.0,284,0.6109324758842444,0.011799591593444347
286,0.8208831250667572,9716.053811619,1765926275.6759572,0.6577394604682922,0.0001,44507249.0,285,0.6130760986066452,0.011596178635954857
287,0.8148203790187836,9751.045550987,1765926310.6677904,0.694129228591919,0.0001,44657380.0,286,0.6152197213290461,0.011217513121664524
288,0.8126046657562256,9780.182969914,1765926339.8051348,0.693600058555603,0.0001,44809690.0,287,0.617363344051447,0.011719738133251667
289,0.8180907070636749,9807.19026658,1765926366.8124616,0.6682090759277344,0.0001,44958006.0,288,0.6195069667738478,0.011328792199492455
290,0.8080640733242035,9840.165269618,1765926399.787471,0.7158578634262085,0.0001,45127484.0,289,0.6216505894962486,0.010969940572977066
291,0.8006750643253326,9876.956428923,1765926436.578536,0.7438651323318481,0.0001,45288670.0,290,0.6237942122186495,0.011407081969082355
292,0.8151488900184631,9903.258382263,1765926462.8805757,0.678784966468811,0.0001,45435435.0,291,0.6259378349410504,0.011861742474138737
293,0.8130162060260773,9935.407616312,1765926495.029856,0.6929343938827515,0.0001,45582758.0,292,0.6280814576634512,0.011990347877144814
294,0.8175668120384216,9966.780281766,1765926526.4024537,0.6710481643676758,0.0001,45724786.0,293,0.6302250803858521,0.012071503326296806
295,0.8144527673721313,9996.450682998,1765926556.0729356,0.6842830181121826,0.0001,45875653.0,294,0.632368703108253,0.012233948335051537
296,0.8148673176765442,10028.364136675,1765926587.9864442,0.6813439726829529,0.0001,46026612.0,295,0.6345123258306538,0.011693371459841728
297,0.8147909343242645,10058.39835607,1765926618.0206301,0.6849891543388367,0.0001,46173537.0,296,0.6366559485530546,0.012204303406178951
298,0.8057255148887634,10092.637597883,1765926652.2596416,0.7209316492080688,0.0001,46337020.0,297,0.6387995712754555,0.011498674750328064
299,0.8121183514595032,10124.285322204,1765926683.9074686,0.7036343812942505,0.0001,46484878.0,298,0.6409431939978564,0.012427830137312412
300,0.8089252710342407,10156.783361064,1765926716.4055176,0.6993089914321899,0.0001,46638837.0,299,0.6430868167202572,0.011208681389689445
301,0.812511682510376,10204.875881198,1765926764.4981263,0.6941202878952026,0.0001,46792654.0,300,0.6452304394426581,0.012841349467635155
302,0.804830402135849,10235.843643373,1765926795.4658108,0.7160839438438416,0.0001,46956735.0,301,0.647374062165059,0.011013633571565151
303,0.8023654520511627,10276.299536389,1765926835.9217658,0.737004280090332,0.0001,47119017.0,302,0.6495176848874598,0.011848298832774162
304,0.811236560344696,10314.809876759,1765926874.4320893,0.6958144903182983,0.0001,47277064.0,303,0.6516613076098606,0.01176273450255394
305,0.8083460628986359,10354.790479408,1765926914.412589,0.7002260684967041,0.0001,47425177.0,304,0.6538049303322615,0.011739359237253666
306,0.8192829787731171,10381.497835606,1765926941.1200845,0.6670448780059814,0.0001,47567815.0,305,0.6559485530546624,0.012346534989774227
307,0.8197146654129028,10412.078205551,1765926971.700467,0.6522577404975891,0.0001,47711542.0,306,0.6580921757770632,0.011909869499504566
308,0.8113393187522888,10444.592545043,1765927004.2148128,0.704774022102356,0.0001,47867963.0,307,0.6602357984994641,0.011710853315889835
309,0.8127912282943726,10480.644492208,1765927040.2668154,0.6861522197723389,0.0001,48027087.0,308,0.662379421221865,0.011565405875444412
310,0.8028837144374847,10513.441175014,1765927073.0632477,0.72662353515625,0.0001,48181216.0,309,0.6645230439442658,0.011809296905994415
311,0.8003692924976349,10549.593567755,1765927109.2158098,0.747141420841217,0.0001,48346653.0,310,0.6666666666666666,0.011814141646027565
312,0.8018324375152588,10582.281659683,1765927141.903939,0.7408750057220459,0.0001,48515202.0,311,0.6688102893890675,0.0116630420088768
313,0.8071277439594269,10615.684621793,1765927175.3068604,0.7199715375900269,0.0001,48681596.0,312,0.6709539121114684,0.011033662594854832
314,0.8226399421691895,10650.513476218,1765927210.135696,0.6492507457733154,0.0001,48830511.0,313,0.6730975348338692,0.01171526126563549
315,0.8070855736732483,10688.561459068,1765927248.183626,0.7188732624053955,0.0001,48979750.0,314,0.6752411575562701,0.013348562642931938
316,0.814326286315918,10727.646384329,1765927287.2685096,0.6950265765190125,0.0001,49140486.0,315,0.677384780278671,0.013414162211120129
317,0.8135482668876648,10768.364500161,1765927327.9866855,0.692880392074585,0.0001,49297672.0,316,0.6795284030010718,0.011496898718178272
318,0.8139229416847229,10798.373388025,1765927357.9956527,0.6917896270751953,0.0001,49448662.0,317,0.6816720257234726,0.013949044048786163
319,0.8131987452507019,10832.385056198,1765927392.007231,0.6932121515274048,0.0001,49615721.0,318,0.6838156484458735,0.01299276016652584
320,0.8174684345722198,10864.187707369,1765927423.8098102,0.6698266267776489,0.0001,49770136.0,319,0.6859592711682744,0.012973717413842678
321,0.8092232644557953,10897.922222192,1765927457.544458,0.7110289335250854,0.0001,49932945.0,320,0.6881028938906752,0.012026472017168999
322,0.8179603517055511,10931.665042408,1765927491.287255,0.6698207855224609,0.0001,50079045.0,321,0.6902465166130761,0.01606263965368271
323,0.8067151308059692,10968.866863433,1765927528.4890172,0.7132338881492615,0.0001,50243726.0,322,0.692390139335477,0.014695877209305763
324,0.8141087889671326,11008.916084225,1765927568.5383406,0.6942816972732544,0.0001,50404071.0,323,0.6945337620578779,0.012362231500446796
325,0.806095540523529,11045.46775326,1765927605.0899103,0.7172533869743347,0.0001,50557944.0,324,0.6966773847802786,0.014431141316890717
326,0.8095342516899109,11081.464587392,1765927641.0868342,0.7099990844726562,0.0001,50723566.0,325,0.6988210075026795,0.012487031519412994
327,0.8266006708145142,11113.210025302,1765927672.8321102,0.6358939409255981,0.0001,50868735.0,326,0.7009646302250804,0.019819017499685287
328,0.8073233962059021,11145.216825849,1765927704.8389254,0.7126175761222839,0.0001,51027679.0,327,0.7031082529474812,0.013660600408911705
329,0.8024024963378906,11186.045848984,1765927745.6681032,0.7310985922813416,0.0001,51188474.0,328,0.7052518756698821,0.013810171745717525
330,0.8174842298030853,11217.82846852,1765927777.45063,0.6684379577636719,0.0001,51334182.0,329,0.707395498392283,0.016944486647844315
331,0.8100908696651459,11254.210676262,1765927813.832871,0.7050899267196655,0.0001,51499899.0,330,0.7095391211146839,0.011426549404859543
332,0.8170319497585297,11285.552474598,1765927845.1747482,0.6759612560272217,0.0001,51645111.0,331,0.7116827438370846,0.014945229515433311
333,0.8181024789810181,11316.010821935,1765927875.6328313,0.6669876575469971,0.0001,51795720.0,332,0.7138263665594855,0.013889809139072895
334,0.8251444697380066,11346.79515285,1765927906.4172525,0.6364915370941162,0.0001,51934189.0,333,0.7159699892818864,0.01298164576292038
335,0.8046599626541138,11385.722443938,1765927945.344604,0.7213541865348816,0.0001,52086111.0,334,0.7181136120042872,0.016326377168297768
336,0.811149388551712,11413.633970032,1765927973.2562382,0.6976029872894287,0.0001,52241632.0,335,0.7202572347266881,0.011712539941072464
337,0.8093158304691315,11452.704928986,1765928012.3271952,0.7028546929359436,0.0001,52403245.0,336,0.722400857449089,0.015530543401837349
338,0.8065529763698578,11485.413051353,1765928045.0352154,0.7215662002563477,0.0001,52567275.0,337,0.7245444801714899,0.011953926645219326
339,0.8075217604637146,11521.003913635,1765928080.6261477,0.7116696834564209,0.0001,52733506.0,338,0.7266881028938906,0.012338126078248024
340,0.8109531104564667,11555.976590018,1765928115.5987964,0.7013967037200928,0.0001,52884795.0,339,0.7288317256162915,0.013202125206589699
341,0.8093287348747253,11588.128049131,1765928147.7503548,0.699895977973938,0.0001,53039775.0,340,0.7309753483386924,0.01586596854031086
342,0.8047876954078674,11625.778242666,1765928185.4005027,0.7199794054031372,0.0001,53204226.0,341,0.7331189710610932,0.011481367982923985
343,0.8141598999500275,11654.718735472,1765928214.340902,0.6843483448028564,0.0001,53357002.0,342,0.7352625937834941,0.01317522767931223
344,0.8091232180595398,11684.617815875,1765928244.240051,0.7013214826583862,0.0001,53512592.0,343,0.737406216505895,0.012078696861863136
345,0.8009273707866669,11722.365706448,1765928281.9878263,0.7448091506958008,0.0001,53675222.0,344,0.7395498392282959,0.01343839056789875
346,0.794283926486969,11762.824292363,1765928322.446575,0.7557027339935303,0.0001,53837794.0,345,0.7416934619506966,0.01168238464742899
347,0.8100015223026276,11799.233876522,1765928358.856162,0.7052326202392578,0.0001,53990810.0,346,0.7438370846730975,0.012841347604990005
348,0.8154691159725189,11837.153444227,1765928396.7757223,0.6820434331893921,0.0001,54142452.0,347,0.7459807073954984,0.011514941230416298
349,0.8160532116889954,11874.86107237,1765928434.4833224,0.6788601875305176,0.0001,54294279.0,348,0.7481243301178992,0.014022612012922764
350,0.8204583823680878,11903.121960368,1765928462.74421,0.6712530851364136,0.0001,54445597.0,349,0.7502679528403001,0.013270257040858269
351,0.8104863166809082,11940.242489057,1765928499.8646297,0.7072238922119141,0.0001,54603343.0,350,0.752411575562701,0.012074046768248081
352,0.8209508955478668,11973.927570845,1765928533.54979,0.6619430780410767,0.0001,54759468.0,351,0.7545551982851019,0.012178279459476471
353,0.8134525120258331,12008.421840916,1765928568.044154,0.6828523874282837,0.0001,54913059.0,352,0.7566988210075026,0.014509630389511585
354,0.8125056624412537,12046.142413745,1765928605.7645802,0.6941331028938293,0.0001,55070490.0,353,0.7588424437299035,0.015734948217868805
355,0.8062235116958618,12081.986153506,1765928641.6083775,0.7188031673431396,0.0001,55234816.0,354,0.7609860664523044,0.012678893283009529
356,0.8087023794651031,12109.137507788,1765928668.759742,0.7039130926132202,0.0001,55387388.0,355,0.7631296891747053,0.018582867458462715
357,0.8190475404262543,12144.34141929,1765928703.9635673,0.6744647026062012,0.0001,55538411.0,356,0.7652733118971061,0.01204468123614788
358,0.8135117292404175,12181.155616557,1765928740.7778354,0.6859856247901917,0.0001,55688433.0,357,0.767416934619507,0.021735871210694313
359,0.8120230436325073,12209.383249965,1765928769.0053625,0.6932199597358704,0.0001,55839265.0,358,0.7695605573419079,0.014633584767580032
360,0.82264244556427,12244.610009226,1765928804.2321575,0.6544312238693237,0.0001,55990505.0,359,0.7717041800643086,0.016408300027251244
361,0.806529700756073,12284.224071766,1765928843.8462706,0.7215442061424255,0.0001,56160090.0,360,0.7738478027867095,0.014346759766340256
362,0.8129733204841614,12313.996007487,1765928873.618249,0.6910660862922668,0.0001,56315482.0,361,0.7759914255091104,0.016527751460671425
363,0.8044430017471313,12351.771895403,1765928911.3942158,0.7221661806106567,0.0001,56478778.0,362,0.7781350482315113,0.015497943386435509
364,0.8052147328853607,12389.799230106,1765928949.4213288,0.710148811340332,0.0001,56640621.0,363,0.7802786709539121,0.012452020309865475
365,0.8078158497810364,12429.085488156,1765928988.707708,0.7105432748794556,0.0001,56808271.0,364,0.782422293676313,0.012911370024085045
366,0.8104234337806702,12465.410735037,1765929025.0329633,0.7010413408279419,0.0001,56962569.0,365,0.7845659163987139,0.01319258101284504
367,0.810033917427063,12496.008489474,1765929055.6306746,0.698885977268219,0.0001,57113382.0,366,0.7867095391211146,0.015772545710206032
368,0.8029901087284088,12536.816640818,1765929096.4388785,0.7240440845489502,0.0001,57283115.0,367,0.7888531618435155,0.013288941234350204
369,0.8164447844028473,12572.763279368,1765929132.3855052,0.6744195818901062,0.0001,57431980.0,368,0.7909967845659164,0.018242958933115005
370,0.8095725774765015,12613.407461213,1765929173.029641,0.7060170769691467,0.0001,57593151.0,369,0.7931404072883173,0.015710031613707542
371,0.8091304302215576,12654.988394418,1765929214.6106727,0.7084301710128784,0.0001,57769554.0,370,0.7952840300107181,0.01594035141170025
372,0.8138613104820251,12696.107049023,1765929255.72921,0.6961396932601929,0.0001,57930187.0,371,0.797427652733119,0.013728936202824116
373,0.8146089017391205,12736.288164395,1765929295.9103174,0.685901403427124,0.0001,58089895.0,372,0.7995712754555199,0.017339447513222694
374,0.8187597990036011,12763.216336459,1765929322.83851,0.6698297262191772,0.0001,58237921.0,373,0.8017148981779206,0.014524878934025764
375,0.8154491782188416,12797.332157623,1765929356.9544024,0.6794692277908325,0.0001,58386574.0,374,0.8038585209003215,0.020908920094370842
376,0.8181772828102112,12827.804793272,1765929387.4270737,0.6720702648162842,0.0001,58531794.0,375,0.8060021436227224,0.01951613649725914
377,0.8150653541088104,12857.982172252,1765929417.6044354,0.6835722327232361,0.0001,58679304.0,376,0.8081457663451233,0.01793838106095791
378,0.8070098757743835,12891.422078164,1765929451.044341,0.715039074420929,0.0001,58827963.0,377,0.8102893890675241,0.025282982736825943
379,0.8202701210975647,12921.456384717,1765929481.078628,0.671113133430481,0.0001,58968065.0,378,0.812433011789925,0.012416600249707699
380,0.8143343329429626,12954.759583159,1765929514.3818908,0.6936010122299194,0.0001,59119596.0,379,0.8145766345123259,0.020522605627775192
381,0.8139654099941254,12989.308759962,1765929548.9308891,0.6825342178344727,0.0001,59282269.0,380,0.8167202572347267,0.013104570098221302
382,0.8145173788070679,13030.206976826,1765929589.8291078,0.690679132938385,0.0001,59449069.0,381,0.8188638799571275,0.01918911561369896
383,0.8122589886188507,13060.437400172,1765929620.05953,0.6940904855728149,0.0001,59602942.0,382,0.8210075026795284,0.013793403282761574
384,0.8090323507785797,13092.202495459,1765929651.8247635,0.7050641775131226,0.0001,59763486.0,383,0.8231511254019293,0.021290794014930725
385,0.8174511790275574,13128.50549045,1765929688.1276114,0.6747608184814453,0.0001,59914007.0,384,0.8252947481243301,0.01568971388041973
386,0.8219971656799316,13155.759488025,1765929715.381632,0.6481209993362427,0.0001,60056933.0,385,0.827438370846731,0.019955947995185852
387,0.8111580312252045,13192.490032536,1765929752.1123264,0.6971489191055298,0.0001,60219888.0,386,0.8295819935691319,0.01695496216416359
388,0.8135953843593597,13233.031917462,1765929792.6541634,0.6865419745445251,0.0001,60373832.0,387,0.8317256162915327,0.01520594023168087
389,0.8183022439479828,13260.678678755,1765929820.3008964,0.6788020133972168,0.0001,60526958.0,388,0.8338692390139335,0.02168898843228817
390,0.8173247277736664,13288.073344265,1765929847.6954207,0.6779541373252869,0.0001,60680957.0,389,0.8360128617363344,0.014482030645012856
391,0.8087160587310791,13327.792655369,1765929887.414794,0.7030946016311646,0.0001,60844353.0,390,0.8381564844587353,0.012337428517639637
392,0.8222653567790985,13353.558671946,1765929913.1809762,0.6570237874984741,0.0001,60988093.0,391,0.8403001071811361,0.012620950117707253
393,0.8134431540966034,13385.148908346,1765929944.771084,0.6864806413650513,0.0001,61139257.0,392,0.842443729903537,0.012542925775051117
394,0.8083852231502533,13420.055200823,1765929979.6774027,0.7108813524246216,0.0001,61294373.0,393,0.8445873526259379,0.012712372466921806
395,0.8000311851501465,13457.661690335,1765930017.283938,0.7370913624763489,0.0001,61460962.0,394,0.8467309753483387,0.012999399565160275
396,0.8254301249980927,13496.260370724,1765930055.882486,0.6396909952163696,0.0001,61610443.0,395,0.8488745980707395,0.014600858092308044
397,0.8173510730266571,13529.55990256,1765930089.182143,0.6808234453201294,0.0001,61767622.0,396,0.8510182207931404,0.012240356765687466
398,0.8118032515048981,13557.005295341,1765930116.6274529,0.6988963484764099,0.0001,61927294.0,397,0.8531618435155413,0.012669064104557037
399,0.8132767975330353,13589.630007705,1765930149.2521307,0.6947622299194336,0.0001,62087657.0,398,0.8553054662379421,0.012725294567644596
400,0.8074744343757629,13624.411799987,1765930184.0340765,0.7156078815460205,0.0001,62242685.0,399,0.857449088960343,0.012219329364597797
401,0.8192118108272552,13670.122162373,1765930229.744354,0.6637986898422241,0.0001,62393085.0,400,0.8595927116827439,0.011991622857749462
402,0.8213498592376709,13696.945374498,1765930256.5674436,0.6585342884063721,0.0001,62538285.0,401,0.8617363344051447,0.01434173434972763
403,0.8081718981266022,13733.814662293,1765930293.436983,0.7159707546234131,0.0001,62701391.0,402,0.8638799571275455,0.014478923752903938
404,0.8084622323513031,13773.565552066,1765930333.1878743,0.7072542905807495,0.0001,62848535.0,403,0.8660235798499464,0.01334090530872345
405,0.8144423365592957,13809.381780037,1765930369.0040076,0.6806482076644897,0.0001,63001586.0,404,0.8681672025723473,0.015941530466079712
406,0.8104308843612671,13842.086649467,1765930401.708812,0.7015336751937866,0.0001,63162806.0,405,0.8703108252947481,0.012322052381932735
407,0.8093554675579071,13871.697162549,1765930431.3193667,0.6988250017166138,0.0001,63324619.0,406,0.872454448017149,0.016074277460575104
408,0.8074507713317871,13905.003020232,1765930464.6252382,0.7100703716278076,0.0001,63484446.0,407,0.8745980707395499,0.012300278060138226
409,0.8004361987113953,13945.34160362,1765930504.96383,0.7311217188835144,0.0001,63657343.0,408,0.8767416934619507,0.015552777796983719
410,0.7994299530982971,13983.52796073,1765930543.150213,0.7480061650276184,0.0001,63815011.0,409,0.8788853161843515,0.013671091757714748
411,0.8167186081409454,14021.362203399,1765930580.9843795,0.6747146248817444,0.0001,63974464.0,410,0.8810289389067524,0.016071461141109467
412,0.8153700828552246,14058.436756063,1765930618.0590208,0.689910352230072,0.0001,64130517.0,411,0.8831725616291533,0.015155240893363953
413,0.8147296607494354,14088.639756843,1765930648.2620006,0.6872178316116333,0.0001,64283106.0,412,0.8853161843515541,0.014911012724041939
414,0.8158641457557678,14122.474417946,1765930682.0965416,0.6797029376029968,0.0001,64430594.0,413,0.887459807073955,0.016922906041145325
415,0.8024426400661469,14157.853020516,1765930717.4751763,0.7339098453521729,0.0001,64603713.0,414,0.8896034297963559,0.012627843767404556
416,0.808753252029419,14194.42796363,1765930754.050267,0.7057818174362183,0.0001,64760293.0,415,0.8917470525187567,0.018081963062286377
417,0.8103604316711426,14224.590018042,1765930784.2123232,0.7014020681381226,0.0001,64923933.0,416,0.8938906752411575,0.012321372516453266
418,0.804723471403122,14262.515583777,1765930822.137739,0.7237889170646667,0.0001,65087097.0,417,0.8960342979635584,0.01671523228287697
419,0.8179252743721008,14297.198247117,1765930856.8203723,0.6785588264465332,0.0001,65242953.0,418,0.8981779206859593,0.012493027374148369
420,0.8092115819454193,14336.328216228,1765930895.950351,0.7025362253189087,0.0001,65403795.0,419,0.9003215434083601,0.017616543918848038
421,0.807357668876648,14373.374723781,1765930932.996962,0.7232301235198975,0.0001,65567087.0,420,0.902465166130761,0.013759646564722061
422,0.8160485029220581,14411.739660089,1765930971.3618066,0.6795082092285156,0.0001,65727717.0,421,0.9046087888531619,0.015538983978331089
423,0.8044945299625397,14446.930593391,1765931006.5528054,0.7215940356254578,0.0001,65883913.0,422,0.9067524115755627,0.016107071191072464
424,0.8278299570083618,14483.581652949,1765931043.2038047,0.6309257745742798,0.0001,66040928.0,423,0.9088960342979635,0.012629668228328228
425,0.8204498887062073,14507.489479519,1765931067.1117663,0.6487979888916016,0.0001,66182158.0,424,0.9110396570203644,0.015304118394851685
426,0.8092558085918427,14540.01645994,1765931099.638716,0.6971831321716309,0.0001,66333993.0,425,0.9131832797427653,0.01260751485824585
427,0.8025973439216614,14579.581759268,1765931139.2038531,0.7335619926452637,0.0001,66494673.0,426,0.9153269024651661,0.015128958970308304
428,0.8037351965904236,14618.100178666,1765931177.722438,0.7255168557167053,0.0001,66655725.0,427,0.917470525187567,0.013058124110102654
429,0.8101487457752228,14652.483762409,1765931212.1058702,0.6945410966873169,0.0001,66812443.0,428,0.9196141479099679,0.012704250402748585
430,0.8080356121063232,14688.939166549,1765931248.5612535,0.7101494669914246,0.0001,66967415.0,429,0.9217577706323687,0.012205920182168484
431,0.8036461770534515,14724.683753841,1765931284.305994,0.7230127453804016,0.0001,67121525.0,430,0.9239013933547695,0.012082674540579319
432,0.8099030256271362,14758.658223761,1765931318.2804716,0.7037209868431091,0.0001,67280398.0,431,0.9260450160771704,0.012762284837663174
433,0.8079839944839478,14794.517342107,1765931354.1391199,0.7051748037338257,0.0001,67430621.0,432,0.9281886387995713,0.012628782540559769
434,0.8187243342399597,14829.886864527,1765931389.5091038,0.667899489402771,0.0001,67586335.0,433,0.9303322615219721,0.014303863048553467
435,0.8139257431030273,14862.379629046,1765931422.0017686,0.687721848487854,0.0001,67746263.0,434,0.932475884244373,0.015258809551596642
436,0.8134782016277313,14892.261022795,1765931451.8831294,0.6915724277496338,0.0001,67898321.0,435,0.9346195069667739,0.013673942536115646
437,0.8170166015625,14926.202902951,1765931485.8250976,0.6762567758560181,0.0001,68043187.0,436,0.9367631296891747,0.013181689195334911
438,0.811306893825531,14949.716578383,1765931509.3388815,0.6939625144004822,0.0001,68188476.0,437,0.9389067524115756,0.015380432829260826
439,0.8120414316654205,14989.835506076,1765931549.457668,0.6833721399307251,0.0001,68339622.0,438,0.9410503751339764,0.013408124446868896
440,0.8166505396366119,15022.744134007,1765931582.366396,0.6723682284355164,0.0001,68495777.0,439,0.9431939978563773,0.013706096448004246
441,0.8045223653316498,15062.949641564,1765931622.5717123,0.7218429446220398,0.0001,68660269.0,440,0.9453376205787781,0.012400247156620026
442,0.8244884014129639,15090.126717261,1765931649.7489715,0.6478527784347534,0.0001,68808933.0,441,0.947481243301179,0.01413661427795887
443,0.8096952736377716,15126.506225435,1765931686.1283135,0.7043440937995911,0.0001,68971728.0,442,0.9496248660235799,0.012977936305105686
444,0.8082167208194733,15167.194462257,1765931726.8165429,0.709297776222229,0.0001,69132008.0,443,0.9517684887459807,0.012232011184096336
445,0.8124858736991882,15199.519285877,1765931759.1413882,0.6827569603919983,0.0001,69278688.0,444,0.9539121114683816,0.01320263184607029
446,0.8148298561573029,15238.667296994,1765931798.2894018,0.6750630140304565,0.0001,69432305.0,445,0.9560557341907824,0.013008716516196728
447,0.8064932227134705,15279.224033524,1765931838.8462117,0.7152376770973206,0.0001,69591761.0,446,0.9581993569131833,0.012176265940070152
448,0.8050523400306702,15308.165536021,1765931867.7878318,0.7157111763954163,0.0001,69743971.0,447,0.9603429796355841,0.012670880183577538
449,0.8072887361049652,15346.382431338,1765931906.00464,0.7101519703865051,0.0001,69898458.0,448,0.962486602357985,0.012252463027834892
450,0.8058793842792511,15386.656920774,1765931946.2791655,0.7189753651618958,0.0001,70067672.0,449,0.9646302250803859,0.012407972477376461
451,0.8188503682613373,15419.780410844,1765931979.4026418,0.6622297167778015,0.0001,70220457.0,450,0.9667738478027867,0.012668944895267487
452,0.8110617995262146,15452.140122091,1765932011.7623165,0.6939755082130432,0.0001,70371898.0,451,0.9689174705251876,0.012889117933809757
453,0.8005532920360565,15490.069748889,1765932049.691989,0.7337992191314697,0.0001,70531855.0,452,0.9710610932475884,0.013162589631974697
454,0.8276425004005432,15519.025414868,1765932078.6475658,0.6314893960952759,0.0001,70671343.0,453,0.9732047159699893,0.013705658726394176
455,0.8166651725769043,15547.704723031,1765932107.3268356,0.679966926574707,0.0001,70824566.0,454,0.9753483386923901,0.016356198117136955
456,0.8178015053272247,15582.265932411,1765932141.8880231,0.6742870807647705,0.0001,70978442.0,455,0.977491961414791,0.014813700690865517
457,0.8112359046936035,15613.572686202,1765932173.1948924,0.6963742971420288,0.0001,71138566.0,456,0.9796355841371919,0.012508988380432129
458,0.8177573978900909,15650.560867078,1765932210.1830635,0.6753613948822021,0.0001,71297085.0,457,0.9817792068595927,0.012781068682670593
459,0.8067851066589355,15686.501515486,1765932246.1238034,0.720649242401123,0.0001,71450804.0,458,0.9839228295819936,0.013104436919093132
460,0.8194206058979034,15715.949699656,1765932275.571928,0.6595550179481506,0.0001,71611452.0,459,0.9860664523043944,0.013222696259617805
461,0.8151841163635254,15743.628357104,1765932303.250525,0.6792511940002441,0.0001,71764514.0,460,0.9882100750267953,0.012622538954019547
462,0.806778222322464,15776.580392387,1765932336.2026794,0.717188835144043,0.0001,71924545.0,461,0.9903536977491961,0.013538189232349396
463,0.8001211285591125,15810.993671106,1765932370.6158345,0.7386782169342041,0.0001,72084518.0,462,0.992497320471597,0.012377768754959106
464,0.8157884180545807,15843.328985572,1765932402.9511282,0.6759790182113647,0.0001,72247869.0,463,0.9946409431939979,0.013080181553959846
465,0.8117544949054718,15879.509821997,1765932439.1319442,0.693771481513977,0.0001,72411161.0,464,0.9967845659163987,0.01282422337681055
466,0.8175869584083557,15912.619625683,1765932472.241788,0.6728350520133972,0.0001,72572058.0,465,0.9989281886387996,0.014486526139080524
467,0.8232311606407166,15927.736175083,1765932487.3584,0.6462831497192383,0.0001,72643344.0,466,1.0,0.014486526139080524
467,,15944.21856292,1765932503.8410225,,,,467,1.0,
