_step,train/mean_token_accuracy,train/num_tokens,_runtime,train/loss,train/grad_norm,train/learning_rate,train/epoch,_timestamp,train/global_step
0,0.6681089401245117,136605.0,64.485534116,1.6704316139221191,20.159042358398438,1e-06,0.0021436227224008574,1766055086.802981,1
1,0.6610145270824432,292128.0,118.383029353,1.6587088108062744,19.397842407226562,1e-06,0.004287245444801715,1766055140.7008667,2
2,0.6770822405815125,444535.0,165.82862601,1.5829458236694336,18.30332374572754,1e-06,0.006430868167202572,1766055188.1465068,3
3,0.6657583713531494,592263.0,211.084749927,1.6309456825256348,19.112287521362305,1e-06,0.00857449088960343,1766055233.402596,4
4,0.6756418943405151,737019.0,256.566137266,1.54579758644104,16.026018142700195,1e-06,0.010718113612004287,1766055278.8840292,5
5,0.6825827062129974,896813.0,306.211683632,1.4848690032958984,15.01602840423584,1e-06,0.012861736334405145,1766055328.529541,6
6,0.6782706677913666,1062679.0,360.321170606,1.4998390674591064,13.222033500671387,1e-06,0.015005359056806002,1766055382.639031,7
7,0.6717345714569092,1212566.0,409.429606166,1.5266900062561035,13.822806358337402,1e-06,0.01714898177920686,1766055431.7474918,8
8,0.7020322382450104,1373797.0,466.120863907,1.3275697231292725,10.580220222473145,1e-06,0.01929260450160772,1766055488.4387026,9
9,0.6935854852199554,1516877.0,517.555864896,1.3732233047485352,8.558300018310547,1e-06,0.021436227224008574,1766055539.873773,10
10,0.6947999596595764,1663977.0,565.564437053,1.3521398305892944,7.561047077178955,1e-06,0.023579849946409433,1766055587.882263,11
11,0.7080338001251221,1815907.0,613.147887473,1.2923860549926758,10.268400192260742,1e-06,0.02572347266881029,1766055635.465707,12
12,0.710453450679779,1971911.0,665.829178166,1.262485384941101,10.660584449768066,1e-06,0.027867095391211148,1766055688.1470463,13
13,0.7057414054870605,2135596.0,718.063686148,1.2733829021453857,8.70704460144043,1e-06,0.030010718113612004,1766055740.3815606,14
14,0.7063988745212555,2285621.0,766.722553781,1.2626492977142334,7.174034595489502,1e-06,0.03215434083601286,1766055789.0404243,15
15,0.7149083018302917,2441090.0,816.83144951,1.2348045110702515,6.35301399230957,1e-06,0.03429796355841372,1766055839.149272,16
16,0.7525094747543335,2591858.0,866.537714366,1.0631558895111084,13.266767501831055,1e-06,0.03644158628081458,1766055888.8555527,17
17,0.7540591359138489,2754012.0,918.056444846,1.0296413898468018,12.026801109313965,1e-06,0.03858520900321544,1766055940.3742976,18
18,0.7585528194904327,2916829.0,969.137541392,1.0028202533721924,12.54617977142334,1e-06,0.04072883172561629,1766055991.4553645,19
19,0.7597119808197021,3061305.0,1017.835912575,1.013826847076416,12.640501022338867,1e-06,0.04287245444801715,1766056040.1537817,20
20,0.7697015702724457,3219127.0,1065.525681605,0.9539709091186523,6.2421956062316895,1e-06,0.04501607717041801,1766056087.8435457,21
21,0.773625522851944,3380158.0,1119.925237049,0.9325356483459473,8.100728988647461,1e-06,0.04715969989281887,1766056142.2430058,22
22,0.7788594663143158,3539898.0,1167.436757663,0.9193620085716248,13.213028907775879,1e-06,0.04930332261521972,1766056189.75463,23
23,0.7818732857704163,3689574.0,1207.20512698,0.9007633924484253,17.6179141998291,1e-06,0.05144694533762058,1766056229.5229366,24
24,0.7752507328987122,3855970.0,1264.221210042,0.9217038154602051,6.550685882568359,1e-06,0.05359056806002144,1766056286.5391123,25
25,0.7877994477748871,4018658.0,1313.0172273,0.8698669075965881,4.0037841796875,1e-06,0.055734190782422297,1766056335.3350418,26
26,0.7719022631645203,4171160.0,1365.83162934,0.9293918609619141,4.265377044677734,1e-06,0.05787781350482315,1766056388.1495385,27
27,0.7949092090129852,4314298.0,1407.298612039,0.8307831883430481,5.560197353363037,1e-06,0.06002143622722401,1766056429.61647,28
28,0.790456235408783,4468546.0,1453.165854123,0.8434662818908691,3.8646926879882812,1e-06,0.06216505894962487,1766056475.4836419,29
29,0.7809662818908691,4635984.0,1507.279981665,0.8829551935195923,5.931850433349609,1e-06,0.06430868167202572,1766056529.5977938,30
30,0.7963468730449677,4790352.0,1550.40621278,0.8141944408416748,3.431070327758789,1e-06,0.06645230439442658,1766056572.7240665,31
31,0.7851243019104004,4956096.0,1601.221942396,0.8536688089370728,7.6028218269348145,1e-06,0.06859592711682744,1766056623.5398064,32
32,0.7982291579246521,5107640.0,1645.875959081,0.7940480709075928,12.351712226867676,1e-06,0.0707395498392283,1766056668.193794,33
33,0.7965058088302612,5265237.0,1695.94105677,0.7951939105987549,11.091841697692871,1e-06,0.07288317256162916,1766056718.2588997,34
34,0.8002870678901672,5419378.0,1744.686467478,0.7818751335144043,8.425312042236328,1e-06,0.07502679528403002,1766056767.0043561,35
35,0.7968758940696716,5576075.0,1790.495128135,0.7942562103271484,6.515422344207764,1e-06,0.07717041800643087,1766056812.812987,36
36,0.7986865639686584,5720029.0,1833.007709161,0.7882275581359863,5.231621265411377,1e-06,0.07931404072883172,1766056855.3254912,37
37,0.7960319817066193,5884915.0,1884.477117671,0.7957180738449097,15.022939682006836,1e-06,0.08145766345123258,1766056906.794889,38
38,0.7969741821289062,6032758.0,1934.981993814,0.7873183488845825,13.19251537322998,1e-06,0.08360128617363344,1766056957.299761,39
39,0.7953478693962097,6187550.0,1982.209779702,0.7941839694976807,6.877805709838867,1e-06,0.0857449088960343,1766057004.5276816,40
40,0.7898087203502655,6355408.0,2036.358904083,0.80771404504776,14.827452659606934,1e-06,0.08788853161843516,1766057058.6767766,41
41,0.7914102077484131,6519771.0,2085.8049144,0.8045606017112732,27.74934196472168,1e-06,0.09003215434083602,1766057108.122714,42
42,0.7994580864906311,6672296.0,2142.372047315,0.7688289880752563,27.86166763305664,1e-06,0.09217577706323687,1766057164.6898046,43
43,0.7874084711074829,6843136.0,2199.059067944,0.8195127248764038,26.121421813964844,1e-06,0.09431939978563773,1766057221.3769329,44
44,0.7916345298290253,6993296.0,2265.389100216,0.7965967655181885,2.563668727874756,1e-06,0.09646302250803858,1766057287.7069607,45
45,0.8044746220111847,7142356.0,2317.402099274,0.7514811158180237,5.715386390686035,1e-06,0.09860664523043944,1766057339.7200015,46
46,0.8040924966335297,7294167.0,2361.988735332,0.7508460879325867,5.324075698852539,1e-06,0.1007502679528403,1766057384.3065293,47
47,0.7814951241016388,7470762.0,2422.972092585,0.8431906700134277,1.9172487258911133,1e-06,0.10289389067524116,1766057445.289971,48
48,0.8007104694843292,7629052.0,2483.282948756,0.7573904395103455,7.360616683959961,1e-06,0.10503751339764202,1766057505.600833,49
49,0.8063634932041168,7779609.0,2524.601201119,0.7339718341827393,7.260048866271973,1e-06,0.10718113612004287,1766057546.9190474,50
50,0.800971269607544,7927458.0,2591.215520088,0.7578250169754028,3.9468538761138916,1e-06,0.10932475884244373,1766057613.533346,51
51,0.8052766621112823,8078023.0,2634.88591082,0.7391842603683472,2.1270909309387207,1e-06,0.11146838156484459,1766057657.2037807,52
52,0.8035334944725037,8230483.0,2681.470465635,0.7439207434654236,2.9726831912994385,1e-06,0.11361200428724544,1766057703.7882876,53
53,0.8115293383598328,8375984.0,2728.590903913,0.7189561128616333,2.815244674682617,1e-06,0.1157556270096463,1766057750.9086819,54
54,0.787635326385498,8547262.0,2781.310587263,0.8068677186965942,1.8834608793258667,1e-06,0.11789924973204716,1766057803.6283956,55
55,0.795726865530014,8704936.0,2831.696434508,0.7806193828582764,1.094668984413147,1e-06,0.12004287245444802,1766057854.0142276,56
56,0.8044042587280273,8867795.0,2882.675310019,0.742290735244751,1.5715528726577759,1e-06,0.12218649517684887,1766057904.993157,57
57,0.8019115924835205,9019339.0,2927.342711026,0.7483134269714355,1.3947588205337524,1e-06,0.12433011789924973,1766057949.6605752,58
58,0.8003861606121063,9189045.0,2979.549628453,0.7582727074623108,1.3888154029846191,1e-06,0.1264737406216506,1766058001.8674512,59
59,0.8036657869815826,9353955.0,3026.275205958,0.7415988445281982,1.0463464260101318,1e-06,0.12861736334405144,1766058048.5931056,60
60,0.8165704309940338,9504744.0,3079.674123471,0.6977196931838989,1.177336573600769,1e-06,0.1307609860664523,1766058101.991985,61
61,0.7920325696468353,9662901.0,3130.630332435,0.7843602895736694,1.0390385389328003,1e-06,0.13290460878885316,1766058152.9482067,62
62,0.8181922733783722,9809122.0,3175.509979674,0.6782447099685669,0.9727377891540527,1e-06,0.13504823151125403,1766058197.8278797,63
63,0.8079236447811127,9968473.0,3229.384395103,0.7278401255607605,1.1753888130187988,1e-06,0.13719185423365488,1766058251.702269,64
64,0.8002491593360901,10119334.0,3282.828946265,0.7540628910064697,0.880475640296936,1e-06,0.13933547695605572,1766058305.1468174,65
65,0.8110571503639221,10259437.0,3322.860140691,0.7069131135940552,0.8215298652648926,1e-06,0.1414790996784566,1766058345.178007,66
66,0.7994445860385895,10416011.0,3379.502141302,0.7614384889602661,1.0736180543899536,1e-06,0.14362272240085744,1766058401.819946,67
67,0.8020837903022766,10566185.0,3432.569568682,0.7468247413635254,0.9497151970863342,1e-06,0.1457663451232583,1766058454.8874428,68
68,0.8098939061164856,10715715.0,3477.779619286,0.7162423133850098,1.332383394241333,1e-06,0.14790996784565916,1766058500.0973961,69
69,0.8045541048049927,10880059.0,3531.336275807,0.7316579818725586,0.831835150718689,1e-06,0.15005359056806003,1766058553.6541178,70
70,0.8068422079086304,11036249.0,3574.295114112,0.7214135527610779,0.8059065341949463,1e-06,0.15219721329046088,1766058596.612915,71
71,0.8033456206321716,11186751.0,3622.495293683,0.7358124256134033,1.3225629329681396,1e-06,0.15434083601286175,1766058644.8130965,72
72,0.7970003485679626,11356082.0,3675.049778143,0.7599375247955322,0.8567555546760559,1e-06,0.1564844587352626,1766058697.36762,73
73,0.8031105101108551,11514483.0,3723.680841317,0.7417241334915161,1.0402324199676514,1e-06,0.15862808145766344,1766058745.998752,74
74,0.8050613403320312,11663606.0,3768.818653037,0.7248814105987549,1.0872796773910522,1e-06,0.1607717041800643,1766058791.136509,75
75,0.8036451935768127,11816781.0,3820.769926413,0.7329442501068115,0.746219277381897,1e-06,0.16291532690246516,1766058843.0877252,76
76,0.802218496799469,11978438.0,3867.124796361,0.7423049211502075,1.0688035488128662,1e-06,0.16505894962486603,1766058889.4426649,77
77,0.8087237775325775,12137976.0,3913.102373904,0.7119728326797485,0.6629546880722046,1e-06,0.16720257234726688,1766058935.4201534,78
78,0.8052066266536713,12295505.0,3961.409301512,0.7403619289398193,1.3960999250411987,1e-06,0.16934619506966775,1766058983.726999,79
79,0.7993868887424469,12452019.0,4010.872414572,0.7490842342376709,2.5640270709991455,1e-06,0.1714898177920686,1766059033.1902401,80
80,0.7972607910633087,12611435.0,4064.105450058,0.7591080665588379,2.5554850101470947,1e-06,0.17363344051446947,1766059086.4232793,81
81,0.8149005472660065,12770621.0,4117.375983419,0.6928701400756836,1.1745494604110718,1e-06,0.1757770632368703,1766059139.6938694,82
82,0.8068478107452393,12917873.0,4160.667435058,0.7228459119796753,1.5004180669784546,1e-06,0.17792068595927116,1766059182.9853048,83
83,0.8109921216964722,13056173.0,4201.90887884,0.7057939171791077,2.7202179431915283,1e-06,0.18006430868167203,1766059224.226691,84
84,0.7961617410182953,13211326.0,4248.928373036,0.7595905661582947,1.4580297470092773,1e-06,0.18220793140407288,1766059271.2462707,85
85,0.801980048418045,13369675.0,4294.299395965,0.7462471723556519,1.1374752521514893,1e-06,0.18435155412647375,1766059316.6172347,86
86,0.8100460469722748,13509971.0,4345.425459654,0.7008329629898071,1.9103548526763916,1e-06,0.1864951768488746,1766059367.7432973,87
87,0.8037927746772766,13673080.0,4397.291077138,0.7371315956115723,0.9919018745422363,1e-06,0.18863879957127547,1766059419.6089237,88
88,0.7919620275497437,13838935.0,4447.850107003,0.7741207480430603,1.0891963243484497,1e-06,0.1907824222936763,1766059470.1679418,89
89,0.7967012822628021,14002150.0,4504.493304739,0.7554653882980347,1.8681366443634033,1e-06,0.19292604501607716,1766059526.811038,90
90,0.8063985705375671,14156247.0,4555.263862808,0.7265579700469971,1.192150592803955,1e-06,0.19506966773847803,1766059577.5817244,91
91,0.8043814301490784,14323035.0,4605.156626139,0.7294321060180664,1.5132783651351929,1e-06,0.19721329046087888,1766059627.474501,92
92,0.7978125810623169,14490759.0,4659.281304051,0.7670633792877197,1.9042187929153442,1e-06,0.19935691318327975,1766059681.599154,93
93,0.8061400949954987,14642384.0,4705.911442508,0.7231638431549072,1.4375642538070679,1e-06,0.2015005359056806,1766059728.2293284,94
94,0.8071918785572052,14786158.0,4753.886130275,0.7133317589759827,1.5315017700195312,1e-06,0.20364415862808147,1766059776.2040575,95
95,0.809633195400238,14929253.0,4797.709260436,0.7018306255340576,2.0516605377197266,1e-06,0.2057877813504823,1766059820.027169,96
96,0.8171550035476685,15078062.0,4851.437584696,0.6675305962562561,1.230204463005066,1e-06,0.20793140407288319,1766059873.7554414,97
97,0.7992480099201202,15227850.0,4903.40225407,0.7459244728088379,1.543879508972168,1e-06,0.21007502679528403,1766059925.7200642,98
98,0.8058410584926605,15385692.0,4958.875658088,0.7208593487739563,2.041215181350708,1e-06,0.21221864951768488,1766059981.1935103,99
99,0.8156125247478485,15540223.0,5011.880309854,0.6911035180091858,1.190726637840271,1e-06,0.21436227224008575,1766060034.1981866,100
100,0.8158542215824127,15695591.0,5218.746754749,0.6840071678161621,1.385010004043579,1e-06,0.2165058949624866,1766060241.0645323,101
101,0.806171715259552,15855000.0,5267.774564185,0.7212232351303101,1.9697009325027466,1e-06,0.21864951768488747,1766060290.092388,102
102,0.8003264665603638,16010570.0,5314.665198519,0.740192174911499,1.2196241617202759,1e-06,0.2207931404072883,1766060336.9829726,103
103,0.8049761354923248,16175156.0,5364.896998222,0.720551609992981,1.534723162651062,1e-06,0.22293676312968919,1766060387.214819,104
104,0.8037330210208893,16345184.0,5420.350366528,0.7358952760696411,2.1603357791900635,1e-06,0.22508038585209003,1766060442.668106,105
105,0.8045610785484314,16496673.0,5471.080974523,0.7322076559066772,1.7413334846496582,1e-06,0.22722400857449088,1766060493.3988268,106
106,0.8037350177764893,16650964.0,5522.683475807,0.740462064743042,1.8427329063415527,1e-06,0.22936763129689175,1766060545.0012388,107
107,0.7997618615627289,16806131.0,5578.438984758,0.7478015422821045,2.1692793369293213,1e-06,0.2315112540192926,1766060600.7567422,108
108,0.8016790449619293,16971757.0,5628.949950736,0.7544873356819153,1.3844239711761475,1e-06,0.23365487674169347,1766060651.2676084,109
109,0.8095143735408783,17125261.0,5684.052736656,0.7092192769050598,1.6354446411132812,1e-06,0.2357984994640943,1766060706.3705437,110
110,0.8105149269104004,17285808.0,5734.955248027,0.70792156457901,2.1286613941192627,1e-06,0.2379421221864952,1766060757.2729998,111
111,0.8134143054485321,17436207.0,5791.713893449,0.6967320442199707,1.264155387878418,1e-06,0.24008574490889603,1766060814.031674,112
112,0.8026418089866638,17609651.0,5844.088669556,0.7304823398590088,1.262183427810669,1e-06,0.2422293676312969,1766060866.4064257,113
113,0.8065691292285919,17764531.0,5896.630733271,0.7232085466384888,2.0403332710266113,1e-06,0.24437299035369775,1766060918.9485466,114
114,0.8181164562702179,17923936.0,5948.129132181,0.679635763168335,1.1645482778549194,1e-06,0.2465166130760986,1766060970.4469504,115
115,0.8137704432010651,18080869.0,6002.304617874,0.694591760635376,1.2956397533416748,1e-06,0.24866023579849947,1766061024.6224155,116
116,0.8034418523311615,18244414.0,6051.530182057,0.7357007265090942,1.8644230365753174,1e-06,0.2508038585209003,1766061073.8479743,117
117,0.8014059960842133,18401734.0,6103.572674316,0.7412301301956177,1.2057234048843384,1e-06,0.2529474812433012,1766061125.8904724,118
118,0.811957597732544,18555213.0,6155.215246858,0.6957049369812012,1.5104427337646484,1e-06,0.25509110396570206,1766061177.5330572,119
119,0.7880667150020599,18729596.0,6212.672077504,0.7930281162261963,1.9241327047348022,1e-06,0.2572347266881029,1766061234.9898794,120
120,0.8097716867923737,18874599.0,6255.11736097,0.7013967633247375,1.2912184000015259,1e-06,0.25937834941050375,1766061277.4351046,121
121,0.8027911484241486,19043580.0,6307.139893918,0.7287758588790894,1.4888136386871338,1e-06,0.2615219721329046,1766061329.4576974,122
122,0.8083435595035553,19188254.0,6352.151221193,0.7148689031600952,2.366525888442993,1e-06,0.26366559485530544,1766061374.4689846,123
123,0.813342273235321,19336517.0,6398.984838797,0.687933087348938,1.3842380046844482,1e-06,0.2658092175777063,1766061421.3026276,124
124,0.8110529482364655,19494094.0,6447.379687754,0.7048099040985107,1.5867286920547485,1e-06,0.2679528403001072,1766061469.6975074,125
125,0.8075196146965027,19648425.0,6495.307820488,0.7178995609283447,2.1574251651763916,1e-06,0.27009646302250806,1766061517.625558,126
126,0.8058038353919983,19798344.0,6544.292460178,0.7208811044692993,1.3716715574264526,1e-06,0.2722400857449089,1766061566.6102998,127
127,0.8067795932292938,19955841.0,6590.27344276,0.7161000967025757,1.4939873218536377,1e-06,0.27438370846730975,1766061612.591222,128
128,0.8117847144603729,20107598.0,6637.277381846,0.7005316615104675,1.9238954782485962,1e-06,0.2765273311897106,1766061659.5952432,129
129,0.8121280670166016,20258362.0,6680.367757329,0.6996756196022034,1.3291091918945312,1e-06,0.27867095391211144,1766061702.6855276,130
130,0.7986915111541748,20412165.0,6732.832118054,0.745171308517456,1.4512953758239746,1e-06,0.2808145766345123,1766061755.149895,131
131,0.8173409700393677,20561798.0,6775.511789932,0.6783085465431213,1.9742392301559448,1e-06,0.2829581993569132,1766061797.8295977,132
132,0.8033736050128937,20720111.0,6824.705666961,0.7307828664779663,1.2206509113311768,1e-06,0.28510182207931406,1766061847.023356,133
133,0.8114936649799347,20876095.0,6873.383776932,0.6988221406936646,1.3881264925003052,1e-06,0.2872454448017149,1766061895.7014039,134
134,0.8069344758987427,21031975.0,6922.507016771,0.719835102558136,1.9432768821716309,1e-06,0.28938906752411575,1766061944.8247461,135
135,0.8146604895591736,21180614.0,6979.090052811,0.684597373008728,1.2503812313079834,1e-06,0.2915326902465166,1766062001.407867,136
136,0.7933860123157501,21349138.0,7034.463501139,0.7757452726364136,1.4093109369277954,1e-06,0.2936763129689175,1766062056.7813363,137
137,0.796328604221344,21511590.0,7086.423535892,0.7562034130096436,1.8146506547927856,1e-06,0.2958199356913183,1766062108.7411873,138
138,0.8064706027507782,21656819.0,7135.011408669,0.7181172370910645,0.9950498342514038,1e-06,0.2979635584137192,1766062157.3290782,139
139,0.800482302904129,21811238.0,7180.821684578,0.7386611104011536,1.3449163436889648,1e-06,0.30010718113612006,1766062203.1393697,140
140,0.7929626107215881,21980388.0,7228.624006224,0.7738341689109802,1.3887710571289062,1e-06,0.3022508038585209,1766062250.9417672,141
141,0.796195924282074,22142594.0,7284.090176104,0.7597309350967407,0.983677327632904,1e-06,0.30439442658092175,1766062306.4080083,142
142,0.7982472479343414,22299845.0,7333.937922247,0.7539446353912354,1.1211555004119873,1e-06,0.3065380493033226,1766062356.2557364,143
143,0.8097037672996521,22465527.0,7388.007902205,0.7171467542648315,1.771873116493225,1e-06,0.3086816720257235,1766062410.3257155,144
144,0.8138250410556793,22618289.0,7438.313115098,0.6908341646194458,1.0540186166763306,1e-06,0.3108252947481243,1766062460.6308136,145
145,0.8101922869682312,22770622.0,7487.620577995,0.7051340341567993,1.4161479473114014,1e-06,0.3129689174705252,1766062509.9383094,146
146,0.8169401288032532,22922597.0,7535.555800681,0.6766740083694458,2.0553953647613525,1e-06,0.31511254019292606,1766062557.8734689,147
147,0.8095494508743286,23075685.0,7585.576742948,0.7101083993911743,1.1299885511398315,1e-06,0.3172561629153269,1766062607.8943975,148
148,0.8088063597679138,23239973.0,7632.159383449,0.7117564678192139,1.4418115615844727,1e-06,0.31939978563772775,1766062654.4771392,149
149,0.7992255985736847,23407446.0,7689.475394482,0.7517650723457336,1.8916360139846802,1e-06,0.3215434083601286,1766062711.7932105,150
150,0.8184309601783752,23555395.0,7740.413324633,0.6754802465438843,1.3807517290115356,1e-06,0.3236870310825295,1766062762.7311637,151
151,0.8089725077152252,23712167.0,7787.809344403,0.7203421592712402,1.5489389896392822,1e-06,0.3258306538049303,1766062810.127156,152
152,0.8023141026496887,23869562.0,7838.520795911,0.7326846122741699,0.6802791953086853,1e-06,0.3279742765273312,1766062860.8385978,153
153,0.8027651309967041,24027568.0,7888.94182098,0.7291303873062134,2.7790017127990723,1e-06,0.33011789924973206,1766062911.2596765,154
154,0.8025138974189758,24183451.0,7938.770222281,0.7399423122406006,0.6136062145233154,1e-06,0.3322615219721329,1766062961.0879257,155
155,0.8087503612041473,24342400.0,7990.170685337,0.7114917039871216,1.7881996631622314,1e-06,0.33440514469453375,1766063012.4885356,156
156,0.7995600402355194,24500736.0,8046.865804158,0.7508026361465454,0.6079427003860474,1e-06,0.3365487674169346,1766063069.1836228,157
157,0.811163455247879,24652820.0,8099.572920367,0.700566828250885,1.827170729637146,1e-06,0.3386923901393355,1766063121.8905735,158
158,0.8057835698127747,24810632.0,8146.367987739,0.7165467739105225,1.5661667585372925,1e-06,0.3408360128617363,1766063168.685661,159
159,0.8083389103412628,24968589.0,8203.152839726,0.7068860530853271,0.7249770760536194,1e-06,0.3429796355841372,1766063225.4706614,160
160,0.8014569878578186,25125017.0,8255.719957108,0.737066924571991,1.554175615310669,1e-06,0.34512325830653806,1766063278.0377364,161
161,0.8160417675971985,25277188.0,8307.273527289,0.6808621883392334,2.027855396270752,1e-06,0.34726688102893893,1766063329.5913591,162
162,0.8195070624351501,25430057.0,8356.533422308,0.670539379119873,1.1040879487991333,1e-06,0.34941050375133975,1766063378.851292,163
163,0.8186518847942352,25583830.0,8410.307037974,0.6769231557846069,1.5992215871810913,1e-06,0.3515541264737406,1766063432.6246562,164
164,0.804627388715744,25742285.0,8463.239843791,0.7253550291061401,1.9071507453918457,1e-06,0.3536977491961415,1766063485.5576143,165
165,0.8082655966281891,25907065.0,8520.518146524,0.7095889449119568,1.1567714214324951,1e-06,0.3558413719185423,1766063542.8359594,166
166,0.8134081959724426,26051750.0,8562.968298615,0.6911934614181519,1.2554861307144165,1e-06,0.3579849946409432,1766063585.286134,167
167,0.8065048456192017,26204362.0,8611.876573701,0.7179875373840332,1.5720371007919312,1e-06,0.36012861736334406,1766063634.1944056,168
168,0.8002880811691284,26364857.0,8665.48832952,0.7437436580657959,0.7972943186759949,1e-06,0.36227224008574493,1766063687.8060746,169
169,0.8095950484275818,26513585.0,8707.265453047,0.7047157287597656,1.2580921649932861,1e-06,0.36441586280814575,1766063729.5831835,170
170,0.8016427159309387,26680409.0,8759.325063942,0.7440457940101624,2.615992546081543,1e-06,0.3665594855305466,1766063781.6429427,171
171,0.8193759024143219,26817383.0,8805.687599761,0.6717411279678345,0.6004190444946289,1e-06,0.3687031082529475,1766063828.0052996,172
172,0.8081343770027161,26962206.0,8854.088648911,0.7172634601593018,1.1384913921356201,1e-06,0.3708467309753483,1766063876.40633,173
173,0.8116900026798248,27123276.0,8910.764360518,0.6965740919113159,0.775224506855011,1e-06,0.3729903536977492,1766063933.0821683,174
174,0.8020823299884796,27290681.0,8964.678386904,0.733293890953064,1.0460807085037231,1e-06,0.37513397642015006,1766063986.996029,175
175,0.8037488758563995,27449673.0,9013.439964822,0.7331219911575317,2.468071460723877,1e-06,0.37727759914255093,1766064035.7577496,176
176,0.8096083998680115,27601441.0,9060.93252714,0.7058265209197998,0.9457833766937256,1e-06,0.37942122186495175,1766064083.2503223,177
177,0.8089377880096436,27748300.0,9109.356993842,0.716744065284729,1.2335855960845947,1e-06,0.3815648445873526,1766064131.6747756,178
178,0.8183650374412537,27900973.0,9163.778758956,0.6746097803115845,1.876750111579895,1e-06,0.3837084673097535,1766064186.0966055,179
179,0.8075026571750641,28057386.0,9217.95865548,0.7154066562652588,1.3939719200134277,1e-06,0.3858520900321543,1766064240.2762992,180
180,0.8055504262447357,28218433.0,9270.386226317,0.7244601845741272,2.128775119781494,1e-06,0.3879957127545552,1766064292.7040648,181
181,0.8075572550296783,28378531.0,9327.382581064,0.7152743339538574,2.2101798057556152,1e-06,0.39013933547695606,1766064349.7004218,182
182,0.8240982890129089,28517567.0,9368.478529338,0.6496192216873169,1.5901960134506226,1e-06,0.39228295819935693,1766064390.7963762,183
183,0.8153831660747528,28678245.0,9413.298007048,0.6826200485229492,2.594165086746216,1e-06,0.39442658092175775,1766064435.61584,184
184,0.8060314059257507,28847748.0,9466.25001737,0.7287173271179199,1.9885188341140747,1e-06,0.3965702036441586,1766064488.5676959,185
185,0.8079203069210052,29003477.0,9511.78708198,0.7171368598937988,1.55484938621521,1e-06,0.3987138263665595,1766064534.104738,186
186,0.8075500726699829,29163981.0,9568.539423903,0.7119463682174683,0.7055824398994446,1e-06,0.4008574490889603,1766064590.8571262,187
187,0.8112297356128693,29313769.0,9616.436716093,0.6979702711105347,1.6677066087722778,1e-06,0.4030010718113612,1766064638.7544625,188
188,0.8105636835098267,29474111.0,9665.11903142,0.6957156658172607,1.3846758604049683,1e-06,0.40514469453376206,1766064687.4369073,189
189,0.8016160130500793,29641339.0,9714.888354648,0.7468841671943665,0.796282172203064,1e-06,0.40728831725616294,1766064737.205985,190
190,0.8174315690994263,29795124.0,9764.276871929,0.6808924674987793,1.0889650583267212,1e-06,0.40943193997856375,1766064786.5945063,191
191,0.8061057329177856,29956920.0,9813.645185774,0.7222194671630859,0.9605047106742859,1e-06,0.4115755627009646,1766064835.9630005,192
192,0.8003881275653839,30113790.0,9864.949705125,0.7302197217941284,1.5846880674362183,1e-06,0.4137191854233655,1766064887.267472,193
193,0.8105988204479218,30267060.0,9921.042855289,0.6992653608322144,1.6997766494750977,1e-06,0.41586280814576637,1766064943.3605742,194
194,0.8070339858531952,30420733.0,9965.651091233,0.7182873487472534,0.5763591527938843,1e-06,0.4180064308681672,1766064987.9686832,195
195,0.8060490190982819,30582338.0,10018.995730122,0.7179720997810364,0.9063935875892639,1e-06,0.42015005359056806,1766065041.3134232,196
196,0.8184318244457245,30735043.0,10061.675506816,0.6815023422241211,0.6036577820777893,1e-06,0.42229367631296894,1766065083.9931772,197
197,0.8103161454200745,30885025.0,10107.196382946,0.7063663005828857,0.9977167844772339,1e-06,0.42443729903536975,1766065129.5140207,198
198,0.8092736005783081,31036663.0,10152.325058781,0.7069650888442993,0.6452916264533997,1e-06,0.4265809217577706,1766065174.6429148,199
199,0.8197038173675537,31184340.0,10196.459753911,0.6689016819000244,0.9255015850067139,1e-06,0.4287245444801715,1766065218.7773473,200
200,0.8060921430587769,31345142.0,10337.519669618,0.7149814367294312,0.720602810382843,1e-06,0.43086816720257237,1766065359.8372045,201
201,0.802697092294693,31495847.0,10384.039878878,0.7322322726249695,0.5394198298454285,1e-06,0.4330117899249732,1766065406.3577187,202
202,0.8104969263076782,31654749.0,10436.988088169,0.7027042508125305,1.3157826662063599,1e-06,0.43515541264737406,1766065459.305756,203
203,0.8074546456336975,31808152.0,10478.594421346,0.7147102952003479,0.9664914011955261,1e-06,0.43729903536977494,1766065500.9121869,204
204,0.8043227195739746,31977458.0,10529.506819909,0.7304402589797974,0.8445249795913696,1e-06,0.43944265809217575,1766065551.8246708,205
205,0.8109796941280365,32129990.0,10573.765163511,0.6995742321014404,1.2951213121414185,1e-06,0.4415862808145766,1766065596.082795,206
206,0.7986113727092743,32295318.0,10629.296482041,0.7538079023361206,0.6009756326675415,1e-06,0.4437299035369775,1766065651.6144016,207
207,0.8027756810188293,32458576.0,10680.81742311,0.7355269193649292,1.0205495357513428,1e-06,0.44587352625937837,1766065703.1352813,208
208,0.807563066482544,32617496.0,10731.088645807,0.7120983600616455,0.9648793339729309,1e-06,0.4480171489817792,1766065753.4064877,209
209,0.8100822865962982,32779172.0,10787.757875118,0.706963062286377,0.9520857334136963,1e-06,0.45016077170418006,1766065810.0756052,210
210,0.8125265836715698,32931223.0,10839.681994459,0.6908755898475647,0.6623344421386719,1e-06,0.45230439442658094,1766065861.9997804,211
211,0.8091764450073242,33081708.0,10891.15472145,0.7021471261978149,0.667555570602417,1e-06,0.45444801714898175,1766065913.4725301,212
212,0.8086592853069305,33234519.0,10938.326377761,0.7118661403656006,0.5350435376167297,1e-06,0.4565916398713826,1766065960.644212,213
213,0.8117765784263611,33380554.0,10985.015205425,0.6952916383743286,0.8353716731071472,1e-06,0.4587352625937835,1766066007.3331046,214
214,0.8014046251773834,33541078.0,11042.062791051,0.7362669706344604,0.612540602684021,1e-06,0.4608788853161844,1766066064.3805642,215
215,0.8084059953689575,33702070.0,11094.904648501,0.7105628252029419,0.7255368232727051,1e-06,0.4630225080385852,1766066117.222471,216
216,0.8202872276306152,33851344.0,11142.776613888,0.6666214466094971,0.685583770275116,1e-06,0.46516613076098606,1766066165.0943842,217
217,0.8105337023735046,34005428.0,11194.598520814,0.704967200756073,1.1481252908706665,1e-06,0.46730975348338694,1766066216.916319,218
218,0.8085438311100006,34142448.0,11239.517629733,0.7069758176803589,1.0754307508468628,1e-06,0.4694533762057878,1766066261.8354077,219
219,0.8190048933029175,34293582.0,11286.550571217,0.6690321564674377,0.916982114315033,1e-06,0.4715969989281886,1766066308.8684678,220
220,0.8032364547252655,34448802.0,11337.574530294,0.7376312017440796,1.0117608308792114,1e-06,0.4737406216505895,1766066359.8923886,221
221,0.8094708621501923,34608650.0,11387.690327302,0.6990821361541748,0.508405327796936,1e-06,0.4758842443729904,1766066410.0081642,222
222,0.8144432902336121,34765848.0,11440.037263173,0.6860113143920898,1.226669430732727,1e-06,0.4780278670953912,1766066462.3549635,223
223,0.816228836774826,34923587.0,11490.695458692,0.6848459839820862,0.5509389042854309,1e-06,0.48017148981779206,1766066513.0132604,224
224,0.8218195736408234,35061736.0,11529.141160629,0.6562553644180298,1.0038120746612549,1e-06,0.48231511254019294,1766066551.4590433,225
225,0.8051428496837616,35224947.0,11575.398622507,0.7191565632820129,0.5054078698158264,1e-06,0.4844587352625938,1766066597.7163944,226
226,0.7950622141361237,35383552.0,11627.189258745,0.7606841325759888,0.7938489317893982,1e-06,0.4866023579849946,1766066649.5070357,227
227,0.8101542294025421,35537848.0,11684.49239711,0.7060985565185547,0.6693994998931885,1e-06,0.4887459807073955,1766066706.8101907,228
228,0.8114994168281555,35694801.0,11728.730987762,0.6979559659957886,1.7403953075408936,1e-06,0.4908896034297964,1766066751.0487351,229
229,0.8110377192497253,35847389.0,11779.670714524,0.7024718523025513,1.4672658443450928,1e-06,0.4930332261521972,1766066801.98839,230
230,0.8100267946720123,36001061.0,11829.906843462,0.7085042595863342,1.5338951349258423,1e-06,0.49517684887459806,1766066852.224683,231
231,0.8094599545001984,36153435.0,11879.99616772,0.713223934173584,0.709621250629425,1e-06,0.49732047159699894,1766066902.313918,232
232,0.8130674660205841,36308551.0,11927.43638546,0.6968830823898315,1.7661292552947998,1e-06,0.4994640943193998,1766066949.7541642,233
233,0.8133341073989868,36451452.0,11974.476566003,0.6950658559799194,2.2624900341033936,1e-06,0.5016077170418006,1766066996.7944295,234
234,0.8190026879310608,36596648.0,12017.707294624,0.6670695543289185,0.9661913514137268,1e-06,0.5037513397642015,1766067040.025022,235
235,0.8067396283149719,36751665.0,12072.542475891,0.7088044881820679,1.765305519104004,1e-06,0.5058949624866024,1766067094.8600848,236
236,0.8097900152206421,36908485.0,12129.911379717,0.711851179599762,0.623548150062561,1e-06,0.5080385852090032,1766067152.2291276,237
237,0.8228477835655212,37064151.0,12176.273468663,0.6641408205032349,2.2954227924346924,1e-06,0.5101822079314041,1766067198.5913467,238
238,0.8088847994804382,37217517.0,12223.183712795,0.7089794874191284,1.149377703666687,1e-06,0.5123258306538049,1766067245.501511,239
239,0.8211743235588074,37367961.0,12266.075786838,0.6601175665855408,2.057318687438965,1e-06,0.5144694533762058,1766067288.3935344,240
240,0.8110981285572052,37526897.0,12319.554001335,0.6973179578781128,2.6063835620880127,1e-06,0.5166130760986066,1766067341.8718128,241
241,0.7997131943702698,37685668.0,12366.41783844,0.7448576092720032,2.2483949661254883,1e-06,0.5187566988210075,1766067388.7356086,242
242,0.8120110034942627,37839489.0,12416.319529247,0.6967737674713135,0.5521736741065979,1e-06,0.5209003215434084,1766067438.6371906,243
243,0.804274171590805,37997238.0,12464.306404014,0.725153923034668,1.7324665784835815,1e-06,0.5230439442658092,1766067486.6241765,244
244,0.7946142256259918,38168011.0,12521.758678372,0.765907883644104,1.3007134199142456,1e-06,0.5251875669882101,1766067544.0764668,245
245,0.807733029127121,38326230.0,12568.94910286,0.716704249382019,0.6139754056930542,1e-06,0.5273311897106109,1766067591.2668285,246
246,0.8216379582881927,38478252.0,12617.902045095,0.6656917929649353,1.0250091552734375,1e-06,0.5294748124330118,1766067640.219627,247
247,0.8144333362579346,38625546.0,12660.669206021,0.6852120161056519,1.5431007146835327,1e-06,0.5316184351554126,1766067682.9869516,248
248,0.8117623925209045,38771391.0,12714.130137272,0.691819429397583,0.7346709966659546,1e-06,0.5337620578778135,1766067736.447989,249
249,0.806992769241333,38929652.0,12765.867939937,0.7115515470504761,0.8676027655601501,1e-06,0.5359056806002144,1766067788.1857502,250
250,0.8048425316810608,39078825.0,12811.98057727,0.7141344547271729,0.5385100841522217,1e-06,0.5380493033226152,1766067834.2983518,251
251,0.804010659456253,39250764.0,12864.235953905,0.727737307548523,1.0925908088684082,1e-06,0.5401929260450161,1766067886.5536077,252
252,0.8156558275222778,39401652.0,12916.049904501,0.6824390888214111,1.521709680557251,1e-06,0.5423365487674169,1766067938.367742,253
253,0.8119959235191345,39556368.0,12965.545880693,0.6996268033981323,2.2121899127960205,1e-06,0.5444801714898178,1766067987.863661,254
254,0.8153532147407532,39716091.0,13011.868056016,0.681755006313324,2.0887296199798584,1e-06,0.5466237942122186,1766068034.1858041,255
255,0.810505211353302,39864668.0,13056.763333177,0.703951358795166,0.5532938838005066,1e-06,0.5487674169346195,1766068079.081111,256
256,0.799433022737503,40026842.0,13105.395938687,0.7386873364448547,1.1919785737991333,1e-06,0.5509110396570204,1766068127.7135494,257
257,0.8106396794319153,40185219.0,13156.748046598,0.7004185914993286,1.2377879619598389,1e-06,0.5530546623794212,1766068179.065762,258
258,0.8050152659416199,40338073.0,13204.14864279,0.7201459407806396,2.229719877243042,1e-06,0.5551982851018221,1766068226.4662657,259
259,0.8020717203617096,40501465.0,13256.594757858,0.7341870069503784,0.9634193778038025,1e-06,0.5573419078242229,1766068278.9123917,260
260,0.8080637156963348,40657227.0,13310.002820307,0.7072978019714355,1.4641187191009521,1e-06,0.5594855305466238,1766068332.3206637,261
261,0.8156809210777283,40807442.0,13361.141073376,0.6830922365188599,2.0619356632232666,1e-06,0.5616291532690246,1766068383.458866,262
262,0.8064095675945282,40956359.0,13410.479159969,0.7158691883087158,2.576266288757324,1e-06,0.5637727759914255,1766068432.7969573,263
263,0.8078425526618958,41113297.0,13462.154306723,0.7096768021583557,2.975501298904419,1e-06,0.5659163987138264,1766068484.4721622,264
264,0.8072102069854736,41267327.0,13518.645476497,0.7082980871200562,1.2347310781478882,1e-06,0.5680600214362272,1766068540.963124,265
265,0.8172290921211243,41416137.0,13559.584439162,0.6783668994903564,0.6274570822715759,1e-06,0.5702036441586281,1766068581.902245,266
266,0.812889575958252,41572626.0,13608.20571132,0.6967251896858215,2.1374311447143555,1e-06,0.572347266881029,1766068630.523337,267
267,0.8165414035320282,41724870.0,13655.438205855,0.6804333329200745,2.8299717903137207,1e-06,0.5744908896034298,1766068677.7559862,268
268,0.8173770606517792,41882397.0,13708.781275523,0.6757276058197021,3.234513521194458,1e-06,0.5766345123258306,1766068731.0988903,269
269,0.8032030463218689,42044695.0,13757.129174697,0.7192591428756714,2.011643171310425,1e-06,0.5787781350482315,1766068779.4467928,270
270,0.8036916255950928,42195750.0,13805.768584837,0.7286204099655151,0.6695845127105713,1e-06,0.5809217577706324,1766068828.0864718,271
271,0.8070478737354279,42347658.0,13855.55652862,0.7213945388793945,2.289315700531006,1e-06,0.5830653804930332,1766068877.874328,272
272,0.802533358335495,42499617.0,13904.425963772,0.7252428531646729,2.4700095653533936,1e-06,0.5852090032154341,1766068926.7437687,273
273,0.8171106576919556,42648060.0,13952.927132531,0.6766541004180908,1.7094871997833252,1e-06,0.587352625937835,1766068975.2448816,274
274,0.8123494386672974,42799438.0,14001.047771907,0.6924992799758911,0.9170125126838684,1e-06,0.5894962486602358,1766069023.3655708,275
275,0.8136847019195557,42945465.0,14054.260265895,0.6897309422492981,1.6833616495132446,1e-06,0.5916398713826366,1766069076.5780857,276
276,0.8162765800952911,43089377.0,14101.350309835,0.6753329038619995,0.9273005127906799,1e-06,0.5937834941050375,1766069123.6681755,277
277,0.8017960488796234,43253006.0,14158.748627133,0.7396491765975952,0.6144631505012512,1e-06,0.5959271168274384,1766069181.066433,278
278,0.8104170560836792,43420433.0,14213.205233905,0.6998928189277649,1.4272356033325195,1e-06,0.5980707395498392,1766069235.5229406,279
279,0.8119779229164124,43577695.0,14260.313792206,0.6989118456840515,1.2682965993881226,1e-06,0.6002143622722401,1766069282.631495,280
280,0.8119049370288849,43738482.0,14317.148363464,0.6923777461051941,0.9308779835700989,1e-06,0.602357984994641,1766069339.4661732,281
281,0.8099552989006042,43895774.0,14372.758268061,0.7017092704772949,0.7228022813796997,1e-06,0.6045016077170418,1766069395.0761187,282
282,0.8110353350639343,44045728.0,14417.764388493,0.7016494274139404,0.6589911580085754,1e-06,0.6066452304394426,1766069440.0822208,283
283,0.8066668212413788,44207082.0,14470.89889426,0.702947735786438,0.66415935754776,1e-06,0.6087888531618435,1766069493.216635,284
284,0.8058572709560394,44360492.0,14523.248785513,0.7206202745437622,0.9257727861404419,1e-06,0.6109324758842444,1766069545.566537,285
285,0.8209612369537354,44507249.0,14573.515262093,0.6591249704360962,1.902580976486206,1e-06,0.6130760986066452,1766069595.8330424,286
286,0.8150746822357178,44657380.0,14625.267158302,0.6957908868789673,1.706048846244812,1e-06,0.6152197213290461,1766069647.5850017,287
287,0.8124540746212006,44809690.0,14670.673328907,0.6941004991531372,0.5198282599449158,1e-06,0.617363344051447,1766069692.9911678,288
288,0.818137913942337,44958006.0,14713.80897522,0.6689527034759521,1.3170289993286133,1e-06,0.6195069667738478,1766069736.1267204,289
289,0.8076146245002747,45127484.0,14763.044441364,0.7173194885253906,1.1754790544509888,1e-06,0.6216505894962486,1766069785.362127,290
290,0.8010704517364502,45288670.0,14815.779611511,0.7442939281463623,0.5542267560958862,1e-06,0.6237942122186495,1766069838.097469,291
291,0.8157241940498352,45435435.0,14857.622290478,0.6794191598892212,0.8363887071609497,1e-06,0.6259378349410504,1766069879.940062,292
292,0.8125713467597961,45582758.0,14906.641739008,0.6939573287963867,1.20868980884552,1e-06,0.6280814576634512,1766069928.959425,293
293,0.8178882002830505,45724786.0,14953.679220803,0.6714276075363159,0.6400665640830994,1e-06,0.6302250803858521,1766069975.996847,294
294,0.8149661719799042,45875653.0,14999.457313358,0.6851241588592529,1.19997239112854,1e-06,0.632368703108253,1766070021.7751606,295
295,0.814728170633316,46026612.0,15046.499679547,0.6829050779342651,2.5888967514038086,1e-06,0.6345123258306538,1766070068.8173807,296
296,0.814553439617157,46173537.0,15092.043709331,0.6864559650421143,0.5148897171020508,1e-06,0.6366559485530546,1766070114.361404,297
297,0.8058473467826843,46337020.0,15142.560453579,0.7217023372650146,1.3398823738098145,1e-06,0.6387995712754555,1766070164.8782804,298
298,0.8118935525417328,46484878.0,15189.699660743,0.7048214673995972,1.2669862508773804,1e-06,0.6409431939978564,1766070212.0175338,299
299,0.808601588010788,46638837.0,15238.393940138,0.7000744342803955,0.4990173578262329,1e-06,0.6430868167202572,1766070260.7117512,300
300,0.8125703930854797,46792654.0,15381.820776935,0.6956030130386353,3.0258336067199707,1e-06,0.6452304394426581,1766070404.1386392,301
301,0.804640382528305,46956735.0,15428.908853486,0.7168926000595093,1.1998251676559448,1e-06,0.647374062165059,1766070451.2267046,302
302,0.802647054195404,47119017.0,15486.581773061,0.7376135587692261,0.5877151489257812,1e-06,0.6495176848874598,1766070508.8996055,303
303,0.8113438189029694,47277064.0,15541.791152287,0.696237325668335,0.941064715385437,1e-06,0.6516613076098606,1766070564.1090271,304
304,0.808285653591156,47425177.0,15598.530365856,0.7009106874465942,0.9934806227684021,1e-06,0.6538049303322615,1766070620.8481596,305
305,0.819167822599411,47567815.0,15640.916227189,0.6679033041000366,0.6561789512634277,1e-06,0.6559485530546624,1766070663.234066,306
306,0.8196035623550415,47711542.0,15687.799096172,0.6539976596832275,1.2553349733352661,1e-06,0.6580921757770632,1766070710.11695,307
307,0.8119769394397736,47867963.0,15736.700674098,0.7051358819007874,0.8448512554168701,1e-06,0.6602357984994641,1766070759.018433,308
308,0.8128759562969208,48027087.0,15788.918175513,0.6876027584075928,0.9329922199249268,1e-06,0.662379421221865,1766070811.236011,309
309,0.8027233779430389,48181216.0,15837.400655015,0.7282105684280396,1.0538277626037598,1e-06,0.6645230439442658,1766070859.718475,310
310,0.8006445467472076,48346653.0,15889.906524965,0.7475531101226807,1.5022857189178467,1e-06,0.6666666666666666,1766070912.2241588,311
311,0.8017135262489319,48515202.0,15939.175882695,0.7406094670295715,0.5732336044311523,1e-06,0.6688102893890675,1766070961.4937193,312
312,0.80710369348526,48681596.0,15988.995252621,0.7210649251937866,1.3310184478759766,1e-06,0.6709539121114684,1766071011.3129792,313
313,0.8231558501720428,48830511.0,16040.161883993,0.6501860022544861,1.5314958095550537,1e-06,0.6730975348338692,1766071062.4797404,314
314,0.8068004250526428,48979750.0,16094.848829986,0.719701886177063,1.2695986032485962,1e-06,0.6752411575562701,1766071117.16658,315
315,0.8140256106853485,49140486.0,16149.872241323,0.6952017545700073,0.4917304217815399,1e-06,0.677384780278671,1766071172.1899047,316
316,0.8133894503116608,49297672.0,16207.03925633,0.6927659511566162,1.1602336168289185,1e-06,0.6795284030010718,1766071229.356897,317
317,0.8138244152069092,49448662.0,16253.256242636,0.6931057572364807,1.005477786064148,1e-06,0.6816720257234726,1766071275.574051,318
318,0.8135043084621429,49615721.0,16303.456670362,0.6926902532577515,0.7117730379104614,1e-06,0.6838156484458735,1766071325.774401,319
319,0.8174391388893127,49770136.0,16352.06510624,0.6713091135025024,1.2179869413375854,1e-06,0.6859592711682744,1766071374.3829396,320
320,0.8092241287231445,49932945.0,16402.384518305,0.7110539674758911,1.010810136795044,1e-06,0.6881028938906752,1766071424.7023418,321
321,0.817694902420044,50079045.0,16451.70632008,0.6705371141433716,1.327368140220642,1e-06,0.6902465166130761,1766071474.024165,322
322,0.8063122630119324,50243726.0,16505.29474786,0.7145463228225708,1.2551854848861694,1e-06,0.692390139335477,1766071527.6125433,323
323,0.8137755393981934,50404071.0,16562.755021419,0.6960805654525757,0.5492372512817383,1e-06,0.6945337620578779,1766071585.0727003,324
324,0.8061140775680542,50557944.0,16615.536958385,0.7181332111358643,1.154056429862976,1e-06,0.6966773847802786,1766071637.8547888,325
325,0.8091415464878082,50723566.0,16667.293008186,0.7104456424713135,0.8988186717033386,1e-06,0.6988210075026795,1766071689.6108253,326
326,0.8264833092689514,50868735.0,16715.165818735,0.6369460821151733,0.6051754951477051,1e-06,0.7009646302250804,1766071737.4836032,327
327,0.8071793019771576,51027679.0,16763.657360519,0.7135031819343567,0.9878533482551575,1e-06,0.7031082529474812,1766071785.9751875,328
328,0.8022789061069489,51188474.0,16820.575293985,0.7333567142486572,2.0364115238189697,1e-06,0.7052518756698821,1766071842.8931015,329
329,0.8172174692153931,51334182.0,16868.967384964,0.6694738864898682,1.729998230934143,1e-06,0.707395498392283,1766071891.2850811,330
330,0.8100848495960236,51499899.0,16921.640409431,0.706515908241272,1.8756141662597656,1e-06,0.7095391211146839,1766071943.9582322,331
331,0.8164751529693604,51645111.0,16968.75609394,0.6781409978866577,1.3624719381332397,1e-06,0.7116827438370846,1766071991.0739117,332
332,0.8180122375488281,51795720.0,17015.54428419,0.6681061387062073,0.918860673904419,1e-06,0.7138263665594855,1766072037.8620973,333
333,0.8247522115707397,51934189.0,17062.386076282,0.6387754082679749,2.014615297317505,1e-06,0.7159699892818864,1766072084.7038476,334
334,0.8050085008144379,52086111.0,17116.8936305,0.722008228302002,1.0980570316314697,1e-06,0.7181136120042872,1766072139.2114465,335
335,0.8111799359321594,52241632.0,17160.194551277,0.69875168800354,0.6575959920883179,1e-06,0.7202572347266881,1766072182.5123594,336
336,0.8091595470905304,52403245.0,17216.353392722,0.7027987241744995,1.2448680400848389,1e-06,0.722400857449089,1766072238.6710446,337
337,0.8067211508750916,52567275.0,17265.910616542,0.7215954661369324,0.9102835655212402,1e-06,0.7245444801714899,1766072288.22829,338
338,0.8076790273189545,52733506.0,17316.952400349,0.7113959193229675,0.5242262482643127,1e-06,0.7266881028938906,1766072339.2701766,339
339,0.8114108145236969,52884795.0,17368.996654239,0.7023400068283081,1.3513364791870117,1e-06,0.7288317256162915,1766072391.3143027,340
340,0.809235543012619,53039775.0,17417.004929894,0.7006356716156006,1.0857867002487183,1e-06,0.7309753483386924,1766072439.3227272,341
341,0.8039369583129883,53204226.0,17470.653384037,0.7221883535385132,0.639728844165802,1e-06,0.7331189710610932,1766072492.9712074,342
342,0.8145415186882019,53357002.0,17515.710743256,0.6853266954421997,1.4094610214233398,1e-06,0.7352625937834941,1766072538.0284586,343
343,0.8094574213027954,53512592.0,17562.318089473,0.7014318704605103,0.8840252757072449,1e-06,0.737406216505895,1766072584.6358974,344
344,0.8007366061210632,53675222.0,17617.314862016,0.7447325587272644,0.9497380256652832,1e-06,0.7395498392282959,1766072639.6325932,345
345,0.7943346202373505,53837794.0,17674.934445859,0.7570617198944092,1.8978618383407593,1e-06,0.7416934619506966,1766072697.2521007,346
346,0.8103422820568085,53990810.0,17727.520781626,0.7053676843643188,0.526811957359314,1e-06,0.7438370846730975,1766072749.8384738,347
347,0.8156529366970062,54142452.0,17782.607977985,0.6829628348350525,1.0522739887237549,1e-06,0.7459807073954984,1766072804.9257681,348
348,0.8160616159439087,54294279.0,17836.235682148,0.68047034740448,0.803536057472229,1e-06,0.7481243301178992,1766072858.5535254,349
349,0.8208447098731995,54445597.0,17880.143612401,0.6721334457397461,0.7463393807411194,1e-06,0.7502679528403001,1766072902.4614606,350
350,0.8101495504379272,54603343.0,17933.592061558,0.7081811428070068,0.8802473545074463,1e-06,0.752411575562701,1766072955.9098873,351
351,0.8207486867904663,54759468.0,17983.903124091,0.6621204614639282,1.1983071565628052,1e-06,0.7545551982851019,1766073006.2207794,352
352,0.8140489459037781,54913059.0,18035.825514915,0.6822527647018433,0.7825390100479126,1e-06,0.7566988210075026,1766073058.1433215,353
353,0.8123867511749268,55070490.0,18089.988305647,0.6945925951004028,1.0005345344543457,1e-06,0.7588424437299035,1766073112.3062034,354
354,0.8064249753952026,55234816.0,18142.443004092,0.718421995639801,0.9808570742607117,1e-06,0.7609860664523044,1766073164.7606099,355
355,0.8089371621608734,55387388.0,18185.092828016,0.7043726444244385,1.0657612085342407,1e-06,0.7631296891747053,1766073207.4105341,356
356,0.8185392320156097,55538411.0,18236.724248423,0.6762476563453674,2.696901559829712,1e-06,0.7652733118971061,1766073259.0420618,357
357,0.8134494721889496,55688433.0,18290.060056207,0.6876577138900757,2.85862135887146,1e-06,0.767416934619507,1766073312.3777633,358
358,0.8118276596069336,55839265.0,18333.758442004,0.6944047212600708,2.7278099060058594,1e-06,0.7695605573419079,1766073356.0763228,359
359,0.8229450881481171,55990505.0,18385.42432926,0.6558283567428589,1.3191207647323608,1e-06,0.7717041800643086,1766073407.7422101,360
360,0.8062792718410492,56160090.0,18441.265238012,0.7219984531402588,1.2436288595199585,1e-06,0.7738478027867095,1766073463.5829382,361
361,0.8128005862236023,56315482.0,18487.240294547,0.6924667358398438,2.281130313873291,1e-06,0.7759914255091104,1766073509.5581973,362
362,0.8042130768299103,56478778.0,18541.797977406,0.7224986553192139,2.0752527713775635,1e-06,0.7781350482315113,1766073564.1156335,363
363,0.805599719285965,56640621.0,18595.747911145,0.7102168798446655,1.284477710723877,1e-06,0.7802786709539121,1766073618.0657053,364
364,0.8070233762264252,56808271.0,18651.380155158,0.7113524675369263,0.8977808952331543,1e-06,0.782422293676313,1766073673.697809,365
365,0.810589462518692,56962569.0,18703.799462546,0.7010126113891602,1.9403858184814453,1e-06,0.7845659163987139,1766073726.1172874,366
366,0.809591680765152,57113382.0,18750.776694708,0.7002346515655518,1.921028971672058,1e-06,0.7867095391211146,1766073773.0945392,367
367,0.8038488030433655,57283115.0,18808.828440843,0.7231981158256531,0.8158939480781555,1e-06,0.7888531618435155,1766073831.1462138,368
368,0.8162288963794708,57431980.0,18860.708876948,0.6755282878875732,1.5286083221435547,1e-06,0.7909967845659164,1766073883.0266175,369
369,0.8092744052410126,57593151.0,18917.472172208,0.7068989276885986,1.7556018829345703,1e-06,0.7931404072883173,1766073939.789959,370
370,0.8092974126338959,57769554.0,18975.141130445,0.7079814672470093,1.2995554208755493,1e-06,0.7952840300107181,1766073997.4588811,371
371,0.8136086463928223,57930187.0,19032.252701539,0.6966980695724487,0.5547674298286438,1e-06,0.797427652733119,1766074054.5703669,372
372,0.8144062459468842,58089895.0,19088.90013082,0.6859826445579529,1.3805245161056519,1e-06,0.7995712754555199,1766074111.217769,373
373,0.8189145922660828,58237921.0,19131.886958701,0.6708903312683105,1.47871732711792,1e-06,0.8017148981779206,1766074154.2047913,374
374,0.8158396184444427,58386574.0,19181.9303785,0.6793501377105713,0.6146394610404968,1e-06,0.8038585209003215,1766074204.2482212,375
375,0.8187174499034882,58531794.0,19228.719901838,0.6726852655410767,1.4496346712112427,1e-06,0.8060021436227224,1766074251.0375931,376
376,0.8149373233318329,58679304.0,19274.78330383,0.683620035648346,1.5281020402908325,1e-06,0.8081457663451233,1766074297.1012325,377
377,0.8075445890426636,58827963.0,19324.366134253,0.714751660823822,0.7254564166069031,1e-06,0.8102893890675241,1766074346.6839726,378
378,0.8209900259971619,58968065.0,19370.121479482,0.6715128421783447,1.1310521364212036,1e-06,0.812433011789925,1766074392.4393177,379
379,0.81416916847229,59119596.0,19419.461601163,0.6934638619422913,1.305699348449707,1e-06,0.8145766345123259,1766074441.7792554,380
380,0.8139854371547699,59282269.0,19470.245576265,0.6837315559387207,0.651228666305542,1e-06,0.8167202572347267,1766074492.5634272,381
381,0.8146868646144867,59449069.0,19527.833919774,0.6903021931648254,0.9232263565063477,1e-06,0.8188638799571275,1766074550.1517625,382
382,0.8125201463699341,59602942.0,19573.632317207,0.6947400569915771,1.0581437349319458,1e-06,0.8210075026795284,1766074595.9501212,383
383,0.8095430433750153,59763486.0,19621.249303401,0.7056772112846375,0.54062819480896,1e-06,0.8231511254019293,1766074643.5671701,384
384,0.8167669475078583,59914007.0,19674.059937029,0.6749072074890137,0.7955008745193481,1e-06,0.8252947481243301,1766074696.3777623,385
385,0.8220430910587311,60056933.0,19717.209986058,0.6485158801078796,0.6955602765083313,1e-06,0.827438370846731,1766074739.527862,386
386,0.811723381280899,60219888.0,19769.932850102,0.6968365907669067,0.5645002722740173,1e-06,0.8295819935691319,1766074792.2506127,387
387,0.8142065703868866,60373832.0,19826.571187241,0.6865707039833069,0.6922401785850525,1e-06,0.8317256162915327,1766074848.8888195,388
388,0.818320095539093,60526958.0,19869.914173666,0.6791551113128662,0.5379002094268799,1e-06,0.8338692390139335,1766074892.2320566,389
389,0.8171301186084747,60680957.0,19913.259613948,0.6785932779312134,0.5513389110565186,1e-06,0.8360128617363344,1766074935.5774326,390
390,0.8090954422950745,60844353.0,19969.653547395,0.7025573253631592,0.5524890422821045,1e-06,0.8381564844587353,1766074991.9712677,391
391,0.8222951292991638,60988093.0,20011.150746894,0.6575363874435425,0.7160472273826599,1e-06,0.8403001071811361,1766075033.468475,392
392,0.8136928677558899,61139257.0,20058.544718675,0.6865434050559998,0.6808829307556152,1e-06,0.842443729903537,1766075080.8623388,393
393,0.8083503544330597,61294373.0,20109.414084218,0.711327314376831,0.6696929335594177,1e-06,0.8445873526259379,1766075131.731912,394
394,0.8000416457653046,61460962.0,20162.617301706,0.738395094871521,0.6099052429199219,1e-06,0.8467309753483387,1766075184.9350584,395
395,0.8256154358386993,61610443.0,20217.478749698,0.6401199102401733,0.8623862266540527,1e-06,0.8488745980707395,1766075239.7964036,396
396,0.8171141445636749,61767622.0,20266.574402445,0.6823716759681702,0.5500279068946838,1e-06,0.8510182207931404,1766075288.8923175,397
397,0.8116980791091919,61927294.0,20310.711654656,0.7002058029174805,0.7138442397117615,1e-06,0.8531618435155413,1766075333.0294974,398
398,0.813172847032547,62087657.0,20360.008272614,0.6957471370697021,0.5252564549446106,1e-06,0.8553054662379421,1766075382.326105,399
399,0.8077186346054077,62242685.0,20411.156032059,0.7159640192985535,0.5131690502166748,1e-06,0.857449088960343,1766075433.4737422,400
400,0.8192946314811707,62393085.0,20542.819245711,0.6643154621124268,0.6264545917510986,1e-06,0.8595927116827439,1766075565.137027,401
401,0.8216330409049988,62538285.0,20586.042703541,0.6588254570960999,0.5304751396179199,1e-06,0.8617363344051447,1766075608.3603723,402
402,0.8083265721797943,62701391.0,20640.04332307,0.7166097164154053,0.5653049349784851,1e-06,0.8638799571275455,1766075662.3609834,403
403,0.8085702955722809,62848535.0,20696.495460688,0.7074751853942871,0.5620703101158142,1e-06,0.8660235798499464,1766075718.8131385,404
404,0.8139216005802155,63001586.0,20748.169692825,0.6813297271728516,0.5090163946151733,1e-06,0.8681672025723473,1766075770.487503,405
405,0.8108205795288086,63162806.0,20797.824767657,0.7029018998146057,0.5038295388221741,1e-06,0.8703108252947481,1766075820.1425676,406
406,0.8095097839832306,63324619.0,20843.749463889,0.6997218132019043,0.5760253667831421,1e-06,0.872454448017149,1766075866.0671706,407
407,0.8072913587093353,63484446.0,20893.031326473,0.7107263207435608,0.4965122640132904,1e-06,0.8745980707395499,1766075915.3491569,408
408,0.8005982935428619,63657343.0,20950.538014129,0.7323130965232849,0.5649904012680054,1e-06,0.8767416934619507,1766075972.8559215,409
409,0.7996240556240082,63815011.0,21004.767153497,0.7485440373420715,0.6048934459686279,1e-06,0.8788853161843515,1766076027.0848932,410
410,0.8171771168708801,63974464.0,21059.271840196,0.6740514039993286,0.5820397734642029,1e-06,0.8810289389067524,1766076081.5896428,411
411,0.8159882128238678,64130517.0,21113.063297159,0.6904584169387817,0.6397456526756287,1e-06,0.8831725616291533,1766076135.3811579,412
412,0.8142966628074646,64283106.0,21159.734273981,0.6876558065414429,0.5736216306686401,1e-06,0.8853161843515541,1766076182.052042,413
413,0.8152954280376434,64430594.0,21208.447296157,0.6800452470779419,0.556404173374176,1e-06,0.887459807073955,1766076230.7649858,414
414,0.8019196689128876,64603713.0,21259.857994004,0.7337011098861694,0.48695677518844604,1e-06,0.8896034297963559,1766076282.1757689,415
415,0.8100108504295349,64760293.0,21313.494277653,0.7040208578109741,0.719582736492157,1e-06,0.8917470525187567,1766076335.812058,416
416,0.8109577596187592,64923933.0,21359.663599055,0.7016372084617615,0.8262062668800354,1e-06,0.8938906752411575,1766076381.9814036,417
417,0.8046958148479462,65087097.0,21413.768286591,0.7255189418792725,0.8898426294326782,1e-06,0.8960342979635584,1766076436.086108,418
418,0.8177117109298706,65242953.0,21464.737091771,0.6789553165435791,0.5207748413085938,1e-06,0.8981779206859593,1766076487.054902,419
419,0.8101522028446198,65403795.0,21520.596493192,0.70213782787323,1.1577197313308716,1e-06,0.9003215434083601,1766076542.9143515,420
420,0.8073183298110962,65567087.0,21574.661626904,0.7226352095603943,0.8438431620597839,1e-06,0.902465166130761,1766076596.9792984,421
421,0.8157559037208557,65727717.0,21629.703105717,0.6803162097930908,0.9000145792961121,1e-06,0.9046087888531619,1766076652.0208123,422
422,0.8038757145404816,65883913.0,21681.768006438,0.7232176661491394,0.9366118907928467,1e-06,0.9067524115755627,1766076704.0858247,423
423,0.8277588486671448,66040928.0,21735.601232191,0.6303534507751465,0.6610218286514282,1e-06,0.9088960342979635,1766076757.919051,424
424,0.8200745284557343,66182158.0,21774.903682057,0.649725079536438,0.5569067597389221,1e-06,0.9110396570203644,1766076797.2215323,425
425,0.8089531064033508,66333993.0,21823.67449815,0.6976462602615356,0.528656542301178,1e-06,0.9131832797427653,1766076845.9922097,426
426,0.8030714392662048,66494673.0,21878.89528569,0.7328649163246155,0.5684948563575745,1e-06,0.9153269024651661,1766076901.213043,427
427,0.803909033536911,66655725.0,21933.464130808,0.7259749174118042,0.5223315358161926,1e-06,0.917470525187567,1766076955.7819393,428
428,0.8105067014694214,66812443.0,21983.810162306,0.6945270299911499,0.5311676263809204,1e-06,0.9196141479099679,1766077006.1277943,429
429,0.8080949187278748,66967415.0,22036.589303069,0.7112380266189575,0.5235657691955566,1e-06,0.9217577706323687,1766077058.907166,430
430,0.8038886487483978,67121525.0,22088.547022139,0.7236834168434143,0.5727859735488892,1e-06,0.9239013933547695,1766077110.864871,431
431,0.8096922934055328,67280398.0,22139.596983719,0.7040262222290039,0.5485820770263672,1e-06,0.9260450160771704,1766077161.9148126,432
432,0.8081452250480652,67430621.0,22192.274735853,0.7049832344055176,0.5654907822608948,1e-06,0.9281886387995713,1766077214.5923312,433
433,0.8187938928604126,67586335.0,22244.123011324,0.6676458120346069,0.5426278114318848,1e-06,0.9303322615219721,1766077266.4406664,434
434,0.8135221302509308,67746263.0,22292.891896536,0.6875859498977661,0.5235273241996765,1e-06,0.932475884244373,1766077315.2095745,435
435,0.8128623068332672,67898321.0,22338.433012149,0.6920452117919922,0.5316725373268127,1e-06,0.9346195069667739,1766077360.7508273,436
436,0.8167349100112915,68043187.0,22389.014730788,0.6768451929092407,0.5049808621406555,1e-06,0.9367631296891747,1766077411.3325648,437
437,0.8110775649547577,68188476.0,22428.164015871,0.6950435638427734,0.6666131615638733,1e-06,0.9389067524115756,1766077450.481791,438
438,0.8121339380741119,68339622.0,22484.818298293,0.6840630769729614,0.4975341260433197,1e-06,0.9410503751339764,1766077507.1359215,439
439,0.8173298835754395,68495777.0,22534.524363912,0.6715002655982971,0.5445997714996338,1e-06,0.9431939978563773,1766077556.842055,440
440,0.8047744631767273,68660269.0,22590.932597144,0.7228578329086304,0.5472095012664795,1e-06,0.9453376205787781,1766077613.2503967,441
441,0.8245114386081696,68808933.0,22633.924327249,0.6480988264083862,0.5233683586120605,1e-06,0.947481243301179,1766077656.242037,442
442,0.8102460503578186,68971728.0,22686.445373861,0.7046499252319336,0.8227198719978333,1e-06,0.9496248660235799,1766077708.7629988,443
443,0.8079348802566528,69132008.0,22744.088224274,0.7095961570739746,0.5184146761894226,1e-06,0.9517684887459807,1766077766.4059815,444
444,0.8124975562095642,69278688.0,22792.899297342,0.6836060285568237,0.8196468949317932,1e-06,0.9539121114683816,1766077815.217141,445
445,0.8153393566608429,69432305.0,22848.590974397,0.6746221780776978,0.5688515305519104,1e-06,0.9560557341907824,1766077870.9087598,446
446,0.8067940175533295,69591761.0,22905.731382604,0.7150641083717346,0.5847824215888977,1e-06,0.9581993569131833,1766077928.0492172,447
447,0.8054899871349335,69743971.0,22950.868699808,0.7156845331192017,0.6466872096061707,1e-06,0.9603429796355841,1766077973.1865375,448
448,0.8083864450454712,69898458.0,23006.055959199,0.7094965577125549,0.5434792041778564,1e-06,0.962486602357985,1766078028.3736238,449
449,0.8055574893951416,70067672.0,23063.363903931,0.7192659974098206,0.7466903328895569,1e-06,0.9646302250803859,1766078085.6815774,450
450,0.8184961676597595,70220457.0,23113.062922358,0.6616126298904419,0.5156113505363464,1e-06,0.9667738478027867,1766078135.3807175,451
451,0.8109326362609863,70371898.0,23162.453009271,0.6939428448677063,0.5347974896430969,1e-06,0.9689174705251876,1766078184.7707143,452
452,0.8012414276599884,70531855.0,23216.433098705,0.7331767082214355,0.5697111487388611,1e-06,0.9710610932475884,1766078238.7509813,453
453,0.8283887505531311,70671343.0,23261.310835221,0.6314206719398499,0.5450755953788757,1e-06,0.9732047159699893,1766078283.6285434,454
454,0.8167876601219177,70824566.0,23306.250091774,0.6790615320205688,0.5238801836967468,1e-06,0.9753483386923901,1766078328.5679379,455
455,0.8178460597991943,70978442.0,23356.795305712,0.6737117171287537,0.5024886131286621,1e-06,0.977491961414791,1766078379.1132245,456
456,0.8114800751209259,71138566.0,23403.962582349,0.6960830688476562,0.5847363471984863,1e-06,0.9796355841371919,1766078426.28019,457
457,0.8174757361412048,71297085.0,23455.941060859,0.67584228515625,0.5152161717414856,1e-06,0.9817792068595927,1766078478.2588606,458
458,0.8075530529022217,71450804.0,23507.89282541,0.7193534970283508,0.6541963815689087,1e-06,0.9839228295819936,1766078530.2106662,459
459,0.8196922242641449,71611452.0,23553.739390493,0.6592525243759155,0.5244646668434143,1e-06,0.9860664523043944,1766078576.0570502,460
460,0.8154757916927338,71764514.0,23597.366380304,0.6798548102378845,0.6103395819664001,1e-06,0.9882100750267953,1766078619.6841073,461
461,0.8070345222949982,71924545.0,23646.246559515,0.7173428535461426,0.5452389717102051,1e-06,0.9903536977491961,1766078668.5642915,462
462,0.7996184229850769,72084518.0,23697.039523429,0.7391244769096375,0.5429773926734924,1e-06,0.992497320471597,1766078719.35722,463
463,0.8163768649101257,72247869.0,23745.770587659,0.6748574376106262,0.5333066582679749,1e-06,0.9946409431939979,1766078768.0884125,464
464,0.8115391433238983,72411161.0,23798.1993023,0.692947506904602,0.5490429997444153,1e-06,0.9967845659163987,1766078820.5169926,465
465,0.8185665011405945,72572058.0,23847.237342709,0.6725713014602661,0.5545912384986877,1e-06,0.9989281886387996,1766078869.5549917,466
466,0.8227818012237549,72643344.0,23864.322355318,0.6480538845062256,0.5545912384986877,1e-06,1.0,1766078886.6400647,467
467,,,23956.624409246,,,,1.0,1766078978.9424973,467
